case_id,phase,tier,category,workload,workload_sha256,J,context_hash,campaign_id,method,N,U,weight_policy,scenario_seed,confirmation_seeds,candidate_bank_seed,starts,iterations,logical_search_budget,attempted,completed,status,evidence_qualified_bid,bank_id,v3_logical_seconds,bank_physically_reused,snapshot_count,region_count,physical_active_method_seconds,state_phase,stop_reason,batches,logical_search_calls,completed_search_calls,logical_confirmation_calls,physical_simulator_executions,cache_hits,first_feasible_batch,queries_launched_through_first_feasible_batch,logical_seconds_through_first_feasible_batch,selected_candidate,winner_source,winner_v3_origin,actual_objective,actual_p90,actual_pj,final_assessment,final_qos_evidence,final_residuals,confirmation_status,confirmation_passes,confirmation_expected,confirmation_executed,logical_simulator_seconds,physical_batch_wall_seconds,logical_total_seconds
c000,0,ENGINEERING_SMOKE,ORIGINAL_W1,W1-train-qos3333,f166c1b1719f4321fcfc33c063e2716599f61dc3c1ab7f6a2bfaf394e4384f1d,4,58b3327184b3fefccad71d0424e8b984a6d4de233c9a03ac3e4f204e80b9c9fe,controlled_development_v2,v3_only,1000,0.6,fixed,466917983,"[3741866483, 2030875217]",300000.0,4,4,1,True,True,DONE,True,90b1399a478d6d360967a2f20cf5e3df68f6edaf9d8345895962fc0fae700203,4.421257899997727,False,12.0,4.0,34.12413440000091,DONE,V3_SELECTED_BEFORE_VALIDATION,1.0,1.0,1.0,2.0,3.0,0.0,1.0,1.0,16.092140400000062,"{""candidate_id"": ""v3-0004-0002"", ""Pbar"": 0.4947136640548706, ""R"": 0.1224811002612114, ""weights"": [0.29296737909317017, 0.24820610880851746, 0.20063067972660065, 0.2581958472728729], ""source"": ""V3 endpoint"", ""start_id"": 2, ""iteration"": 4, ""region_id"": null, ""prediction"": {""mean_tracking"": 0.0035342343617230654, ""p90"": 0.009082597680389881, ""pj"": [0.05130080133676529, 9.980584067537102e-12, 1.3688458144756055e-09, 6.263684981443974e-18], ""objective"": 86.1206283569336}, ""provenance"": {}}",v3_endpoint,V3 endpoint,85.18098085467791,0.009,"[0.0, 0.0, 0.0, 0.0]","{""tracking_pass"": true, ""qos_numerical_pass"": true, ""max_pj"": 0.0, ""worst_violation"": 0.0, ""total_violation"": 0.0, ""per_job_evidence_counts"": [1465, 304, 276, 350], ""ordered_job_sections"": [""Resnet.train.4"", ""GPT2.train.4"", ""Llama.train.4"", ""Bloom.train.4""], ""execution_status"": ""PARSED"", ""execution_valid"": true, ""numerical_feasible"": true, ""evidence_status"": ""SUFFICIENT"", ""evidence_sufficient"": true, ""evidence_qualified_feasible"": true, ""min_qos_observations_per_type"": 1, ""statistical_reliability_established"": false}","[{""job"": {""index"": 0, ""section"": ""Resnet.train.4"", ""descriptors"": [199.0, 755.0, 337.0, 1321.0, 3.0, 1.0]}, ""pj"": 0.0, ""observation_count"": 1465, ""finished_count"": 1227, ""unfinished_count"": 238, ""exceedance_count"": 0, ""estimator_numerator"": 0, ""estimator_denominator"": 1464, ""estimator"": ""flexdc_rank_cdf_v1"", ""horizon_seconds"": 3600, ""threshold_sojourn_seconds"": 1348.0, ""threshold_exceeds_horizon"": false}, {""job"": {""index"": 1, ""section"": ""GPT2.train.4"", ""descriptors"": [201.0, 763.0, 1185.0, 4592.0, 3.0, 1.0]}, ""pj"": 0.0, ""observation_count"": 304, ""finished_count"": 114, ""unfinished_count"": 190, ""exceedance_count"": 0, ""estimator_numerator"": 0, ""estimator_denominator"": 303, ""estimator"": ""flexdc_rank_cdf_v1"", ""horizon_seconds"": 3600, ""threshold_sojourn_seconds"": 4740.0, ""threshold_exceeds_horizon"": true}, {""job"": {""index"": 2, ""section"": ""Llama.train.4"", ""descriptors"": [200.0, 742.0, 1242.0, 4921.0, 3.0, 1.0]}, ""pj"": 0.0, ""observation_count"": 276, ""finished_count"": 58, ""unfinished_count"": 218, ""exceedance_count"": 0, ""estimator_numerator"": 0, ""estimator_denominator"": 275, ""estimator"": ""flexdc_rank_cdf_v1"", ""horizon_seconds"": 3600, ""threshold_sojourn_seconds"": 4968.0, ""threshold_exceeds_horizon"": true}, {""job"": {""index"": 3, ""section"": ""Bloom.train.4"", ""descriptors"": [202.0, 726.0, 1104.0, 4202.0, 3.0, 1.0]}, ""pj"": 0.0, ""observation_count"": 350, ""finished_count"": 168, ""unfinished_count"": 182, ""exceedance_count"": 0, ""estimator_numerator"": 0, ""estimator_denominator"": 349, ""estimator"": ""flexdc_rank_cdf_v1"", ""horizon_seconds"": 3600, ""threshold_sojourn_seconds"": 4416.0, ""threshold_exceeds_horizon"": true}]","{""mean_tracking"": 0.000836043416054635, ""p90"": -8.259768038988181e-05, ""pj"": [-0.05130080133676529, -9.980584067537102e-12, -1.3688458144756055e-09, -6.263684981443974e-18], ""max_pj"": -0.05130080133676529, ""objective"": -0.9396475022556814}",CONFIRMATION_ALL_PASS,2.0,2.0,2.0,33.660636099997646,34.06354300000021,38.08189399999537
c000,0,ENGINEERING_SMOKE,ORIGINAL_W1,W1-train-qos3333,f166c1b1719f4321fcfc33c063e2716599f61dc3c1ab7f6a2bfaf394e4384f1d,4,58b3327184b3fefccad71d0424e8b984a6d4de233c9a03ac3e4f204e80b9c9fe,controlled_development_v2,v3_fixed_probing,1000,0.6,fixed,466917983,"[3741866483, 2030875217]",300000.0,4,4,4,True,True,DONE,True,90b1399a478d6d360967a2f20cf5e3df68f6edaf9d8345895962fc0fae700203,4.421257899997727,True,12.0,4.0,24.288602399999945,DONE,HARD_MAX_SEARCH_CALLS,2.0,4.0,4.0,2.0,3.0,3.0,1.0,2.0,16.092140400000062,"{""candidate_id"": ""v3-0004-0002"", ""Pbar"": 0.4947136640548706, ""R"": 0.1224811002612114, ""weights"": [0.29296737909317017, 0.24820610880851746, 0.20063067972660065, 0.2581958472728729], ""source"": ""V3 endpoint"", ""start_id"": 2, ""iteration"": 4, ""region_id"": ""region-01"", ""prediction"": {""mean_tracking"": 0.0035342343617230654, ""p90"": 0.009082597680389881, ""pj"": [0.05130080133676529, 9.980584067537102e-12, 1.3688458144756055e-09, 6.263684981443974e-18], ""objective"": 86.1206283569336}, ""provenance"": {}}",initial_v3_region_representative,V3 endpoint,85.18098085467791,0.009,"[0.0, 0.0, 0.0, 0.0]","{""tracking_pass"": true, ""qos_numerical_pass"": true, ""max_pj"": 0.0, ""worst_violation"": 0.0, ""total_violation"": 0.0, ""per_job_evidence_counts"": [1465, 304, 276, 350], ""ordered_job_sections"": [""Resnet.train.4"", ""GPT2.train.4"", ""Llama.train.4"", ""Bloom.train.4""], ""execution_status"": ""PARSED"", ""execution_valid"": true, ""numerical_feasible"": true, ""evidence_status"": ""SUFFICIENT"", ""evidence_sufficient"": true, ""evidence_qualified_feasible"": true, ""min_qos_observations_per_type"": 1, ""statistical_reliability_established"": false}","[{""job"": {""index"": 0, ""section"": ""Resnet.train.4"", ""descriptors"": [199.0, 755.0, 337.0, 1321.0, 3.0, 1.0]}, ""pj"": 0.0, ""observation_count"": 1465, ""finished_count"": 1227, ""unfinished_count"": 238, ""exceedance_count"": 0, ""estimator_numerator"": 0, ""estimator_denominator"": 1464, ""estimator"": ""flexdc_rank_cdf_v1"", ""horizon_seconds"": 3600, ""threshold_sojourn_seconds"": 1348.0, ""threshold_exceeds_horizon"": false}, {""job"": {""index"": 1, ""section"": ""GPT2.train.4"", ""descriptors"": [201.0, 763.0, 1185.0, 4592.0, 3.0, 1.0]}, ""pj"": 0.0, ""observation_count"": 304, ""finished_count"": 114, ""unfinished_count"": 190, ""exceedance_count"": 0, ""estimator_numerator"": 0, ""estimator_denominator"": 303, ""estimator"": ""flexdc_rank_cdf_v1"", ""horizon_seconds"": 3600, ""threshold_sojourn_seconds"": 4740.0, ""threshold_exceeds_horizon"": true}, {""job"": {""index"": 2, ""section"": ""Llama.train.4"", ""descriptors"": [200.0, 742.0, 1242.0, 4921.0, 3.0, 1.0]}, ""pj"": 0.0, ""observation_count"": 276, ""finished_count"": 58, ""unfinished_count"": 218, ""exceedance_count"": 0, ""estimator_numerator"": 0, ""estimator_denominator"": 275, ""estimator"": ""flexdc_rank_cdf_v1"", ""horizon_seconds"": 3600, ""threshold_sojourn_seconds"": 4968.0, ""threshold_exceeds_horizon"": true}, {""job"": {""index"": 3, ""section"": ""Bloom.train.4"", ""descriptors"": [202.0, 726.0, 1104.0, 4202.0, 3.0, 1.0]}, ""pj"": 0.0, ""observation_count"": 350, ""finished_count"": 168, ""unfinished_count"": 182, ""exceedance_count"": 0, ""estimator_numerator"": 0, ""estimator_denominator"": 349, ""estimator"": ""flexdc_rank_cdf_v1"", ""horizon_seconds"": 3600, ""threshold_sojourn_seconds"": 4416.0, ""threshold_exceeds_horizon"": true}]","{""mean_tracking"": 0.000836043416054635, ""p90"": -8.259768038988181e-05, ""pj"": [-0.05130080133676529, -9.980584067537102e-12, -1.3688458144756055e-09, -6.263684981443974e-18], ""max_pj"": -0.05130080133676529, ""objective"": -0.9396475022556814}",CONFIRMATION_ALL_PASS,2.0,2.0,2.0,46.843777999998565,24.20743120000043,51.26503589999629
c000,0,ENGINEERING_SMOKE,ORIGINAL_W1,W1-train-qos3333,f166c1b1719f4321fcfc33c063e2716599f61dc3c1ab7f6a2bfaf394e4384f1d,4,58b3327184b3fefccad71d0424e8b984a6d4de233c9a03ac3e4f204e80b9c9fe,controlled_development_v2,simulator_only_adaptive,1000,0.6,fixed,466917983,"[3741866483, 2030875217]",,0,0,4,True,True,DONE,True,,0.0,False,0.0,0.0,41.66914429999815,DONE,HARD_MAX_SEARCH_CALLS,2.0,4.0,4.0,2.0,4.0,2.0,2.0,4.0,22.6756329000018,"{""candidate_id"": ""b002-local-0000"", ""Pbar"": 0.5221697467664648, ""R"": 0.22483177146794125, ""weights"": [0.2484457191032547, 0.2648349393633308, 0.17021563369330878, 0.31650370784010595], ""source"": ""local"", ""start_id"": null, ""iteration"": null, ""region_id"": null, ""prediction"": null, ""provenance"": {""anchor"": ""b001-independent-0000"", ""radius"": 0.12}}",local_refinement,local,78.38824522620101,0.006,"[0.03893442622950816, 0.0, 0.0, 0.0]","{""tracking_pass"": true, ""qos_numerical_pass"": true, ""max_pj"": 0.03893442622950816, ""worst_violation"": 0.0, ""total_violation"": 0.0, ""per_job_evidence_counts"": [1465, 304, 276, 350], ""ordered_job_sections"": [""Resnet.train.4"", ""GPT2.train.4"", ""Llama.train.4"", ""Bloom.train.4""], ""execution_status"": ""PARSED"", ""execution_valid"": true, ""numerical_feasible"": true, ""evidence_status"": ""SUFFICIENT"", ""evidence_sufficient"": true, ""evidence_qualified_feasible"": true, ""min_qos_observations_per_type"": 1, ""statistical_reliability_established"": false}","[{""job"": {""index"": 0, ""section"": ""Resnet.train.4"", ""descriptors"": [199.0, 755.0, 337.0, 1321.0, 3.0, 1.0]}, ""pj"": 0.03893442622950816, ""observation_count"": 1465, ""finished_count"": 1187, ""unfinished_count"": 278, ""exceedance_count"": 58, ""estimator_numerator"": 57, ""estimator_denominator"": 1464, ""estimator"": ""flexdc_rank_cdf_v1"", ""horizon_seconds"": 3600, ""threshold_sojourn_seconds"": 1348.0, ""threshold_exceeds_horizon"": false}, {""job"": {""index"": 1, ""section"": ""GPT2.train.4"", ""descriptors"": [201.0, 763.0, 1185.0, 4592.0, 3.0, 1.0]}, ""pj"": 0.0, ""observation_count"": 304, ""finished_count"": 233, ""unfinished_count"": 71, ""exceedance_count"": 0, ""estimator_numerator"": 0, ""estimator_denominator"": 303, ""estimator"": ""flexdc_rank_cdf_v1"", ""horizon_seconds"": 3600, ""threshold_sojourn_seconds"": 4740.0, ""threshold_exceeds_horizon"": true}, {""job"": {""index"": 2, ""section"": ""Llama.train.4"", ""descriptors"": [200.0, 742.0, 1242.0, 4921.0, 3.0, 1.0]}, ""pj"": 0.0, ""observation_count"": 276, ""finished_count"": 164, ""unfinished_count"": 112, ""exceedance_count"": 0, ""estimator_numerator"": 0, ""estimator_denominator"": 275, ""estimator"": ""flexdc_rank_cdf_v1"", ""horizon_seconds"": 3600, ""threshold_sojourn_seconds"": 4968.0, ""threshold_exceeds_horizon"": true}, {""job"": {""index"": 3, ""section"": ""Bloom.train.4"", ""descriptors"": [202.0, 726.0, 1104.0, 4202.0, 3.0, 1.0]}, ""pj"": 0.0, ""observation_count"": 350, ""finished_count"": 251, ""unfinished_count"": 99, ""exceedance_count"": 0, ""estimator_numerator"": 0, ""estimator_denominator"": 349, ""estimator"": ""flexdc_rank_cdf_v1"", ""horizon_seconds"": 3600, ""threshold_sojourn_seconds"": 4416.0, ""threshold_exceeds_horizon"": true}]",{},CONFIRMATION_ALL_PASS,2.0,2.0,2.0,43.940498200005095,41.57137270000021,43.940498200005095
c000,0,ENGINEERING_SMOKE,ORIGINAL_W1,W1-train-qos3333,f166c1b1719f4321fcfc33c063e2716599f61dc3c1ab7f6a2bfaf394e4384f1d,4,58b3327184b3fefccad71d0424e8b984a6d4de233c9a03ac3e4f204e80b9c9fe,controlled_development_v2,argos_fixed_budget,1000,0.6,fixed,466917983,"[3741866483, 2030875217]",300000.0,4,4,4,True,True,DONE,True,90b1399a478d6d360967a2f20cf5e3df68f6edaf9d8345895962fc0fae700203,4.421257899997727,True,12.0,4.0,12.39773740000237,DONE,HARD_MAX_SEARCH_CALLS,2.0,4.0,4.0,2.0,2.0,4.0,1.0,2.0,16.092140400000062,"{""candidate_id"": ""v3-0004-0002"", ""Pbar"": 0.4947136640548706, ""R"": 0.1224811002612114, ""weights"": [0.29296737909317017, 0.24820610880851746, 0.20063067972660065, 0.2581958472728729], ""source"": ""V3 endpoint"", ""start_id"": 2, ""iteration"": 4, ""region_id"": ""region-01"", ""prediction"": {""mean_tracking"": 0.0035342343617230654, ""p90"": 0.009082597680389881, ""pj"": [0.05130080133676529, 9.980584067537102e-12, 1.3688458144756055e-09, 6.263684981443974e-18], ""objective"": 86.1206283569336}, ""provenance"": {}}",initial_v3_region_representative,V3 endpoint,85.18098085467791,0.009,"[0.0, 0.0, 0.0, 0.0]","{""tracking_pass"": true, ""qos_numerical_pass"": true, ""max_pj"": 0.0, ""worst_violation"": 0.0, ""total_violation"": 0.0, ""per_job_evidence_counts"": [1465, 304, 276, 350], ""ordered_job_sections"": [""Resnet.train.4"", ""GPT2.train.4"", ""Llama.train.4"", ""Bloom.train.4""], ""execution_status"": ""PARSED"", ""execution_valid"": true, ""numerical_feasible"": true, ""evidence_status"": ""SUFFICIENT"", ""evidence_sufficient"": true, ""evidence_qualified_feasible"": true, ""min_qos_observations_per_type"": 1, ""statistical_reliability_established"": false}","[{""job"": {""index"": 0, ""section"": ""Resnet.train.4"", ""descriptors"": [199.0, 755.0, 337.0, 1321.0, 3.0, 1.0]}, ""pj"": 0.0, ""observation_count"": 1465, ""finished_count"": 1227, ""unfinished_count"": 238, ""exceedance_count"": 0, ""estimator_numerator"": 0, ""estimator_denominator"": 1464, ""estimator"": ""flexdc_rank_cdf_v1"", ""horizon_seconds"": 3600, ""threshold_sojourn_seconds"": 1348.0, ""threshold_exceeds_horizon"": false}, {""job"": {""index"": 1, ""section"": ""GPT2.train.4"", ""descriptors"": [201.0, 763.0, 1185.0, 4592.0, 3.0, 1.0]}, ""pj"": 0.0, ""observation_count"": 304, ""finished_count"": 114, ""unfinished_count"": 190, ""exceedance_count"": 0, ""estimator_numerator"": 0, ""estimator_denominator"": 303, ""estimator"": ""flexdc_rank_cdf_v1"", ""horizon_seconds"": 3600, ""threshold_sojourn_seconds"": 4740.0, ""threshold_exceeds_horizon"": true}, {""job"": {""index"": 2, ""section"": ""Llama.train.4"", ""descriptors"": [200.0, 742.0, 1242.0, 4921.0, 3.0, 1.0]}, ""pj"": 0.0, ""observation_count"": 276, ""finished_count"": 58, ""unfinished_count"": 218, ""exceedance_count"": 0, ""estimator_numerator"": 0, ""estimator_denominator"": 275, ""estimator"": ""flexdc_rank_cdf_v1"", ""horizon_seconds"": 3600, ""threshold_sojourn_seconds"": 4968.0, ""threshold_exceeds_horizon"": true}, {""job"": {""index"": 3, ""section"": ""Bloom.train.4"", ""descriptors"": [202.0, 726.0, 1104.0, 4202.0, 3.0, 1.0]}, ""pj"": 0.0, ""observation_count"": 350, ""finished_count"": 168, ""unfinished_count"": 182, ""exceedance_count"": 0, ""estimator_numerator"": 0, ""estimator_denominator"": 349, ""estimator"": ""flexdc_rank_cdf_v1"", ""horizon_seconds"": 3600, ""threshold_sojourn_seconds"": 4416.0, ""threshold_exceeds_horizon"": true}]","{""mean_tracking"": 0.000836043416054635, ""p90"": -8.259768038988181e-05, ""pj"": [-0.05130080133676529, -9.980584067537102e-12, -1.3688458144756055e-09, -6.263684981443974e-18], ""max_pj"": -0.05130080133676529, ""objective"": -0.9396475022556814}",CONFIRMATION_ALL_PASS,2.0,2.0,2.0,45.47291679999762,12.267015799996443,49.89417469999535
c000,0,ENGINEERING_SMOKE,ORIGINAL_W1,W1-train-qos3333,f166c1b1719f4321fcfc33c063e2716599f61dc3c1ab7f6a2bfaf394e4384f1d,4,58b3327184b3fefccad71d0424e8b984a6d4de233c9a03ac3e4f204e80b9c9fe,controlled_development_v2,argos_early_stop,1000,0.6,fixed,466917983,"[3741866483, 2030875217]",300000.0,4,4,4,True,True,DONE,True,90b1399a478d6d360967a2f20cf5e3df68f6edaf9d8345895962fc0fae700203,4.421257899997727,True,12.0,4.0,0.5128341000017826,DONE,HARD_MAX_SEARCH_CALLS,2.0,4.0,4.0,2.0,0.0,6.0,1.0,2.0,16.092140400000062,"{""candidate_id"": ""v3-0004-0002"", ""Pbar"": 0.4947136640548706, ""R"": 0.1224811002612114, ""weights"": [0.29296737909317017, 0.24820610880851746, 0.20063067972660065, 0.2581958472728729], ""source"": ""V3 endpoint"", ""start_id"": 2, ""iteration"": 4, ""region_id"": ""region-01"", ""prediction"": {""mean_tracking"": 0.0035342343617230654, ""p90"": 0.009082597680389881, ""pj"": [0.05130080133676529, 9.980584067537102e-12, 1.3688458144756055e-09, 6.263684981443974e-18], ""objective"": 86.1206283569336}, ""provenance"": {}}",initial_v3_region_representative,V3 endpoint,85.18098085467791,0.009,"[0.0, 0.0, 0.0, 0.0]","{""tracking_pass"": true, ""qos_numerical_pass"": true, ""max_pj"": 0.0, ""worst_violation"": 0.0, ""total_violation"": 0.0, ""per_job_evidence_counts"": [1465, 304, 276, 350], ""ordered_job_sections"": [""Resnet.train.4"", ""GPT2.train.4"", ""Llama.train.4"", ""Bloom.train.4""], ""execution_status"": ""PARSED"", ""execution_valid"": true, ""numerical_feasible"": true, ""evidence_status"": ""SUFFICIENT"", ""evidence_sufficient"": true, ""evidence_qualified_feasible"": true, ""min_qos_observations_per_type"": 1, ""statistical_reliability_established"": false}","[{""job"": {""index"": 0, ""section"": ""Resnet.train.4"", ""descriptors"": [199.0, 755.0, 337.0, 1321.0, 3.0, 1.0]}, ""pj"": 0.0, ""observation_count"": 1465, ""finished_count"": 1227, ""unfinished_count"": 238, ""exceedance_count"": 0, ""estimator_numerator"": 0, ""estimator_denominator"": 1464, ""estimator"": ""flexdc_rank_cdf_v1"", ""horizon_seconds"": 3600, ""threshold_sojourn_seconds"": 1348.0, ""threshold_exceeds_horizon"": false}, {""job"": {""index"": 1, ""section"": ""GPT2.train.4"", ""descriptors"": [201.0, 763.0, 1185.0, 4592.0, 3.0, 1.0]}, ""pj"": 0.0, ""observation_count"": 304, ""finished_count"": 114, ""unfinished_count"": 190, ""exceedance_count"": 0, ""estimator_numerator"": 0, ""estimator_denominator"": 303, ""estimator"": ""flexdc_rank_cdf_v1"", ""horizon_seconds"": 3600, ""threshold_sojourn_seconds"": 4740.0, ""threshold_exceeds_horizon"": true}, {""job"": {""index"": 2, ""section"": ""Llama.train.4"", ""descriptors"": [200.0, 742.0, 1242.0, 4921.0, 3.0, 1.0]}, ""pj"": 0.0, ""observation_count"": 276, ""finished_count"": 58, ""unfinished_count"": 218, ""exceedance_count"": 0, ""estimator_numerator"": 0, ""estimator_denominator"": 275, ""estimator"": ""flexdc_rank_cdf_v1"", ""horizon_seconds"": 3600, ""threshold_sojourn_seconds"": 4968.0, ""threshold_exceeds_horizon"": true}, {""job"": {""index"": 3, ""section"": ""Bloom.train.4"", ""descriptors"": [202.0, 726.0, 1104.0, 4202.0, 3.0, 1.0]}, ""pj"": 0.0, ""observation_count"": 350, ""finished_count"": 168, ""unfinished_count"": 182, ""exceedance_count"": 0, ""estimator_numerator"": 0, ""estimator_denominator"": 349, ""estimator"": ""flexdc_rank_cdf_v1"", ""horizon_seconds"": 3600, ""threshold_sojourn_seconds"": 4416.0, ""threshold_exceeds_horizon"": true}]","{""mean_tracking"": 0.000836043416054635, ""p90"": -8.259768038988181e-05, ""pj"": [-0.05130080133676529, -9.980584067537102e-12, -1.3688458144756055e-09, -6.263684981443974e-18], ""max_pj"": -0.05130080133676529, ""objective"": -0.9396475022556814}",CONFIRMATION_ALL_PASS,2.0,2.0,2.0,45.47291679999762,0.38588050000180374,49.89417469999535
c001,1,SERIOUS_DEVELOPMENT,ORIGINAL_W1,W1-train-qos3333,f166c1b1719f4321fcfc33c063e2716599f61dc3c1ab7f6a2bfaf394e4384f1d,4,58b3327184b3fefccad71d0424e8b984a6d4de233c9a03ac3e4f204e80b9c9fe,controlled_development_v2,v3_only,1000,0.6,fixed,3105345885,"[2523613624, 1483264288]",300001.0,512,1500,1,True,True,DONE,True,2b9558554714b80c6820ff164d53f1b9612f258ad97c2ecea0fc0b5463ef728b,360.87227340000027,False,15872.0,6.0,32.699264500002755,DONE,V3_SELECTED_BEFORE_VALIDATION,1.0,1.0,1.0,2.0,3.0,0.0,1.0,1.0,371.87979429999905,"{""candidate_id"": ""v3-1500-0206"", ""Pbar"": 0.3663891553878784, ""R"": 0.21971264481544495, ""weights"": [0.44967254996299744, 0.16022250056266785, 0.16323883831501007, 0.22686611115932465], ""source"": ""V3 endpoint"", ""start_id"": 206, ""iteration"": 1500, ""region_id"": null, ""prediction"": {""mean_tracking"": 0.003522302722558379, ""p90"": 0.006302312016487122, ""pj"": [0.046085506677627563, 3.520462996675633e-07, 1.6782247485025437e-06, 1.4649201318661653e-07], ""objective"": 63.49878692626953}, ""provenance"": {}}",v3_endpoint,V3 endpoint,63.911250866053024,0.005,"[0.0700416088765603, 0.0, 0.0, 0.0]","{""tracking_pass"": true, ""qos_numerical_pass"": true, ""max_pj"": 0.0700416088765603, ""worst_violation"": 0.0, ""total_violation"": 0.0, ""per_job_evidence_counts"": [1443, 280, 297, 360], ""ordered_job_sections"": [""Resnet.train.4"", ""GPT2.train.4"", ""Llama.train.4"", ""Bloom.train.4""], ""execution_status"": ""PARSED"", ""execution_valid"": true, ""numerical_feasible"": true, ""evidence_status"": ""SUFFICIENT"", ""evidence_sufficient"": true, ""evidence_qualified_feasible"": true, ""min_qos_observations_per_type"": 1, ""statistical_reliability_established"": false}","[{""job"": {""index"": 0, ""section"": ""Resnet.train.4"", ""descriptors"": [199.0, 755.0, 337.0, 1321.0, 3.0, 1.0]}, ""pj"": 0.0700416088765603, ""observation_count"": 1443, ""finished_count"": 1149, ""unfinished_count"": 294, ""exceedance_count"": 102, ""estimator_numerator"": 101, ""estimator_denominator"": 1442, ""estimator"": ""flexdc_rank_cdf_v1"", ""horizon_seconds"": 3600, ""threshold_sojourn_seconds"": 1348.0, ""threshold_exceeds_horizon"": false}, {""job"": {""index"": 1, ""section"": ""GPT2.train.4"", ""descriptors"": [201.0, 763.0, 1185.0, 4592.0, 3.0, 1.0]}, ""pj"": 0.0, ""observation_count"": 280, ""finished_count"": 30, ""unfinished_count"": 250, ""exceedance_count"": 0, ""estimator_numerator"": 0, ""estimator_denominator"": 279, ""estimator"": ""flexdc_rank_cdf_v1"", ""horizon_seconds"": 3600, ""threshold_sojourn_seconds"": 4740.0, ""threshold_exceeds_horizon"": true}, {""job"": {""index"": 2, ""section"": ""Llama.train.4"", ""descriptors"": [200.0, 742.0, 1242.0, 4921.0, 3.0, 1.0]}, ""pj"": 0.0, ""observation_count"": 297, ""finished_count"": 0, ""unfinished_count"": 297, ""exceedance_count"": 0, ""estimator_numerator"": 0, ""estimator_denominator"": 296, ""estimator"": ""flexdc_rank_cdf_v1"", ""horizon_seconds"": 3600, ""threshold_sojourn_seconds"": 4968.0, ""threshold_exceeds_horizon"": true}, {""job"": {""index"": 3, ""section"": ""Bloom.train.4"", ""descriptors"": [202.0, 726.0, 1104.0, 4202.0, 3.0, 1.0]}, ""pj"": 0.0, ""observation_count"": 360, ""finished_count"": 67, ""unfinished_count"": 293, ""exceedance_count"": 0, ""estimator_numerator"": 0, ""estimator_denominator"": 359, ""estimator"": ""flexdc_rank_cdf_v1"", ""horizon_seconds"": 3600, ""threshold_sojourn_seconds"": 4416.0, ""threshold_exceeds_horizon"": true}]","{""mean_tracking"": -0.0020861916114472794, ""p90"": -0.0013023120164871215, ""pj"": [0.02395610219893274, -3.520462996675633e-07, -1.6782247485025437e-06, -1.4649201318661653e-07], ""max_pj"": 0.02395610219893274, ""objective"": 0.4124639397834926}",CONFIRMATION_ALL_PASS,2.0,2.0,2.0,32.282097199997224,32.65260149999813,393.1543705999975
c001,1,SERIOUS_DEVELOPMENT,ORIGINAL_W1,W1-train-qos3333,f166c1b1719f4321fcfc33c063e2716599f61dc3c1ab7f6a2bfaf394e4384f1d,4,58b3327184b3fefccad71d0424e8b984a6d4de233c9a03ac3e4f204e80b9c9fe,controlled_development_v2,v3_fixed_probing,1000,0.6,fixed,3105345885,"[2523613624, 1483264288]",300001.0,512,1500,32,True,True,DONE,True,2b9558554714b80c6820ff164d53f1b9612f258ad97c2ecea0fc0b5463ef728b,360.87227340000027,True,15872.0,6.0,106.09927559999778,DONE,HARD_MAX_SEARCH_CALLS,4.0,32.0,32.0,2.0,31.0,3.0,1.0,8.0,387.6052497000019,"{""candidate_id"": ""v3-1500-0206"", ""Pbar"": 0.3663891553878784, ""R"": 0.21971264481544495, ""weights"": [0.44967254996299744, 0.16022250056266785, 0.16323883831501007, 0.22686611115932465], ""source"": ""V3 endpoint"", ""start_id"": 206, ""iteration"": 1500, ""region_id"": ""region-01"", ""prediction"": {""mean_tracking"": 0.003522302722558379, ""p90"": 0.006302312016487122, ""pj"": [0.046085506677627563, 3.520462996675633e-07, 1.6782247485025437e-06, 1.4649201318661653e-07], ""objective"": 63.49878692626953}, ""provenance"": {}}",initial_v3_region_representative,V3 endpoint,63.911250866053024,0.005,"[0.0700416088765603, 0.0, 0.0, 0.0]","{""tracking_pass"": true, ""qos_numerical_pass"": true, ""max_pj"": 0.0700416088765603, ""worst_violation"": 0.0, ""total_violation"": 0.0, ""per_job_evidence_counts"": [1443, 280, 297, 360], ""ordered_job_sections"": [""Resnet.train.4"", ""GPT2.train.4"", ""Llama.train.4"", ""Bloom.train.4""], ""execution_status"": ""PARSED"", ""execution_valid"": true, ""numerical_feasible"": true, ""evidence_status"": ""SUFFICIENT"", ""evidence_sufficient"": true, ""evidence_qualified_feasible"": true, ""min_qos_observations_per_type"": 1, ""statistical_reliability_established"": false}","[{""job"": {""index"": 0, ""section"": ""Resnet.train.4"", ""descriptors"": [199.0, 755.0, 337.0, 1321.0, 3.0, 1.0]}, ""pj"": 0.0700416088765603, ""observation_count"": 1443, ""finished_count"": 1149, ""unfinished_count"": 294, ""exceedance_count"": 102, ""estimator_numerator"": 101, ""estimator_denominator"": 1442, ""estimator"": ""flexdc_rank_cdf_v1"", ""horizon_seconds"": 3600, ""threshold_sojourn_seconds"": 1348.0, ""threshold_exceeds_horizon"": false}, {""job"": {""index"": 1, ""section"": ""GPT2.train.4"", ""descriptors"": [201.0, 763.0, 1185.0, 4592.0, 3.0, 1.0]}, ""pj"": 0.0, ""observation_count"": 280, ""finished_count"": 30, ""unfinished_count"": 250, ""exceedance_count"": 0, ""estimator_numerator"": 0, ""estimator_denominator"": 279, ""estimator"": ""flexdc_rank_cdf_v1"", ""horizon_seconds"": 3600, ""threshold_sojourn_seconds"": 4740.0, ""threshold_exceeds_horizon"": true}, {""job"": {""index"": 2, ""section"": ""Llama.train.4"", ""descriptors"": [200.0, 742.0, 1242.0, 4921.0, 3.0, 1.0]}, ""pj"": 0.0, ""observation_count"": 297, ""finished_count"": 0, ""unfinished_count"": 297, ""exceedance_count"": 0, ""estimator_numerator"": 0, ""estimator_denominator"": 296, ""estimator"": ""flexdc_rank_cdf_v1"", ""horizon_seconds"": 3600, ""threshold_sojourn_seconds"": 4968.0, ""threshold_exceeds_horizon"": true}, {""job"": {""index"": 3, ""section"": ""Bloom.train.4"", ""descriptors"": [202.0, 726.0, 1104.0, 4202.0, 3.0, 1.0]}, ""pj"": 0.0, ""observation_count"": 360, ""finished_count"": 67, ""unfinished_count"": 293, ""exceedance_count"": 0, ""estimator_numerator"": 0, ""estimator_denominator"": 359, ""estimator"": ""flexdc_rank_cdf_v1"", ""horizon_seconds"": 3600, ""threshold_sojourn_seconds"": 4416.0, ""threshold_exceeds_horizon"": true}]","{""mean_tracking"": -0.0020861916114472794, ""p90"": -0.0013023120164871215, ""pj"": [0.02395610219893274, -3.520462996675633e-07, -1.6782247485025437e-06, -1.4649201318661653e-07], ""max_pj"": 0.02395610219893274, ""objective"": 0.4124639397834926}",CONFIRMATION_ALL_PASS,2.0,2.0,2.0,126.17605759999788,105.7296832999964,487.04833099999814
c001,1,SERIOUS_DEVELOPMENT,ORIGINAL_W1,W1-train-qos3333,f166c1b1719f4321fcfc33c063e2716599f61dc3c1ab7f6a2bfaf394e4384f1d,4,58b3327184b3fefccad71d0424e8b984a6d4de233c9a03ac3e4f204e80b9c9fe,controlled_development_v2,simulator_only_adaptive,1000,0.6,fixed,3105345885,"[2523613624, 1483264288]",,0,0,32,True,True,DONE,True,,0.0,False,0.0,0.0,127.80967740000051,DONE,HARD_MAX_SEARCH_CALLS,4.0,32.0,32.0,2.0,26.0,8.0,3.0,24.0,79.62343199999304,"{""candidate_id"": ""b003-independent-0006"", ""Pbar"": 0.5402756698221085, ""R"": 0.1495923600845304, ""weights"": [0.322505763127408, 0.2713446694419377, 0.2246919532930569, 0.18145761413759742], ""source"": ""independent"", ""start_id"": null, ""iteration"": null, ""region_id"": null, ""prediction"": null, ""provenance"": {}}",independent_exploration,independent,87.06640498383537,0.013,"[0.0, 0.0, 0.0, 0.0]","{""tracking_pass"": true, ""qos_numerical_pass"": true, ""max_pj"": 0.0, ""worst_violation"": 0.0, ""total_violation"": 0.0, ""per_job_evidence_counts"": [1443, 280, 297, 360], ""ordered_job_sections"": [""Resnet.train.4"", ""GPT2.train.4"", ""Llama.train.4"", ""Bloom.train.4""], ""execution_status"": ""PARSED"", ""execution_valid"": true, ""numerical_feasible"": true, ""evidence_status"": ""SUFFICIENT"", ""evidence_sufficient"": true, ""evidence_qualified_feasible"": true, ""min_qos_observations_per_type"": 1, ""statistical_reliability_established"": false}","[{""job"": {""index"": 0, ""section"": ""Resnet.train.4"", ""descriptors"": [199.0, 755.0, 337.0, 1321.0, 3.0, 1.0]}, ""pj"": 0.0, ""observation_count"": 1443, ""finished_count"": 1329, ""unfinished_count"": 114, ""exceedance_count"": 0, ""estimator_numerator"": 0, ""estimator_denominator"": 1442, ""estimator"": ""flexdc_rank_cdf_v1"", ""horizon_seconds"": 3600, ""threshold_sojourn_seconds"": 1348.0, ""threshold_exceeds_horizon"": false}, {""job"": {""index"": 1, ""section"": ""GPT2.train.4"", ""descriptors"": [201.0, 763.0, 1185.0, 4592.0, 3.0, 1.0]}, ""pj"": 0.0, ""observation_count"": 280, ""finished_count"": 206, ""unfinished_count"": 74, ""exceedance_count"": 0, ""estimator_numerator"": 0, ""estimator_denominator"": 279, ""estimator"": ""flexdc_rank_cdf_v1"", ""horizon_seconds"": 3600, ""threshold_sojourn_seconds"": 4740.0, ""threshold_exceeds_horizon"": true}, {""job"": {""index"": 2, ""section"": ""Llama.train.4"", ""descriptors"": [200.0, 742.0, 1242.0, 4921.0, 3.0, 1.0]}, ""pj"": 0.0, ""observation_count"": 297, ""finished_count"": 188, ""unfinished_count"": 109, ""exceedance_count"": 0, ""estimator_numerator"": 0, ""estimator_denominator"": 296, ""estimator"": ""flexdc_rank_cdf_v1"", ""horizon_seconds"": 3600, ""threshold_sojourn_seconds"": 4968.0, ""threshold_exceeds_horizon"": true}, {""job"": {""index"": 3, ""section"": ""Bloom.train.4"", ""descriptors"": [202.0, 726.0, 1104.0, 4202.0, 3.0, 1.0]}, ""pj"": 0.0, ""observation_count"": 360, ""finished_count"": 152, ""unfinished_count"": 208, ""exceedance_count"": 0, ""estimator_numerator"": 0, ""estimator_denominator"": 359, ""estimator"": ""flexdc_rank_cdf_v1"", ""horizon_seconds"": 3600, ""threshold_sojourn_seconds"": 4416.0, ""threshold_exceeds_horizon"": true}]",{},CONFIRMATION_ALL_PASS,2.0,2.0,2.0,128.1697785999895,127.32192950000172,128.1697785999895
c001,1,SERIOUS_DEVELOPMENT,ORIGINAL_W1,W1-train-qos3333,f166c1b1719f4321fcfc33c063e2716599f61dc3c1ab7f6a2bfaf394e4384f1d,4,58b3327184b3fefccad71d0424e8b984a6d4de233c9a03ac3e4f204e80b9c9fe,controlled_development_v2,argos_fixed_budget,1000,0.6,fixed,3105345885,"[2523613624, 1483264288]",300001.0,512,1500,32,True,True,DONE,True,2b9558554714b80c6820ff164d53f1b9612f258ad97c2ecea0fc0b5463ef728b,360.87227340000027,True,15872.0,6.0,42.890675000002375,DONE,HARD_MAX_SEARCH_CALLS,4.0,32.0,32.0,2.0,12.0,22.0,1.0,8.0,387.6052497000019,"{""candidate_id"": ""v3-1500-0206"", ""Pbar"": 0.3663891553878784, ""R"": 0.21971264481544495, ""weights"": [0.44967254996299744, 0.16022250056266785, 0.16323883831501007, 0.22686611115932465], ""source"": ""V3 endpoint"", ""start_id"": 206, ""iteration"": 1500, ""region_id"": ""region-01"", ""prediction"": {""mean_tracking"": 0.003522302722558379, ""p90"": 0.006302312016487122, ""pj"": [0.046085506677627563, 3.520462996675633e-07, 1.6782247485025437e-06, 1.4649201318661653e-07], ""objective"": 63.49878692626953}, ""provenance"": {}}",initial_v3_region_representative,V3 endpoint,63.911250866053024,0.005,"[0.0700416088765603, 0.0, 0.0, 0.0]","{""tracking_pass"": true, ""qos_numerical_pass"": true, ""max_pj"": 0.0700416088765603, ""worst_violation"": 0.0, ""total_violation"": 0.0, ""per_job_evidence_counts"": [1443, 280, 297, 360], ""ordered_job_sections"": [""Resnet.train.4"", ""GPT2.train.4"", ""Llama.train.4"", ""Bloom.train.4""], ""execution_status"": ""PARSED"", ""execution_valid"": true, ""numerical_feasible"": true, ""evidence_status"": ""SUFFICIENT"", ""evidence_sufficient"": true, ""evidence_qualified_feasible"": true, ""min_qos_observations_per_type"": 1, ""statistical_reliability_established"": false}","[{""job"": {""index"": 0, ""section"": ""Resnet.train.4"", ""descriptors"": [199.0, 755.0, 337.0, 1321.0, 3.0, 1.0]}, ""pj"": 0.0700416088765603, ""observation_count"": 1443, ""finished_count"": 1149, ""unfinished_count"": 294, ""exceedance_count"": 102, ""estimator_numerator"": 101, ""estimator_denominator"": 1442, ""estimator"": ""flexdc_rank_cdf_v1"", ""horizon_seconds"": 3600, ""threshold_sojourn_seconds"": 1348.0, ""threshold_exceeds_horizon"": false}, {""job"": {""index"": 1, ""section"": ""GPT2.train.4"", ""descriptors"": [201.0, 763.0, 1185.0, 4592.0, 3.0, 1.0]}, ""pj"": 0.0, ""observation_count"": 280, ""finished_count"": 30, ""unfinished_count"": 250, ""exceedance_count"": 0, ""estimator_numerator"": 0, ""estimator_denominator"": 279, ""estimator"": ""flexdc_rank_cdf_v1"", ""horizon_seconds"": 3600, ""threshold_sojourn_seconds"": 4740.0, ""threshold_exceeds_horizon"": true}, {""job"": {""index"": 2, ""section"": ""Llama.train.4"", ""descriptors"": [200.0, 742.0, 1242.0, 4921.0, 3.0, 1.0]}, ""pj"": 0.0, ""observation_count"": 297, ""finished_count"": 0, ""unfinished_count"": 297, ""exceedance_count"": 0, ""estimator_numerator"": 0, ""estimator_denominator"": 296, ""estimator"": ""flexdc_rank_cdf_v1"", ""horizon_seconds"": 3600, ""threshold_sojourn_seconds"": 4968.0, ""threshold_exceeds_horizon"": true}, {""job"": {""index"": 3, ""section"": ""Bloom.train.4"", ""descriptors"": [202.0, 726.0, 1104.0, 4202.0, 3.0, 1.0]}, ""pj"": 0.0, ""observation_count"": 360, ""finished_count"": 67, ""unfinished_count"": 293, ""exceedance_count"": 0, ""estimator_numerator"": 0, ""estimator_denominator"": 359, ""estimator"": ""flexdc_rank_cdf_v1"", ""horizon_seconds"": 3600, ""threshold_sojourn_seconds"": 4416.0, ""threshold_exceeds_horizon"": true}]","{""mean_tracking"": -0.0020861916114472794, ""p90"": -0.0013023120164871215, ""pj"": [0.02395610219893274, -3.520462996675633e-07, -1.6782247485025437e-06, -1.4649201318661653e-07], ""max_pj"": 0.02395610219893274, ""objective"": 0.4124639397834926}",CONFIRMATION_ALL_PASS,2.0,2.0,2.0,128.04802650000056,42.26706159999958,488.9202999000008
c001,1,SERIOUS_DEVELOPMENT,ORIGINAL_W1,W1-train-qos3333,f166c1b1719f4321fcfc33c063e2716599f61dc3c1ab7f6a2bfaf394e4384f1d,4,58b3327184b3fefccad71d0424e8b984a6d4de233c9a03ac3e4f204e80b9c9fe,controlled_development_v2,argos_early_stop,1000,0.6,fixed,3105345885,"[2523613624, 1483264288]",300001.0,512,1500,32,True,True,DONE,True,2b9558554714b80c6820ff164d53f1b9612f258ad97c2ecea0fc0b5463ef728b,360.87227340000027,True,15872.0,6.0,1.3736018000017793,DONE,EARLY_STOP_QUALIFIED_LOCAL_PATIENCE,2.0,16.0,16.0,2.0,0.0,18.0,1.0,8.0,387.6052497000019,"{""candidate_id"": ""v3-1500-0206"", ""Pbar"": 0.3663891553878784, ""R"": 0.21971264481544495, ""weights"": [0.44967254996299744, 0.16022250056266785, 0.16323883831501007, 0.22686611115932465], ""source"": ""V3 endpoint"", ""start_id"": 206, ""iteration"": 1500, ""region_id"": ""region-01"", ""prediction"": {""mean_tracking"": 0.003522302722558379, ""p90"": 0.006302312016487122, ""pj"": [0.046085506677627563, 3.520462996675633e-07, 1.6782247485025437e-06, 1.4649201318661653e-07], ""objective"": 63.49878692626953}, ""provenance"": {}}",initial_v3_region_representative,V3 endpoint,63.911250866053024,0.005,"[0.0700416088765603, 0.0, 0.0, 0.0]","{""tracking_pass"": true, ""qos_numerical_pass"": true, ""max_pj"": 0.0700416088765603, ""worst_violation"": 0.0, ""total_violation"": 0.0, ""per_job_evidence_counts"": [1443, 280, 297, 360], ""ordered_job_sections"": [""Resnet.train.4"", ""GPT2.train.4"", ""Llama.train.4"", ""Bloom.train.4""], ""execution_status"": ""PARSED"", ""execution_valid"": true, ""numerical_feasible"": true, ""evidence_status"": ""SUFFICIENT"", ""evidence_sufficient"": true, ""evidence_qualified_feasible"": true, ""min_qos_observations_per_type"": 1, ""statistical_reliability_established"": false}","[{""job"": {""index"": 0, ""section"": ""Resnet.train.4"", ""descriptors"": [199.0, 755.0, 337.0, 1321.0, 3.0, 1.0]}, ""pj"": 0.0700416088765603, ""observation_count"": 1443, ""finished_count"": 1149, ""unfinished_count"": 294, ""exceedance_count"": 102, ""estimator_numerator"": 101, ""estimator_denominator"": 1442, ""estimator"": ""flexdc_rank_cdf_v1"", ""horizon_seconds"": 3600, ""threshold_sojourn_seconds"": 1348.0, ""threshold_exceeds_horizon"": false}, {""job"": {""index"": 1, ""section"": ""GPT2.train.4"", ""descriptors"": [201.0, 763.0, 1185.0, 4592.0, 3.0, 1.0]}, ""pj"": 0.0, ""observation_count"": 280, ""finished_count"": 30, ""unfinished_count"": 250, ""exceedance_count"": 0, ""estimator_numerator"": 0, ""estimator_denominator"": 279, ""estimator"": ""flexdc_rank_cdf_v1"", ""horizon_seconds"": 3600, ""threshold_sojourn_seconds"": 4740.0, ""threshold_exceeds_horizon"": true}, {""job"": {""index"": 2, ""section"": ""Llama.train.4"", ""descriptors"": [200.0, 742.0, 1242.0, 4921.0, 3.0, 1.0]}, ""pj"": 0.0, ""observation_count"": 297, ""finished_count"": 0, ""unfinished_count"": 297, ""exceedance_count"": 0, ""estimator_numerator"": 0, ""estimator_denominator"": 296, ""estimator"": ""flexdc_rank_cdf_v1"", ""horizon_seconds"": 3600, ""threshold_sojourn_seconds"": 4968.0, ""threshold_exceeds_horizon"": true}, {""job"": {""index"": 3, ""section"": ""Bloom.train.4"", ""descriptors"": [202.0, 726.0, 1104.0, 4202.0, 3.0, 1.0]}, ""pj"": 0.0, ""observation_count"": 360, ""finished_count"": 67, ""unfinished_count"": 293, ""exceedance_count"": 0, ""estimator_numerator"": 0, ""estimator_denominator"": 359, ""estimator"": ""flexdc_rank_cdf_v1"", ""horizon_seconds"": 3600, ""threshold_sojourn_seconds"": 4416.0, ""threshold_exceeds_horizon"": true}]","{""mean_tracking"": -0.0020861916114472794, ""p90"": -0.0013023120164871215, ""pj"": [0.02395610219893274, -3.520462996675633e-07, -1.6782247485025437e-06, -1.4649201318661653e-07], ""max_pj"": 0.02395610219893274, ""objective"": 0.4124639397834926}",CONFIRMATION_ALL_PASS,2.0,2.0,2.0,74.4470631999975,1.0708111000021745,435.31933659999777
c002,1,SERIOUS_DEVELOPMENT,ORIGINAL_W1,W1-train-qos3333,f166c1b1719f4321fcfc33c063e2716599f61dc3c1ab7f6a2bfaf394e4384f1d,4,58b3327184b3fefccad71d0424e8b984a6d4de233c9a03ac3e4f204e80b9c9fe,controlled_development_v2,v3_only,1000,0.8,fixed,4222096843,"[2534618820, 1854566911]",300002.0,512,1500,1,True,True,NO_BID,False,9edb9a92196d467c124194b015b1a3594f6beddde118c2d0d2d772e55e677f60,368.45956849999857,False,15872.0,6.0,0.011286500001006061,NO_BID,V3_NO_SAFE_ENDPOINT,0.0,0.0,0.0,0.0,0.0,0.0,,,,,,,,,,,,,CONFIRMATION_NOT_RUN,0.0,2.0,0.0,0.0,0.0,368.45956849999857
c002,1,SERIOUS_DEVELOPMENT,ORIGINAL_W1,W1-train-qos3333,f166c1b1719f4321fcfc33c063e2716599f61dc3c1ab7f6a2bfaf394e4384f1d,4,58b3327184b3fefccad71d0424e8b984a6d4de233c9a03ac3e4f204e80b9c9fe,controlled_development_v2,v3_fixed_probing,1000,0.8,fixed,4222096843,"[2534618820, 1854566911]",300002.0,512,1500,32,True,True,DONE,True,9edb9a92196d467c124194b015b1a3594f6beddde118c2d0d2d772e55e677f60,368.45956849999857,True,15872.0,6.0,138.68504590000157,DONE,HARD_MAX_SEARCH_CALLS,4.0,32.0,32.0,2.0,34.0,0.0,1.0,8.0,399.6187968999948,"{""candidate_id"": ""fixed-b003-independent-0007"", ""Pbar"": 0.4904700195692575, ""R"": 0.18637171017248522, ""weights"": [0.3684401600357865, 0.23768461069184732, 0.16747258826248163, 0.22640264100988455], ""source"": ""independent"", ""start_id"": null, ""iteration"": null, ""region_id"": null, ""prediction"": {""mean_tracking"": 0.0029800015036016703, ""p90"": 0.006462225690484047, ""pj"": [0.06244443729519844, 3.280372993685887e-06, 1.2775717550539412e-06, 4.769510564273105e-09], ""objective"": 79.53146561679674}, ""provenance"": {}}",independent_exploration,independent,78.35986641939247,0.008,"[0.0, 0.0, 0.0, 0.0]","{""tracking_pass"": true, ""qos_numerical_pass"": true, ""max_pj"": 0.0, ""worst_violation"": 0.0, ""total_violation"": 0.0, ""per_job_evidence_counts"": [1899, 396, 413, 474], ""ordered_job_sections"": [""Resnet.train.4"", ""GPT2.train.4"", ""Llama.train.4"", ""Bloom.train.4""], ""execution_status"": ""PARSED"", ""execution_valid"": true, ""numerical_feasible"": true, ""evidence_status"": ""SUFFICIENT"", ""evidence_sufficient"": true, ""evidence_qualified_feasible"": true, ""min_qos_observations_per_type"": 1, ""statistical_reliability_established"": false}","[{""job"": {""index"": 0, ""section"": ""Resnet.train.4"", ""descriptors"": [199.0, 755.0, 337.0, 1321.0, 3.0, 1.0]}, ""pj"": 0.0, ""observation_count"": 1899, ""finished_count"": 1523, ""unfinished_count"": 376, ""exceedance_count"": 0, ""estimator_numerator"": 0, ""estimator_denominator"": 1898, ""estimator"": ""flexdc_rank_cdf_v1"", ""horizon_seconds"": 3600, ""threshold_sojourn_seconds"": 1348.0, ""threshold_exceeds_horizon"": false}, {""job"": {""index"": 1, ""section"": ""GPT2.train.4"", ""descriptors"": [201.0, 763.0, 1185.0, 4592.0, 3.0, 1.0]}, ""pj"": 0.0, ""observation_count"": 396, ""finished_count"": 159, ""unfinished_count"": 237, ""exceedance_count"": 0, ""estimator_numerator"": 0, ""estimator_denominator"": 395, ""estimator"": ""flexdc_rank_cdf_v1"", ""horizon_seconds"": 3600, ""threshold_sojourn_seconds"": 4740.0, ""threshold_exceeds_horizon"": true}, {""job"": {""index"": 2, ""section"": ""Llama.train.4"", ""descriptors"": [200.0, 742.0, 1242.0, 4921.0, 3.0, 1.0]}, ""pj"": 0.0, ""observation_count"": 413, ""finished_count"": 18, ""unfinished_count"": 395, ""exceedance_count"": 0, ""estimator_numerator"": 0, ""estimator_denominator"": 412, ""estimator"": ""flexdc_rank_cdf_v1"", ""horizon_seconds"": 3600, ""threshold_sojourn_seconds"": 4968.0, ""threshold_exceeds_horizon"": true}, {""job"": {""index"": 3, ""section"": ""Bloom.train.4"", ""descriptors"": [202.0, 726.0, 1104.0, 4202.0, 3.0, 1.0]}, ""pj"": 0.0, ""observation_count"": 474, ""finished_count"": 177, ""unfinished_count"": 297, ""exceedance_count"": 0, ""estimator_numerator"": 0, ""estimator_denominator"": 473, ""estimator"": ""flexdc_rank_cdf_v1"", ""horizon_seconds"": 3600, ""threshold_sojourn_seconds"": 4416.0, ""threshold_exceeds_horizon"": true}]","{""mean_tracking"": -0.0004888903924905701, ""p90"": 0.0015377743095159532, ""pj"": [-0.06244443729519844, -3.280372993685887e-06, -1.2775717550539412e-06, -4.769510564273105e-09], ""max_pj"": -0.06244443729519844, ""objective"": -1.1715991974042623}",CONFIRMATION_ALL_PASS,2.0,2.0,2.0,136.72961519999808,138.31443820000277,505.18918369999665
c002,1,SERIOUS_DEVELOPMENT,ORIGINAL_W1,W1-train-qos3333,f166c1b1719f4321fcfc33c063e2716599f61dc3c1ab7f6a2bfaf394e4384f1d,4,58b3327184b3fefccad71d0424e8b984a6d4de233c9a03ac3e4f204e80b9c9fe,controlled_development_v2,simulator_only_adaptive,1000,0.8,fixed,4222096843,"[2534618820, 1854566911]",,0,0,32,True,True,DONE,True,,0.0,False,0.0,0.0,120.66137580000213,DONE,HARD_MAX_SEARCH_CALLS,4.0,32.0,32.0,2.0,26.0,8.0,1.0,8.0,27.015561299998808,"{""candidate_id"": ""b004-local-0000"", ""Pbar"": 0.4341095402061499, ""R"": 0.1604119168148952, ""weights"": [0.42496280885544646, 0.22428427107212323, 0.15, 0.20075292007243045], ""source"": ""local"", ""start_id"": null, ""iteration"": null, ""region_id"": null, ""prediction"": null, ""provenance"": {""anchor"": ""b002-local-0000"", ""radius"": 0.12}}",local_refinement,local,75.32900617067082,0.011,"[0.0, 0.0, 0.0, 0.0]","{""tracking_pass"": true, ""qos_numerical_pass"": true, ""max_pj"": 0.0, ""worst_violation"": 0.0, ""total_violation"": 0.0, ""per_job_evidence_counts"": [1899, 396, 413, 474], ""ordered_job_sections"": [""Resnet.train.4"", ""GPT2.train.4"", ""Llama.train.4"", ""Bloom.train.4""], ""execution_status"": ""PARSED"", ""execution_valid"": true, ""numerical_feasible"": true, ""evidence_status"": ""SUFFICIENT"", ""evidence_sufficient"": true, ""evidence_qualified_feasible"": true, ""min_qos_observations_per_type"": 1, ""statistical_reliability_established"": false}","[{""job"": {""index"": 0, ""section"": ""Resnet.train.4"", ""descriptors"": [199.0, 755.0, 337.0, 1321.0, 3.0, 1.0]}, ""pj"": 0.0, ""observation_count"": 1899, ""finished_count"": 1553, ""unfinished_count"": 346, ""exceedance_count"": 0, ""estimator_numerator"": 0, ""estimator_denominator"": 1898, ""estimator"": ""flexdc_rank_cdf_v1"", ""horizon_seconds"": 3600, ""threshold_sojourn_seconds"": 1348.0, ""threshold_exceeds_horizon"": false}, {""job"": {""index"": 1, ""section"": ""GPT2.train.4"", ""descriptors"": [201.0, 763.0, 1185.0, 4592.0, 3.0, 1.0]}, ""pj"": 0.0, ""observation_count"": 396, ""finished_count"": 80, ""unfinished_count"": 316, ""exceedance_count"": 0, ""estimator_numerator"": 0, ""estimator_denominator"": 395, ""estimator"": ""flexdc_rank_cdf_v1"", ""horizon_seconds"": 3600, ""threshold_sojourn_seconds"": 4740.0, ""threshold_exceeds_horizon"": true}, {""job"": {""index"": 2, ""section"": ""Llama.train.4"", ""descriptors"": [200.0, 742.0, 1242.0, 4921.0, 3.0, 1.0]}, ""pj"": 0.0, ""observation_count"": 413, ""finished_count"": 0, ""unfinished_count"": 413, ""exceedance_count"": 0, ""estimator_numerator"": 0, ""estimator_denominator"": 412, ""estimator"": ""flexdc_rank_cdf_v1"", ""horizon_seconds"": 3600, ""threshold_sojourn_seconds"": 4968.0, ""threshold_exceeds_horizon"": true}, {""job"": {""index"": 3, ""section"": ""Bloom.train.4"", ""descriptors"": [202.0, 726.0, 1104.0, 4202.0, 3.0, 1.0]}, ""pj"": 0.0, ""observation_count"": 474, ""finished_count"": 79, ""unfinished_count"": 395, ""exceedance_count"": 0, ""estimator_numerator"": 0, ""estimator_denominator"": 473, ""estimator"": ""flexdc_rank_cdf_v1"", ""horizon_seconds"": 3600, ""threshold_sojourn_seconds"": 4416.0, ""threshold_exceeds_horizon"": true}]",{},CONFIRMATION_ALL_PASS,2.0,2.0,2.0,128.84666499999366,120.27361609999934,128.84666499999366
c002,1,SERIOUS_DEVELOPMENT,ORIGINAL_W1,W1-train-qos3333,f166c1b1719f4321fcfc33c063e2716599f61dc3c1ab7f6a2bfaf394e4384f1d,4,58b3327184b3fefccad71d0424e8b984a6d4de233c9a03ac3e4f204e80b9c9fe,controlled_development_v2,argos_fixed_budget,1000,0.8,fixed,4222096843,"[2534618820, 1854566911]",300002.0,512,1500,32,True,True,DONE,True,9edb9a92196d467c124194b015b1a3594f6beddde118c2d0d2d772e55e677f60,368.45956849999857,True,15872.0,6.0,84.6647505999972,DONE,HARD_MAX_SEARCH_CALLS,4.0,32.0,32.0,2.0,17.0,17.0,1.0,8.0,399.6187968999948,"{""candidate_id"": ""b002-local-0003"", ""Pbar"": 0.5113223453726953, ""R"": 0.2785320093030812, ""weights"": [0.45, 0.17672775642998445, 0.22327224357001568, 0.15], ""source"": ""local"", ""start_id"": null, ""iteration"": null, ""region_id"": ""region-01"", ""prediction"": {""mean_tracking"": 0.017239362001419067, ""p90"": 0.0866735503077507, ""pj"": [0.024178989231586456, 6.371366367829978e-08, 6.112334631325211e-06, 2.280842608115563e-07], ""objective"": 72.16355293856682}, ""provenance"": {""anchor"": ""v3-1500-0333"", ""radius"": 0.12}}",local_refinement,local,73.01319367856682,0.089,"[0.06954689146469972, 0.0, 0.0, 0.0]","{""tracking_pass"": true, ""qos_numerical_pass"": true, ""max_pj"": 0.06954689146469972, ""worst_violation"": 0.0, ""total_violation"": 0.0, ""per_job_evidence_counts"": [1899, 396, 413, 474], ""ordered_job_sections"": [""Resnet.train.4"", ""GPT2.train.4"", ""Llama.train.4"", ""Bloom.train.4""], ""execution_status"": ""PARSED"", ""execution_valid"": true, ""numerical_feasible"": true, ""evidence_status"": ""SUFFICIENT"", ""evidence_sufficient"": true, ""evidence_qualified_feasible"": true, ""min_qos_observations_per_type"": 1, ""statistical_reliability_established"": false}","[{""job"": {""index"": 0, ""section"": ""Resnet.train.4"", ""descriptors"": [199.0, 755.0, 337.0, 1321.0, 3.0, 1.0]}, ""pj"": 0.06954689146469972, ""observation_count"": 1899, ""finished_count"": 1711, ""unfinished_count"": 188, ""exceedance_count"": 133, ""estimator_numerator"": 132, ""estimator_denominator"": 1898, ""estimator"": ""flexdc_rank_cdf_v1"", ""horizon_seconds"": 3600, ""threshold_sojourn_seconds"": 1348.0, ""threshold_exceeds_horizon"": false}, {""job"": {""index"": 1, ""section"": ""GPT2.train.4"", ""descriptors"": [201.0, 763.0, 1185.0, 4592.0, 3.0, 1.0]}, ""pj"": 0.0, ""observation_count"": 396, ""finished_count"": 156, ""unfinished_count"": 240, ""exceedance_count"": 0, ""estimator_numerator"": 0, ""estimator_denominator"": 395, ""estimator"": ""flexdc_rank_cdf_v1"", ""horizon_seconds"": 3600, ""threshold_sojourn_seconds"": 4740.0, ""threshold_exceeds_horizon"": true}, {""job"": {""index"": 2, ""section"": ""Llama.train.4"", ""descriptors"": [200.0, 742.0, 1242.0, 4921.0, 3.0, 1.0]}, ""pj"": 0.0, ""observation_count"": 413, ""finished_count"": 166, ""unfinished_count"": 247, ""exceedance_count"": 0, ""estimator_numerator"": 0, ""estimator_denominator"": 412, ""estimator"": ""flexdc_rank_cdf_v1"", ""horizon_seconds"": 3600, ""threshold_sojourn_seconds"": 4968.0, ""threshold_exceeds_horizon"": true}, {""job"": {""index"": 3, ""section"": ""Bloom.train.4"", ""descriptors"": [202.0, 726.0, 1104.0, 4202.0, 3.0, 1.0]}, ""pj"": 0.0, ""observation_count"": 474, ""finished_count"": 150, ""unfinished_count"": 324, ""exceedance_count"": 0, ""estimator_numerator"": 0, ""estimator_denominator"": 473, ""estimator"": ""flexdc_rank_cdf_v1"", ""horizon_seconds"": 3600, ""threshold_sojourn_seconds"": 4416.0, ""threshold_exceeds_horizon"": true}]","{""mean_tracking"": -0.00042713977919686674, ""p90"": 0.002326449692249294, ""pj"": [0.045367902233113266, -6.371366367829978e-08, -6.112334631325211e-06, -2.280842608115563e-07], ""max_pj"": 0.045367902233113266, ""objective"": 0.8496407399999981}",CONFIRMATION_ALL_PASS,2.0,2.0,2.0,135.80659819999346,84.12331729999642,504.266166699992
c002,1,SERIOUS_DEVELOPMENT,ORIGINAL_W1,W1-train-qos3333,f166c1b1719f4321fcfc33c063e2716599f61dc3c1ab7f6a2bfaf394e4384f1d,4,58b3327184b3fefccad71d0424e8b984a6d4de233c9a03ac3e4f204e80b9c9fe,controlled_development_v2,argos_early_stop,1000,0.8,fixed,4222096843,"[2534618820, 1854566911]",300002.0,512,1500,32,True,True,DONE,True,9edb9a92196d467c124194b015b1a3594f6beddde118c2d0d2d772e55e677f60,368.45956849999857,True,15872.0,6.0,1.7958835999997973,DONE,EARLY_STOP_QUALIFIED_LOCAL_PATIENCE,3.0,24.0,24.0,2.0,0.0,26.0,1.0,8.0,399.6187968999948,"{""candidate_id"": ""b002-local-0003"", ""Pbar"": 0.5113223453726953, ""R"": 0.2785320093030812, ""weights"": [0.45, 0.17672775642998445, 0.22327224357001568, 0.15], ""source"": ""local"", ""start_id"": null, ""iteration"": null, ""region_id"": ""region-01"", ""prediction"": {""mean_tracking"": 0.017239362001419067, ""p90"": 0.0866735503077507, ""pj"": [0.024178989231586456, 6.371366367829978e-08, 6.112334631325211e-06, 2.280842608115563e-07], ""objective"": 72.16355293856682}, ""provenance"": {""anchor"": ""v3-1500-0333"", ""radius"": 0.12}}",local_refinement,local,73.01319367856682,0.089,"[0.06954689146469972, 0.0, 0.0, 0.0]","{""tracking_pass"": true, ""qos_numerical_pass"": true, ""max_pj"": 0.06954689146469972, ""worst_violation"": 0.0, ""total_violation"": 0.0, ""per_job_evidence_counts"": [1899, 396, 413, 474], ""ordered_job_sections"": [""Resnet.train.4"", ""GPT2.train.4"", ""Llama.train.4"", ""Bloom.train.4""], ""execution_status"": ""PARSED"", ""execution_valid"": true, ""numerical_feasible"": true, ""evidence_status"": ""SUFFICIENT"", ""evidence_sufficient"": true, ""evidence_qualified_feasible"": true, ""min_qos_observations_per_type"": 1, ""statistical_reliability_established"": false}","[{""job"": {""index"": 0, ""section"": ""Resnet.train.4"", ""descriptors"": [199.0, 755.0, 337.0, 1321.0, 3.0, 1.0]}, ""pj"": 0.06954689146469972, ""observation_count"": 1899, ""finished_count"": 1711, ""unfinished_count"": 188, ""exceedance_count"": 133, ""estimator_numerator"": 132, ""estimator_denominator"": 1898, ""estimator"": ""flexdc_rank_cdf_v1"", ""horizon_seconds"": 3600, ""threshold_sojourn_seconds"": 1348.0, ""threshold_exceeds_horizon"": false}, {""job"": {""index"": 1, ""section"": ""GPT2.train.4"", ""descriptors"": [201.0, 763.0, 1185.0, 4592.0, 3.0, 1.0]}, ""pj"": 0.0, ""observation_count"": 396, ""finished_count"": 156, ""unfinished_count"": 240, ""exceedance_count"": 0, ""estimator_numerator"": 0, ""estimator_denominator"": 395, ""estimator"": ""flexdc_rank_cdf_v1"", ""horizon_seconds"": 3600, ""threshold_sojourn_seconds"": 4740.0, ""threshold_exceeds_horizon"": true}, {""job"": {""index"": 2, ""section"": ""Llama.train.4"", ""descriptors"": [200.0, 742.0, 1242.0, 4921.0, 3.0, 1.0]}, ""pj"": 0.0, ""observation_count"": 413, ""finished_count"": 166, ""unfinished_count"": 247, ""exceedance_count"": 0, ""estimator_numerator"": 0, ""estimator_denominator"": 412, ""estimator"": ""flexdc_rank_cdf_v1"", ""horizon_seconds"": 3600, ""threshold_sojourn_seconds"": 4968.0, ""threshold_exceeds_horizon"": true}, {""job"": {""index"": 3, ""section"": ""Bloom.train.4"", ""descriptors"": [202.0, 726.0, 1104.0, 4202.0, 3.0, 1.0]}, ""pj"": 0.0, ""observation_count"": 474, ""finished_count"": 150, ""unfinished_count"": 324, ""exceedance_count"": 0, ""estimator_numerator"": 0, ""estimator_denominator"": 473, ""estimator"": ""flexdc_rank_cdf_v1"", ""horizon_seconds"": 3600, ""threshold_sojourn_seconds"": 4416.0, ""threshold_exceeds_horizon"": true}]","{""mean_tracking"": -0.00042713977919686674, ""p90"": 0.002326449692249294, ""pj"": [0.045367902233113266, -6.371366367829978e-08, -6.112334631325211e-06, -2.280842608115563e-07], ""max_pj"": 0.045367902233113266, ""objective"": 0.8496407399999981}",CONFIRMATION_ALL_PASS,2.0,2.0,2.0,108.16463759999533,1.383940600000642,476.6242060999939
c003,1,SERIOUS_DEVELOPMENT,ORIGINAL_W1,W1-train-qos4444,27337bc0143e9b41efcc0970ac953ecfd9a82ba65222fcf09677ff55b58e3d09,4,ac246f1ae2ab5d936cd97f121ee5dd32fe74f0afa2a37053b04906fad619daca,controlled_development_v2,v3_only,1000,0.6,fixed,2607831177,"[1761995179, 1837503171]",300003.0,512,1500,1,True,True,DONE,True,9d86e128d392f392a648154e0ab13132d8c7fed11f3432838f599361293bc932,330.3289558999968,False,15872.0,6.0,32.3547710999992,DONE,V3_SELECTED_BEFORE_VALIDATION,1.0,1.0,1.0,2.0,3.0,0.0,1.0,1.0,340.5946516999975,"{""candidate_id"": ""v3-1500-0383"", ""Pbar"": 0.3352040648460388, ""R"": 0.2009887546300888, ""weights"": [0.44960519671440125, 0.1697465032339096, 0.18469057977199554, 0.1959577351808548], ""source"": ""V3 endpoint"", ""start_id"": 383, ""iteration"": 1500, ""region_id"": null, ""prediction"": {""mean_tracking"": 0.0054026138968765736, ""p90"": 0.006256770342588425, ""pj"": [0.014538722112774849, 1.4524989637720864e-06, 2.38591451307002e-06, 1.4128749725728085e-08], ""objective"": 61.69683074951172}, ""provenance"": {}}",v3_endpoint,V3 endpoint,61.53340505872971,0.006,"[0.0, 0.0, 0.0, 0.0]","{""tracking_pass"": true, ""qos_numerical_pass"": true, ""max_pj"": 0.0, ""worst_violation"": 0.0, ""total_violation"": 0.0, ""per_job_evidence_counts"": [1461, 299, 252, 323], ""ordered_job_sections"": [""Resnet.train.4"", ""GPT2.train.4"", ""Llama.train.4"", ""Bloom.train.4""], ""execution_status"": ""PARSED"", ""execution_valid"": true, ""numerical_feasible"": true, ""evidence_status"": ""SUFFICIENT"", ""evidence_sufficient"": true, ""evidence_qualified_feasible"": true, ""min_qos_observations_per_type"": 1, ""statistical_reliability_established"": false}","[{""job"": {""index"": 0, ""section"": ""Resnet.train.4"", ""descriptors"": [199.0, 755.0, 337.0, 1321.0, 4.0, 1.0]}, ""pj"": 0.0, ""observation_count"": 1461, ""finished_count"": 1060, ""unfinished_count"": 401, ""exceedance_count"": 0, ""estimator_numerator"": 0, ""estimator_denominator"": 1460, ""estimator"": ""flexdc_rank_cdf_v1"", ""horizon_seconds"": 3600, ""threshold_sojourn_seconds"": 1685.0, ""threshold_exceeds_horizon"": false}, {""job"": {""index"": 1, ""section"": ""GPT2.train.4"", ""descriptors"": [201.0, 763.0, 1185.0, 4592.0, 4.0, 1.0]}, ""pj"": 0.0, ""observation_count"": 299, ""finished_count"": 0, ""unfinished_count"": 299, ""exceedance_count"": 0, ""estimator_numerator"": 0, ""estimator_denominator"": 298, ""estimator"": ""flexdc_rank_cdf_v1"", ""horizon_seconds"": 3600, ""threshold_sojourn_seconds"": 5925.0, ""threshold_exceeds_horizon"": true}, {""job"": {""index"": 2, ""section"": ""Llama.train.4"", ""descriptors"": [200.0, 742.0, 1242.0, 4921.0, 4.0, 1.0]}, ""pj"": 0.0, ""observation_count"": 252, ""finished_count"": 0, ""unfinished_count"": 252, ""exceedance_count"": 0, ""estimator_numerator"": 0, ""estimator_denominator"": 251, ""estimator"": ""flexdc_rank_cdf_v1"", ""horizon_seconds"": 3600, ""threshold_sojourn_seconds"": 6210.0, ""threshold_exceeds_horizon"": true}, {""job"": {""index"": 3, ""section"": ""Bloom.train.4"", ""descriptors"": [202.0, 726.0, 1104.0, 4202.0, 4.0, 1.0]}, ""pj"": 0.0, ""observation_count"": 323, ""finished_count"": 0, ""unfinished_count"": 323, ""exceedance_count"": 0, ""estimator_numerator"": 0, ""estimator_denominator"": 322, ""estimator"": ""flexdc_rank_cdf_v1"", ""horizon_seconds"": 3600, ""threshold_sojourn_seconds"": 5520.0, ""threshold_exceeds_horizon"": true}]","{""mean_tracking"": 0.005009886103123426, ""p90"": -0.00025677034258842456, ""pj"": [-0.014538722112774849, -1.4524989637720864e-06, -2.38591451307002e-06, -1.4128749725728085e-08], ""max_pj"": -0.014538722112774849, ""objective"": -0.16342569078200597}",CONFIRMATION_ALL_PASS,2.0,2.0,2.0,31.90608820000125,32.30559779999385,362.23504409999805
c003,1,SERIOUS_DEVELOPMENT,ORIGINAL_W1,W1-train-qos4444,27337bc0143e9b41efcc0970ac953ecfd9a82ba65222fcf09677ff55b58e3d09,4,ac246f1ae2ab5d936cd97f121ee5dd32fe74f0afa2a37053b04906fad619daca,controlled_development_v2,v3_fixed_probing,1000,0.6,fixed,2607831177,"[1761995179, 1837503171]",300003.0,512,1500,32,True,True,DONE,True,9d86e128d392f392a648154e0ab13132d8c7fed11f3432838f599361293bc932,330.3289558999968,True,15872.0,6.0,106.54713339999944,DONE,HARD_MAX_SEARCH_CALLS,4.0,32.0,32.0,2.0,31.0,3.0,1.0,8.0,356.04745649999677,"{""candidate_id"": ""v3-1500-0383"", ""Pbar"": 0.3352040648460388, ""R"": 0.2009887546300888, ""weights"": [0.44960519671440125, 0.1697465032339096, 0.18469057977199554, 0.1959577351808548], ""source"": ""V3 endpoint"", ""start_id"": 383, ""iteration"": 1500, ""region_id"": ""region-01"", ""prediction"": {""mean_tracking"": 0.0054026138968765736, ""p90"": 0.006256770342588425, ""pj"": [0.014538722112774849, 1.4524989637720864e-06, 2.38591451307002e-06, 1.4128749725728085e-08], ""objective"": 61.69683074951172}, ""provenance"": {}}",initial_v3_region_representative,V3 endpoint,61.53340505872971,0.006,"[0.0, 0.0, 0.0, 0.0]","{""tracking_pass"": true, ""qos_numerical_pass"": true, ""max_pj"": 0.0, ""worst_violation"": 0.0, ""total_violation"": 0.0, ""per_job_evidence_counts"": [1461, 299, 252, 323], ""ordered_job_sections"": [""Resnet.train.4"", ""GPT2.train.4"", ""Llama.train.4"", ""Bloom.train.4""], ""execution_status"": ""PARSED"", ""execution_valid"": true, ""numerical_feasible"": true, ""evidence_status"": ""SUFFICIENT"", ""evidence_sufficient"": true, ""evidence_qualified_feasible"": true, ""min_qos_observations_per_type"": 1, ""statistical_reliability_established"": false}","[{""job"": {""index"": 0, ""section"": ""Resnet.train.4"", ""descriptors"": [199.0, 755.0, 337.0, 1321.0, 4.0, 1.0]}, ""pj"": 0.0, ""observation_count"": 1461, ""finished_count"": 1060, ""unfinished_count"": 401, ""exceedance_count"": 0, ""estimator_numerator"": 0, ""estimator_denominator"": 1460, ""estimator"": ""flexdc_rank_cdf_v1"", ""horizon_seconds"": 3600, ""threshold_sojourn_seconds"": 1685.0, ""threshold_exceeds_horizon"": false}, {""job"": {""index"": 1, ""section"": ""GPT2.train.4"", ""descriptors"": [201.0, 763.0, 1185.0, 4592.0, 4.0, 1.0]}, ""pj"": 0.0, ""observation_count"": 299, ""finished_count"": 0, ""unfinished_count"": 299, ""exceedance_count"": 0, ""estimator_numerator"": 0, ""estimator_denominator"": 298, ""estimator"": ""flexdc_rank_cdf_v1"", ""horizon_seconds"": 3600, ""threshold_sojourn_seconds"": 5925.0, ""threshold_exceeds_horizon"": true}, {""job"": {""index"": 2, ""section"": ""Llama.train.4"", ""descriptors"": [200.0, 742.0, 1242.0, 4921.0, 4.0, 1.0]}, ""pj"": 0.0, ""observation_count"": 252, ""finished_count"": 0, ""unfinished_count"": 252, ""exceedance_count"": 0, ""estimator_numerator"": 0, ""estimator_denominator"": 251, ""estimator"": ""flexdc_rank_cdf_v1"", ""horizon_seconds"": 3600, ""threshold_sojourn_seconds"": 6210.0, ""threshold_exceeds_horizon"": true}, {""job"": {""index"": 3, ""section"": ""Bloom.train.4"", ""descriptors"": [202.0, 726.0, 1104.0, 4202.0, 4.0, 1.0]}, ""pj"": 0.0, ""observation_count"": 323, ""finished_count"": 0, ""unfinished_count"": 323, ""exceedance_count"": 0, ""estimator_numerator"": 0, ""estimator_denominator"": 322, ""estimator"": ""flexdc_rank_cdf_v1"", ""horizon_seconds"": 3600, ""threshold_sojourn_seconds"": 5520.0, ""threshold_exceeds_horizon"": true}]","{""mean_tracking"": 0.005009886103123426, ""p90"": -0.00025677034258842456, ""pj"": [-0.014538722112774849, -1.4524989637720864e-06, -2.38591451307002e-06, -1.4128749725728085e-08], ""max_pj"": -0.014538722112774849, ""objective"": -0.16342569078200597}",CONFIRMATION_ALL_PASS,2.0,2.0,2.0,126.56771710000248,106.22662010000204,456.8966729999993
c003,1,SERIOUS_DEVELOPMENT,ORIGINAL_W1,W1-train-qos4444,27337bc0143e9b41efcc0970ac953ecfd9a82ba65222fcf09677ff55b58e3d09,4,ac246f1ae2ab5d936cd97f121ee5dd32fe74f0afa2a37053b04906fad619daca,controlled_development_v2,simulator_only_adaptive,1000,0.6,fixed,2607831177,"[1761995179, 1837503171]",,0,0,32,True,True,DONE,True,,0.0,False,0.0,0.0,114.45984920000046,DONE,HARD_MAX_SEARCH_CALLS,4.0,32.0,32.0,2.0,26.0,8.0,1.0,8.0,24.0741889000019,"{""candidate_id"": ""b004-local-0000"", ""Pbar"": 0.3313112457060497, ""R"": 0.04175651290653405, ""weights"": [0.38902548465566733, 0.20597480498111215, 0.18297723956916362, 0.22202247079405701], ""source"": ""local"", ""start_id"": null, ""iteration"": null, ""region_id"": null, ""prediction"": null, ""provenance"": {""anchor"": ""b003-local-0002"", ""radius"": 0.12}}",local_refinement,local,76.88392745933537,0.013,"[0.0, 0.0, 0.0, 0.0]","{""tracking_pass"": true, ""qos_numerical_pass"": true, ""max_pj"": 0.0, ""worst_violation"": 0.0, ""total_violation"": 0.0, ""per_job_evidence_counts"": [1461, 299, 252, 323], ""ordered_job_sections"": [""Resnet.train.4"", ""GPT2.train.4"", ""Llama.train.4"", ""Bloom.train.4""], ""execution_status"": ""PARSED"", ""execution_valid"": true, ""numerical_feasible"": true, ""evidence_status"": ""SUFFICIENT"", ""evidence_sufficient"": true, ""evidence_qualified_feasible"": true, ""min_qos_observations_per_type"": 1, ""statistical_reliability_established"": false}","[{""job"": {""index"": 0, ""section"": ""Resnet.train.4"", ""descriptors"": [199.0, 755.0, 337.0, 1321.0, 4.0, 1.0]}, ""pj"": 0.0, ""observation_count"": 1461, ""finished_count"": 947, ""unfinished_count"": 514, ""exceedance_count"": 0, ""estimator_numerator"": 0, ""estimator_denominator"": 1460, ""estimator"": ""flexdc_rank_cdf_v1"", ""horizon_seconds"": 3600, ""threshold_sojourn_seconds"": 1685.0, ""threshold_exceeds_horizon"": false}, {""job"": {""index"": 1, ""section"": ""GPT2.train.4"", ""descriptors"": [201.0, 763.0, 1185.0, 4592.0, 4.0, 1.0]}, ""pj"": 0.0, ""observation_count"": 299, ""finished_count"": 0, ""unfinished_count"": 299, ""exceedance_count"": 0, ""estimator_numerator"": 0, ""estimator_denominator"": 298, ""estimator"": ""flexdc_rank_cdf_v1"", ""horizon_seconds"": 3600, ""threshold_sojourn_seconds"": 5925.0, ""threshold_exceeds_horizon"": true}, {""job"": {""index"": 2, ""section"": ""Llama.train.4"", ""descriptors"": [200.0, 742.0, 1242.0, 4921.0, 4.0, 1.0]}, ""pj"": 0.0, ""observation_count"": 252, ""finished_count"": 0, ""unfinished_count"": 252, ""exceedance_count"": 0, ""estimator_numerator"": 0, ""estimator_denominator"": 251, ""estimator"": ""flexdc_rank_cdf_v1"", ""horizon_seconds"": 3600, ""threshold_sojourn_seconds"": 6210.0, ""threshold_exceeds_horizon"": true}, {""job"": {""index"": 3, ""section"": ""Bloom.train.4"", ""descriptors"": [202.0, 726.0, 1104.0, 4202.0, 4.0, 1.0]}, ""pj"": 0.0, ""observation_count"": 323, ""finished_count"": 0, ""unfinished_count"": 323, ""exceedance_count"": 0, ""estimator_numerator"": 0, ""estimator_denominator"": 322, ""estimator"": ""flexdc_rank_cdf_v1"", ""horizon_seconds"": 3600, ""threshold_sojourn_seconds"": 5520.0, ""threshold_exceeds_horizon"": true}]",{},CONFIRMATION_ALL_PASS,2.0,2.0,2.0,118.38978090000091,114.09110509999664,118.38978090000091
c003,1,SERIOUS_DEVELOPMENT,ORIGINAL_W1,W1-train-qos4444,27337bc0143e9b41efcc0970ac953ecfd9a82ba65222fcf09677ff55b58e3d09,4,ac246f1ae2ab5d936cd97f121ee5dd32fe74f0afa2a37053b04906fad619daca,controlled_development_v2,argos_fixed_budget,1000,0.6,fixed,2607831177,"[1761995179, 1837503171]",300003.0,512,1500,32,True,True,DONE,True,9d86e128d392f392a648154e0ab13132d8c7fed11f3432838f599361293bc932,330.3289558999968,True,15872.0,6.0,49.5772083999982,DONE,HARD_MAX_SEARCH_CALLS,4.0,32.0,32.0,2.0,12.0,22.0,1.0,8.0,356.04745649999677,"{""candidate_id"": ""v3-1500-0383"", ""Pbar"": 0.3352040648460388, ""R"": 0.2009887546300888, ""weights"": [0.44960519671440125, 0.1697465032339096, 0.18469057977199554, 0.1959577351808548], ""source"": ""V3 endpoint"", ""start_id"": 383, ""iteration"": 1500, ""region_id"": ""region-01"", ""prediction"": {""mean_tracking"": 0.0054026138968765736, ""p90"": 0.006256770342588425, ""pj"": [0.014538722112774849, 1.4524989637720864e-06, 2.38591451307002e-06, 1.4128749725728085e-08], ""objective"": 61.69683074951172}, ""provenance"": {}}",initial_v3_region_representative,V3 endpoint,61.53340505872971,0.006,"[0.0, 0.0, 0.0, 0.0]","{""tracking_pass"": true, ""qos_numerical_pass"": true, ""max_pj"": 0.0, ""worst_violation"": 0.0, ""total_violation"": 0.0, ""per_job_evidence_counts"": [1461, 299, 252, 323], ""ordered_job_sections"": [""Resnet.train.4"", ""GPT2.train.4"", ""Llama.train.4"", ""Bloom.train.4""], ""execution_status"": ""PARSED"", ""execution_valid"": true, ""numerical_feasible"": true, ""evidence_status"": ""SUFFICIENT"", ""evidence_sufficient"": true, ""evidence_qualified_feasible"": true, ""min_qos_observations_per_type"": 1, ""statistical_reliability_established"": false}","[{""job"": {""index"": 0, ""section"": ""Resnet.train.4"", ""descriptors"": [199.0, 755.0, 337.0, 1321.0, 4.0, 1.0]}, ""pj"": 0.0, ""observation_count"": 1461, ""finished_count"": 1060, ""unfinished_count"": 401, ""exceedance_count"": 0, ""estimator_numerator"": 0, ""estimator_denominator"": 1460, ""estimator"": ""flexdc_rank_cdf_v1"", ""horizon_seconds"": 3600, ""threshold_sojourn_seconds"": 1685.0, ""threshold_exceeds_horizon"": false}, {""job"": {""index"": 1, ""section"": ""GPT2.train.4"", ""descriptors"": [201.0, 763.0, 1185.0, 4592.0, 4.0, 1.0]}, ""pj"": 0.0, ""observation_count"": 299, ""finished_count"": 0, ""unfinished_count"": 299, ""exceedance_count"": 0, ""estimator_numerator"": 0, ""estimator_denominator"": 298, ""estimator"": ""flexdc_rank_cdf_v1"", ""horizon_seconds"": 3600, ""threshold_sojourn_seconds"": 5925.0, ""threshold_exceeds_horizon"": true}, {""job"": {""index"": 2, ""section"": ""Llama.train.4"", ""descriptors"": [200.0, 742.0, 1242.0, 4921.0, 4.0, 1.0]}, ""pj"": 0.0, ""observation_count"": 252, ""finished_count"": 0, ""unfinished_count"": 252, ""exceedance_count"": 0, ""estimator_numerator"": 0, ""estimator_denominator"": 251, ""estimator"": ""flexdc_rank_cdf_v1"", ""horizon_seconds"": 3600, ""threshold_sojourn_seconds"": 6210.0, ""threshold_exceeds_horizon"": true}, {""job"": {""index"": 3, ""section"": ""Bloom.train.4"", ""descriptors"": [202.0, 726.0, 1104.0, 4202.0, 4.0, 1.0]}, ""pj"": 0.0, ""observation_count"": 323, ""finished_count"": 0, ""unfinished_count"": 323, ""exceedance_count"": 0, ""estimator_numerator"": 0, ""estimator_denominator"": 322, ""estimator"": ""flexdc_rank_cdf_v1"", ""horizon_seconds"": 3600, ""threshold_sojourn_seconds"": 5520.0, ""threshold_exceeds_horizon"": true}]","{""mean_tracking"": 0.005009886103123426, ""p90"": -0.00025677034258842456, ""pj"": [-0.014538722112774849, -1.4524989637720864e-06, -2.38591451307002e-06, -1.4128749725728085e-08], ""max_pj"": -0.014538722112774849, ""objective"": -0.16342569078200597}",CONFIRMATION_ALL_PASS,2.0,2.0,2.0,125.69479480000155,49.05040490000465,456.02375069999835
c003,1,SERIOUS_DEVELOPMENT,ORIGINAL_W1,W1-train-qos4444,27337bc0143e9b41efcc0970ac953ecfd9a82ba65222fcf09677ff55b58e3d09,4,ac246f1ae2ab5d936cd97f121ee5dd32fe74f0afa2a37053b04906fad619daca,controlled_development_v2,argos_early_stop,1000,0.6,fixed,2607831177,"[1761995179, 1837503171]",300003.0,512,1500,32,True,True,DONE,True,9d86e128d392f392a648154e0ab13132d8c7fed11f3432838f599361293bc932,330.3289558999968,True,15872.0,6.0,1.2178776000000653,DONE,EARLY_STOP_QUALIFIED_LOCAL_PATIENCE,2.0,16.0,16.0,2.0,0.0,18.0,1.0,8.0,356.04745649999677,"{""candidate_id"": ""v3-1500-0383"", ""Pbar"": 0.3352040648460388, ""R"": 0.2009887546300888, ""weights"": [0.44960519671440125, 0.1697465032339096, 0.18469057977199554, 0.1959577351808548], ""source"": ""V3 endpoint"", ""start_id"": 383, ""iteration"": 1500, ""region_id"": ""region-01"", ""prediction"": {""mean_tracking"": 0.0054026138968765736, ""p90"": 0.006256770342588425, ""pj"": [0.014538722112774849, 1.4524989637720864e-06, 2.38591451307002e-06, 1.4128749725728085e-08], ""objective"": 61.69683074951172}, ""provenance"": {}}",initial_v3_region_representative,V3 endpoint,61.53340505872971,0.006,"[0.0, 0.0, 0.0, 0.0]","{""tracking_pass"": true, ""qos_numerical_pass"": true, ""max_pj"": 0.0, ""worst_violation"": 0.0, ""total_violation"": 0.0, ""per_job_evidence_counts"": [1461, 299, 252, 323], ""ordered_job_sections"": [""Resnet.train.4"", ""GPT2.train.4"", ""Llama.train.4"", ""Bloom.train.4""], ""execution_status"": ""PARSED"", ""execution_valid"": true, ""numerical_feasible"": true, ""evidence_status"": ""SUFFICIENT"", ""evidence_sufficient"": true, ""evidence_qualified_feasible"": true, ""min_qos_observations_per_type"": 1, ""statistical_reliability_established"": false}","[{""job"": {""index"": 0, ""section"": ""Resnet.train.4"", ""descriptors"": [199.0, 755.0, 337.0, 1321.0, 4.0, 1.0]}, ""pj"": 0.0, ""observation_count"": 1461, ""finished_count"": 1060, ""unfinished_count"": 401, ""exceedance_count"": 0, ""estimator_numerator"": 0, ""estimator_denominator"": 1460, ""estimator"": ""flexdc_rank_cdf_v1"", ""horizon_seconds"": 3600, ""threshold_sojourn_seconds"": 1685.0, ""threshold_exceeds_horizon"": false}, {""job"": {""index"": 1, ""section"": ""GPT2.train.4"", ""descriptors"": [201.0, 763.0, 1185.0, 4592.0, 4.0, 1.0]}, ""pj"": 0.0, ""observation_count"": 299, ""finished_count"": 0, ""unfinished_count"": 299, ""exceedance_count"": 0, ""estimator_numerator"": 0, ""estimator_denominator"": 298, ""estimator"": ""flexdc_rank_cdf_v1"", ""horizon_seconds"": 3600, ""threshold_sojourn_seconds"": 5925.0, ""threshold_exceeds_horizon"": true}, {""job"": {""index"": 2, ""section"": ""Llama.train.4"", ""descriptors"": [200.0, 742.0, 1242.0, 4921.0, 4.0, 1.0]}, ""pj"": 0.0, ""observation_count"": 252, ""finished_count"": 0, ""unfinished_count"": 252, ""exceedance_count"": 0, ""estimator_numerator"": 0, ""estimator_denominator"": 251, ""estimator"": ""flexdc_rank_cdf_v1"", ""horizon_seconds"": 3600, ""threshold_sojourn_seconds"": 6210.0, ""threshold_exceeds_horizon"": true}, {""job"": {""index"": 3, ""section"": ""Bloom.train.4"", ""descriptors"": [202.0, 726.0, 1104.0, 4202.0, 4.0, 1.0]}, ""pj"": 0.0, ""observation_count"": 323, ""finished_count"": 0, ""unfinished_count"": 323, ""exceedance_count"": 0, ""estimator_numerator"": 0, ""estimator_denominator"": 322, ""estimator"": ""flexdc_rank_cdf_v1"", ""horizon_seconds"": 3600, ""threshold_sojourn_seconds"": 5520.0, ""threshold_exceeds_horizon"": true}]","{""mean_tracking"": 0.005009886103123426, ""p90"": -0.00025677034258842456, ""pj"": [-0.014538722112774849, -1.4524989637720864e-06, -2.38591451307002e-06, -1.4128749725728085e-08], ""max_pj"": -0.014538722112774849, ""objective"": -0.16342569078200597}",CONFIRMATION_ALL_PASS,2.0,2.0,2.0,73.32121490000281,0.9461405999973067,403.6501707999996
c004,1,SERIOUS_DEVELOPMENT,ORIGINAL_W1,W1-train-qos4444,27337bc0143e9b41efcc0970ac953ecfd9a82ba65222fcf09677ff55b58e3d09,4,ac246f1ae2ab5d936cd97f121ee5dd32fe74f0afa2a37053b04906fad619daca,controlled_development_v2,v3_only,1000,0.8,fixed,1607627967,"[1164121249, 3893736741]",300004.0,512,1500,1,True,True,NO_BID,False,b351ddd5620b20f241a66f03f6500e9d79deea68f494133c7382b3ac191ad0b5,344.2957478999997,False,15872.0,6.0,10.33446610000101,NO_BID,V3_SELECTED_POINT_NOT_QUALIFIED,1.0,1.0,1.0,0.0,1.0,0.0,,,,"{""candidate_id"": ""v3-1500-0275"", ""Pbar"": 0.38349318504333496, ""R"": 0.22992466390132904, ""weights"": [0.44805729389190674, 0.2322375327348709, 0.15970204770565033, 0.16000311076641083], ""source"": ""V3 endpoint"", ""start_id"": 275, ""iteration"": 1500, ""region_id"": null, ""prediction"": {""mean_tracking"": 0.0024591777473688126, ""p90"": 0.005444679409265518, ""pj"": [0.03400452435016632, 1.808837077987846e-05, 1.9863728084601462e-05, 8.604611707596632e-07], ""objective"": 63.940216064453125}, ""provenance"": {}}",v3_endpoint,V3 endpoint,65.21560845597398,0.005,"[0.10099424385138667, 0.0, 0.0, 0.0]","{""tracking_pass"": true, ""qos_numerical_pass"": false, ""max_pj"": 0.10099424385138667, ""worst_violation"": 0.00994243851386667, ""total_violation"": 0.00994243851386667, ""per_job_evidence_counts"": [1912, 390, 375, 462], ""ordered_job_sections"": [""Resnet.train.4"", ""GPT2.train.4"", ""Llama.train.4"", ""Bloom.train.4""], ""execution_status"": ""PARSED"", ""execution_valid"": true, ""numerical_feasible"": false, ""evidence_status"": ""SUFFICIENT"", ""evidence_sufficient"": true, ""evidence_qualified_feasible"": false, ""min_qos_observations_per_type"": 1, ""statistical_reliability_established"": false}","[{""job"": {""index"": 0, ""section"": ""Resnet.train.4"", ""descriptors"": [199.0, 755.0, 337.0, 1321.0, 4.0, 1.0]}, ""pj"": 0.10099424385138667, ""observation_count"": 1912, ""finished_count"": 1243, ""unfinished_count"": 669, ""exceedance_count"": 194, ""estimator_numerator"": 193, ""estimator_denominator"": 1911, ""estimator"": ""flexdc_rank_cdf_v1"", ""horizon_seconds"": 3600, ""threshold_sojourn_seconds"": 1685.0, ""threshold_exceeds_horizon"": false}, {""job"": {""index"": 1, ""section"": ""GPT2.train.4"", ""descriptors"": [201.0, 763.0, 1185.0, 4592.0, 4.0, 1.0]}, ""pj"": 0.0, ""observation_count"": 390, ""finished_count"": 71, ""unfinished_count"": 319, ""exceedance_count"": 0, ""estimator_numerator"": 0, ""estimator_denominator"": 389, ""estimator"": ""flexdc_rank_cdf_v1"", ""horizon_seconds"": 3600, ""threshold_sojourn_seconds"": 5925.0, ""threshold_exceeds_horizon"": true}, {""job"": {""index"": 2, ""section"": ""Llama.train.4"", ""descriptors"": [200.0, 742.0, 1242.0, 4921.0, 4.0, 1.0]}, ""pj"": 0.0, ""observation_count"": 375, ""finished_count"": 21, ""unfinished_count"": 354, ""exceedance_count"": 0, ""estimator_numerator"": 0, ""estimator_denominator"": 374, ""estimator"": ""flexdc_rank_cdf_v1"", ""horizon_seconds"": 3600, ""threshold_sojourn_seconds"": 6210.0, ""threshold_exceeds_horizon"": true}, {""job"": {""index"": 3, ""section"": ""Bloom.train.4"", ""descriptors"": [202.0, 726.0, 1104.0, 4202.0, 4.0, 1.0]}, ""pj"": 0.0, ""observation_count"": 462, ""finished_count"": 4, ""unfinished_count"": 458, ""exceedance_count"": 0, ""estimator_numerator"": 0, ""estimator_denominator"": 461, ""estimator"": ""flexdc_rank_cdf_v1"", ""horizon_seconds"": 3600, ""threshold_sojourn_seconds"": 5520.0, ""threshold_exceeds_horizon"": true}]","{""mean_tracking"": -0.0008663999695911126, ""p90"": -0.0004446794092655181, ""pj"": [0.06698971950122035, -1.808837077987846e-05, -1.9863728084601462e-05, -8.604611707596632e-07], ""max_pj"": 0.06698971950122035, ""objective"": 1.2753923915208532}",CONFIRMATION_NOT_RUN,0.0,2.0,0.0,10.166227400000935,10.313017100001161,354.46197530000063
c004,1,SERIOUS_DEVELOPMENT,ORIGINAL_W1,W1-train-qos4444,27337bc0143e9b41efcc0970ac953ecfd9a82ba65222fcf09677ff55b58e3d09,4,ac246f1ae2ab5d936cd97f121ee5dd32fe74f0afa2a37053b04906fad619daca,controlled_development_v2,v3_fixed_probing,1000,0.8,fixed,1607627967,"[1164121249, 3893736741]",300004.0,512,1500,32,True,True,DONE,True,b351ddd5620b20f241a66f03f6500e9d79deea68f494133c7382b3ac191ad0b5,344.2957478999997,True,15872.0,6.0,131.6987287999982,DONE,HARD_MAX_SEARCH_CALLS,4.0,32.0,32.0,2.0,33.0,1.0,1.0,8.0,369.21470209999825,"{""candidate_id"": ""fixed-b004-local-0000"", ""Pbar"": 0.44014372991348494, ""R"": 0.2605855241349975, ""weights"": [0.45, 0.21000219222135136, 0.18471882269225776, 0.15527898508639104], ""source"": ""local"", ""start_id"": null, ""iteration"": null, ""region_id"": ""region-01"", ""prediction"": {""mean_tracking"": 0.0016106462571769953, ""p90"": 0.0047057312913239, ""pj"": [0.005843785125762224, 1.7674035746040317e-07, 2.2808455923950532e-06, 8.985707040665147e-07], ""objective"": 66.00539666444762}, ""provenance"": {""anchor"": ""v3-1500-0275"", ""radius"": 0.12}}",local_refinement,local,65.90169673661688,0.005,"[0.0, 0.0, 0.0, 0.0]","{""tracking_pass"": true, ""qos_numerical_pass"": true, ""max_pj"": 0.0, ""worst_violation"": 0.0, ""total_violation"": 0.0, ""per_job_evidence_counts"": [1912, 390, 375, 462], ""ordered_job_sections"": [""Resnet.train.4"", ""GPT2.train.4"", ""Llama.train.4"", ""Bloom.train.4""], ""execution_status"": ""PARSED"", ""execution_valid"": true, ""numerical_feasible"": true, ""evidence_status"": ""SUFFICIENT"", ""evidence_sufficient"": true, ""evidence_qualified_feasible"": true, ""min_qos_observations_per_type"": 1, ""statistical_reliability_established"": false}","[{""job"": {""index"": 0, ""section"": ""Resnet.train.4"", ""descriptors"": [199.0, 755.0, 337.0, 1321.0, 4.0, 1.0]}, ""pj"": 0.0, ""observation_count"": 1912, ""finished_count"": 1404, ""unfinished_count"": 508, ""exceedance_count"": 0, ""estimator_numerator"": 0, ""estimator_denominator"": 1911, ""estimator"": ""flexdc_rank_cdf_v1"", ""horizon_seconds"": 3600, ""threshold_sojourn_seconds"": 1685.0, ""threshold_exceeds_horizon"": false}, {""job"": {""index"": 1, ""section"": ""GPT2.train.4"", ""descriptors"": [201.0, 763.0, 1185.0, 4592.0, 4.0, 1.0]}, ""pj"": 0.0, ""observation_count"": 390, ""finished_count"": 94, ""unfinished_count"": 296, ""exceedance_count"": 0, ""estimator_numerator"": 0, ""estimator_denominator"": 389, ""estimator"": ""flexdc_rank_cdf_v1"", ""horizon_seconds"": 3600, ""threshold_sojourn_seconds"": 5925.0, ""threshold_exceeds_horizon"": true}, {""job"": {""index"": 2, ""section"": ""Llama.train.4"", ""descriptors"": [200.0, 742.0, 1242.0, 4921.0, 4.0, 1.0]}, ""pj"": 0.0, ""observation_count"": 375, ""finished_count"": 163, ""unfinished_count"": 212, ""exceedance_count"": 0, ""estimator_numerator"": 0, ""estimator_denominator"": 374, ""estimator"": ""flexdc_rank_cdf_v1"", ""horizon_seconds"": 3600, ""threshold_sojourn_seconds"": 6210.0, ""threshold_exceeds_horizon"": true}, {""job"": {""index"": 3, ""section"": ""Bloom.train.4"", ""descriptors"": [202.0, 726.0, 1104.0, 4202.0, 4.0, 1.0]}, ""pj"": 0.0, ""observation_count"": 462, ""finished_count"": 38, ""unfinished_count"": 424, ""exceedance_count"": 0, ""estimator_numerator"": 0, ""estimator_denominator"": 461, ""estimator"": ""flexdc_rank_cdf_v1"", ""horizon_seconds"": 3600, ""threshold_sojourn_seconds"": 5520.0, ""threshold_exceeds_horizon"": true}]","{""mean_tracking"": 6.907596504520481e-05, ""p90"": 0.0002942687086760999, ""pj"": [-0.005843785125762224, -1.7674035746040317e-07, -2.2808455923950532e-06, -8.985707040665147e-07], ""max_pj"": -0.005843785125762224, ""objective"": -0.10369992783073201}",CONFIRMATION_ALL_PASS,2.0,2.0,2.0,130.63138829999662,131.3422202000038,474.9271361999963
c004,1,SERIOUS_DEVELOPMENT,ORIGINAL_W1,W1-train-qos4444,27337bc0143e9b41efcc0970ac953ecfd9a82ba65222fcf09677ff55b58e3d09,4,ac246f1ae2ab5d936cd97f121ee5dd32fe74f0afa2a37053b04906fad619daca,controlled_development_v2,simulator_only_adaptive,1000,0.8,fixed,1607627967,"[1164121249, 3893736741]",,0,0,32,True,True,DONE,True,,0.0,False,0.0,0.0,127.12584910000078,DONE,HARD_MAX_SEARCH_CALLS,4.0,32.0,32.0,2.0,26.0,8.0,1.0,8.0,25.992354000001797,"{""candidate_id"": ""b001-independent-0005"", ""Pbar"": 0.3831387446160304, ""R"": 0.046908318876812904, ""weights"": [0.42405619337892786, 0.21571194249512232, 0.1679484498813003, 0.1922834142446495], ""source"": ""independent"", ""start_id"": null, ""iteration"": null, ""region_id"": null, ""prediction"": null, ""provenance"": {}}",independent_exploration,independent,81.56095061416869,0.013,"[0.0, 0.0, 0.0, 0.0]","{""tracking_pass"": true, ""qos_numerical_pass"": true, ""max_pj"": 0.0, ""worst_violation"": 0.0, ""total_violation"": 0.0, ""per_job_evidence_counts"": [1912, 390, 375, 462], ""ordered_job_sections"": [""Resnet.train.4"", ""GPT2.train.4"", ""Llama.train.4"", ""Bloom.train.4""], ""execution_status"": ""PARSED"", ""execution_valid"": true, ""numerical_feasible"": true, ""evidence_status"": ""SUFFICIENT"", ""evidence_sufficient"": true, ""evidence_qualified_feasible"": true, ""min_qos_observations_per_type"": 1, ""statistical_reliability_established"": false}","[{""job"": {""index"": 0, ""section"": ""Resnet.train.4"", ""descriptors"": [199.0, 755.0, 337.0, 1321.0, 4.0, 1.0]}, ""pj"": 0.0, ""observation_count"": 1912, ""finished_count"": 1462, ""unfinished_count"": 450, ""exceedance_count"": 0, ""estimator_numerator"": 0, ""estimator_denominator"": 1911, ""estimator"": ""flexdc_rank_cdf_v1"", ""horizon_seconds"": 3600, ""threshold_sojourn_seconds"": 1685.0, ""threshold_exceeds_horizon"": false}, {""job"": {""index"": 1, ""section"": ""GPT2.train.4"", ""descriptors"": [201.0, 763.0, 1185.0, 4592.0, 4.0, 1.0]}, ""pj"": 0.0, ""observation_count"": 390, ""finished_count"": 0, ""unfinished_count"": 390, ""exceedance_count"": 0, ""estimator_numerator"": 0, ""estimator_denominator"": 389, ""estimator"": ""flexdc_rank_cdf_v1"", ""horizon_seconds"": 3600, ""threshold_sojourn_seconds"": 5925.0, ""threshold_exceeds_horizon"": true}, {""job"": {""index"": 2, ""section"": ""Llama.train.4"", ""descriptors"": [200.0, 742.0, 1242.0, 4921.0, 4.0, 1.0]}, ""pj"": 0.0, ""observation_count"": 375, ""finished_count"": 0, ""unfinished_count"": 375, ""exceedance_count"": 0, ""estimator_numerator"": 0, ""estimator_denominator"": 374, ""estimator"": ""flexdc_rank_cdf_v1"", ""horizon_seconds"": 3600, ""threshold_sojourn_seconds"": 6210.0, ""threshold_exceeds_horizon"": true}, {""job"": {""index"": 3, ""section"": ""Bloom.train.4"", ""descriptors"": [202.0, 726.0, 1104.0, 4202.0, 4.0, 1.0]}, ""pj"": 0.0, ""observation_count"": 462, ""finished_count"": 29, ""unfinished_count"": 433, ""exceedance_count"": 0, ""estimator_numerator"": 0, ""estimator_denominator"": 461, ""estimator"": ""flexdc_rank_cdf_v1"", ""horizon_seconds"": 3600, ""threshold_sojourn_seconds"": 5520.0, ""threshold_exceeds_horizon"": true}]",{},CONFIRMATION_ALL_PASS,2.0,2.0,2.0,129.08600540000407,126.7184318000036,129.08600540000407
c004,1,SERIOUS_DEVELOPMENT,ORIGINAL_W1,W1-train-qos4444,27337bc0143e9b41efcc0970ac953ecfd9a82ba65222fcf09677ff55b58e3d09,4,ac246f1ae2ab5d936cd97f121ee5dd32fe74f0afa2a37053b04906fad619daca,controlled_development_v2,argos_fixed_budget,1000,0.8,fixed,1607627967,"[1164121249, 3893736741]",300004.0,512,1500,32,True,True,DONE,True,b351ddd5620b20f241a66f03f6500e9d79deea68f494133c7382b3ac191ad0b5,344.2957478999997,True,15872.0,6.0,97.71372410000185,DONE,HARD_MAX_SEARCH_CALLS,4.0,32.0,32.0,2.0,17.0,17.0,1.0,8.0,369.21470209999825,"{""candidate_id"": ""b003-local-0004"", ""Pbar"": 0.41174303269223467, ""R"": 0.1770082240109149, ""weights"": [0.42018931768411494, 0.27981068231588513, 0.15, 0.15], ""source"": ""local"", ""start_id"": null, ""iteration"": null, ""region_id"": null, ""prediction"": {""mean_tracking"": 0.002438510535284877, ""p90"": 0.005827088840305805, ""pj"": [0.004668578039854765, 5.480809340951964e-05, 1.1598048331507016e-05, 4.2146882606175495e-07], ""objective"": 71.5046676565395}, ""provenance"": {""anchor"": ""b002-local-0003"", ""radius"": 0.12}}",local_refinement,local,71.41752546692416,0.006,"[0.0, 0.0, 0.0, 0.0]","{""tracking_pass"": true, ""qos_numerical_pass"": true, ""max_pj"": 0.0, ""worst_violation"": 0.0, ""total_violation"": 0.0, ""per_job_evidence_counts"": [1912, 390, 375, 462], ""ordered_job_sections"": [""Resnet.train.4"", ""GPT2.train.4"", ""Llama.train.4"", ""Bloom.train.4""], ""execution_status"": ""PARSED"", ""execution_valid"": true, ""numerical_feasible"": true, ""evidence_status"": ""SUFFICIENT"", ""evidence_sufficient"": true, ""evidence_qualified_feasible"": true, ""min_qos_observations_per_type"": 1, ""statistical_reliability_established"": false}","[{""job"": {""index"": 0, ""section"": ""Resnet.train.4"", ""descriptors"": [199.0, 755.0, 337.0, 1321.0, 4.0, 1.0]}, ""pj"": 0.0, ""observation_count"": 1912, ""finished_count"": 1337, ""unfinished_count"": 575, ""exceedance_count"": 0, ""estimator_numerator"": 0, ""estimator_denominator"": 1911, ""estimator"": ""flexdc_rank_cdf_v1"", ""horizon_seconds"": 3600, ""threshold_sojourn_seconds"": 1685.0, ""threshold_exceeds_horizon"": false}, {""job"": {""index"": 1, ""section"": ""GPT2.train.4"", ""descriptors"": [201.0, 763.0, 1185.0, 4592.0, 4.0, 1.0]}, ""pj"": 0.0, ""observation_count"": 390, ""finished_count"": 125, ""unfinished_count"": 265, ""exceedance_count"": 0, ""estimator_numerator"": 0, ""estimator_denominator"": 389, ""estimator"": ""flexdc_rank_cdf_v1"", ""horizon_seconds"": 3600, ""threshold_sojourn_seconds"": 5925.0, ""threshold_exceeds_horizon"": true}, {""job"": {""index"": 2, ""section"": ""Llama.train.4"", ""descriptors"": [200.0, 742.0, 1242.0, 4921.0, 4.0, 1.0]}, ""pj"": 0.0, ""observation_count"": 375, ""finished_count"": 0, ""unfinished_count"": 375, ""exceedance_count"": 0, ""estimator_numerator"": 0, ""estimator_denominator"": 374, ""estimator"": ""flexdc_rank_cdf_v1"", ""horizon_seconds"": 3600, ""threshold_sojourn_seconds"": 6210.0, ""threshold_exceeds_horizon"": true}, {""job"": {""index"": 3, ""section"": ""Bloom.train.4"", ""descriptors"": [202.0, 726.0, 1104.0, 4202.0, 4.0, 1.0]}, ""pj"": 0.0, ""observation_count"": 462, ""finished_count"": 0, ""unfinished_count"": 462, ""exceedance_count"": 0, ""estimator_numerator"": 0, ""estimator_denominator"": 461, ""estimator"": ""flexdc_rank_cdf_v1"", ""horizon_seconds"": 3600, ""threshold_sojourn_seconds"": 5520.0, ""threshold_exceeds_horizon"": true}]","{""mean_tracking"": -9.962164639607668e-05, ""p90"": 0.00017291115969419492, ""pj"": [-0.004668578039854765, -5.480809340951964e-05, -1.1598048331507016e-05, -4.2146882606175495e-07], ""max_pj"": -0.004668578039854765, ""objective"": -0.08714218961533504}",CONFIRMATION_ALL_PASS,2.0,2.0,2.0,130.0506448999986,97.08310540000093,474.3463927999983
c004,1,SERIOUS_DEVELOPMENT,ORIGINAL_W1,W1-train-qos4444,27337bc0143e9b41efcc0970ac953ecfd9a82ba65222fcf09677ff55b58e3d09,4,ac246f1ae2ab5d936cd97f121ee5dd32fe74f0afa2a37053b04906fad619daca,controlled_development_v2,argos_early_stop,1000,0.8,fixed,1607627967,"[1164121249, 3893736741]",300004.0,512,1500,32,True,True,DONE,True,b351ddd5620b20f241a66f03f6500e9d79deea68f494133c7382b3ac191ad0b5,344.2957478999997,True,15872.0,6.0,23.763286100002006,DONE,EARLY_STOP_QUALIFIED_LOCAL_PATIENCE,2.0,16.0,16.0,2.0,2.0,16.0,1.0,8.0,369.21470209999825,"{""candidate_id"": ""v3-0000-0152"", ""Pbar"": 0.41670292615890503, ""R"": 0.1618143916130066, ""weights"": [0.3846343457698822, 0.18412812054157257, 0.2350703328847885, 0.1961672008037567], ""source"": ""V3 snapshot"", ""start_id"": 152, ""iteration"": 0, ""region_id"": ""region-02"", ""prediction"": {""mean_tracking"": 0.002654026495292783, ""p90"": 0.007166857831180096, ""pj"": [0.010175726376473904, 3.155987542413641e-07, 2.898331786127528e-06, 1.3656022979091631e-08], ""objective"": 73.61932373046875}, ""provenance"": {}}",initial_v3_region_representative,V3 snapshot,73.42244522097971,0.006,"[0.0, 0.0, 0.0, 0.0]","{""tracking_pass"": true, ""qos_numerical_pass"": true, ""max_pj"": 0.0, ""worst_violation"": 0.0, ""total_violation"": 0.0, ""per_job_evidence_counts"": [1912, 390, 375, 462], ""ordered_job_sections"": [""Resnet.train.4"", ""GPT2.train.4"", ""Llama.train.4"", ""Bloom.train.4""], ""execution_status"": ""PARSED"", ""execution_valid"": true, ""numerical_feasible"": true, ""evidence_status"": ""SUFFICIENT"", ""evidence_sufficient"": true, ""evidence_qualified_feasible"": true, ""min_qos_observations_per_type"": 1, ""statistical_reliability_established"": false}","[{""job"": {""index"": 0, ""section"": ""Resnet.train.4"", ""descriptors"": [199.0, 755.0, 337.0, 1321.0, 4.0, 1.0]}, ""pj"": 0.0, ""observation_count"": 1912, ""finished_count"": 1309, ""unfinished_count"": 603, ""exceedance_count"": 0, ""estimator_numerator"": 0, ""estimator_denominator"": 1911, ""estimator"": ""flexdc_rank_cdf_v1"", ""horizon_seconds"": 3600, ""threshold_sojourn_seconds"": 1685.0, ""threshold_exceeds_horizon"": false}, {""job"": {""index"": 1, ""section"": ""GPT2.train.4"", ""descriptors"": [201.0, 763.0, 1185.0, 4592.0, 4.0, 1.0]}, ""pj"": 0.0, ""observation_count"": 390, ""finished_count"": 0, ""unfinished_count"": 390, ""exceedance_count"": 0, ""estimator_numerator"": 0, ""estimator_denominator"": 389, ""estimator"": ""flexdc_rank_cdf_v1"", ""horizon_seconds"": 3600, ""threshold_sojourn_seconds"": 5925.0, ""threshold_exceeds_horizon"": true}, {""job"": {""index"": 2, ""section"": ""Llama.train.4"", ""descriptors"": [200.0, 742.0, 1242.0, 4921.0, 4.0, 1.0]}, ""pj"": 0.0, ""observation_count"": 375, ""finished_count"": 65, ""unfinished_count"": 310, ""exceedance_count"": 0, ""estimator_numerator"": 0, ""estimator_denominator"": 374, ""estimator"": ""flexdc_rank_cdf_v1"", ""horizon_seconds"": 3600, ""threshold_sojourn_seconds"": 6210.0, ""threshold_exceeds_horizon"": true}, {""job"": {""index"": 3, ""section"": ""Bloom.train.4"", ""descriptors"": [202.0, 726.0, 1104.0, 4202.0, 4.0, 1.0]}, ""pj"": 0.0, ""observation_count"": 462, ""finished_count"": 44, ""unfinished_count"": 418, ""exceedance_count"": 0, ""estimator_numerator"": 0, ""estimator_denominator"": 461, ""estimator"": ""flexdc_rank_cdf_v1"", ""horizon_seconds"": 3600, ""threshold_sojourn_seconds"": 5520.0, ""threshold_exceeds_horizon"": true}]","{""mean_tracking"": -0.0007431931619594828, ""p90"": -0.0011668578311800955, ""pj"": [-0.010175726376473904, -3.155987542413641e-07, -2.898331786127528e-06, -1.3656022979091631e-08], ""max_pj"": -0.010175726376473904, ""objective"": -0.1968785094890393}",CONFIRMATION_ALL_PASS,2.0,2.0,2.0,76.08117500000299,23.49060449999888,420.3769229000027
c005,1,SERIOUS_DEVELOPMENT,ORIGINAL_W2,W2-short-qos5_4.5_4_3.5,432b2d7a9f3eb87d305692001c25b83efa4db49387149d3f0ef523bf6ea10c15,4,03289d3f33c1161f493a500010b80e4e6063b9b1e0dfa99ac62bcf697a179200,controlled_development_v2,v3_only,1000,0.6,fixed,3335555103,"[1724203793, 2381187650]",300005.0,512,1500,1,True,True,DONE,True,28fb1dbb87b66cb24a675f44d65513d539734cb7ea9063c49476d8f01f2dec9e,314.1787054999986,False,15872.0,6.0,39.37626470000032,DONE,V3_SELECTED_BEFORE_VALIDATION,1.0,1.0,1.0,2.0,3.0,0.0,1.0,1.0,327.75803649999943,"{""candidate_id"": ""v3-1500-0027"", ""Pbar"": 0.47381454706192017, ""R"": 0.10080268979072571, ""weights"": [0.26256445050239563, 0.2516682744026184, 0.24889235198497772, 0.23687492311000824], ""source"": ""V3 endpoint"", ""start_id"": 27, ""iteration"": 1500, ""region_id"": null, ""prediction"": {""mean_tracking"": 0.06484528630971909, ""p90"": 0.1812742054462433, ""pj"": [0.007200670428574085, 0.00989101454615593, 0.01339554600417614, 0.005288861691951752], ""objective"": 86.71994018554688}, ""provenance"": {}}",v3_endpoint,V3 endpoint,87.91948650142828,0.25,"[0.0, 0.02411950827325071, 0.0, 0.058054912338736275]","{""tracking_pass"": true, ""qos_numerical_pass"": true, ""max_pj"": 0.058054912338736275, ""worst_violation"": 0.0, ""total_violation"": 0.0, ""per_job_evidence_counts"": [21374, 19280, 14846, 12093], ""ordered_job_sections"": [""Resnet.infer.4"", ""GPT2.infer.4"", ""Llama.infer.4"", ""Bloom.infer.4""], ""execution_status"": ""PARSED"", ""execution_valid"": true, ""numerical_feasible"": true, ""evidence_status"": ""SUFFICIENT"", ""evidence_sufficient"": true, ""evidence_qualified_feasible"": true, ""min_qos_observations_per_type"": 1, ""statistical_reliability_established"": false}","[{""job"": {""index"": 0, ""section"": ""Resnet.infer.4"", ""descriptors"": [199.0, 618.0, 25.0, 190.0, 5.0, 1.0]}, ""pj"": 0.0, ""observation_count"": 21374, ""finished_count"": 21366, ""unfinished_count"": 8, ""exceedance_count"": 0, ""estimator_numerator"": 0, ""estimator_denominator"": 21373, ""estimator"": ""flexdc_rank_cdf_v1"", ""horizon_seconds"": 3600, ""threshold_sojourn_seconds"": 150.0, ""threshold_exceeds_horizon"": false}, {""job"": {""index"": 1, ""section"": ""GPT2.infer.4"", ""descriptors"": [198.0, 732.0, 28.0, 180.0, 4.5, 1.0]}, ""pj"": 0.02411950827325071, ""observation_count"": 19280, ""finished_count"": 19034, ""unfinished_count"": 246, ""exceedance_count"": 466, ""estimator_numerator"": 465, ""estimator_denominator"": 19279, ""estimator"": ""flexdc_rank_cdf_v1"", ""horizon_seconds"": 3600, ""threshold_sojourn_seconds"": 154.0, ""threshold_exceeds_horizon"": false}, {""job"": {""index"": 2, ""section"": ""Llama.infer.4"", ""descriptors"": [202.0, 702.0, 36.0, 360.0, 4.0, 1.0]}, ""pj"": 0.0, ""observation_count"": 14846, ""finished_count"": 14734, ""unfinished_count"": 112, ""exceedance_count"": 0, ""estimator_numerator"": 0, ""estimator_denominator"": 14845, ""estimator"": ""flexdc_rank_cdf_v1"", ""horizon_seconds"": 3600, ""threshold_sojourn_seconds"": 180.0, ""threshold_exceeds_horizon"": false}, {""job"": {""index"": 3, ""section"": ""Bloom.infer.4"", ""descriptors"": [202.0, 698.0, 44.0, 386.0, 3.5, 1.0]}, ""pj"": 0.058054912338736275, ""observation_count"": 12093, ""finished_count"": 11807, ""unfinished_count"": 286, ""exceedance_count"": 703, ""estimator_numerator"": 702, ""estimator_denominator"": 12092, ""estimator"": ""flexdc_rank_cdf_v1"", ""horizon_seconds"": 3600, ""threshold_sojourn_seconds"": 198.0, ""threshold_exceeds_horizon"": false}]","{""mean_tracking"": 0.011954713690280908, ""p90"": 0.06872579455375671, ""pj"": [-0.007200670428574085, 0.014228493727094782, -0.01339554600417614, 0.052766050646784524], ""max_pj"": 0.044659366334560135, ""objective"": 1.1995463158814061}",CONFIRMATION_PARTIAL_PASS,1.0,2.0,2.0,38.95755260000078,39.33263850000367,353.1362580999994
c005,1,SERIOUS_DEVELOPMENT,ORIGINAL_W2,W2-short-qos5_4.5_4_3.5,432b2d7a9f3eb87d305692001c25b83efa4db49387149d3f0ef523bf6ea10c15,4,03289d3f33c1161f493a500010b80e4e6063b9b1e0dfa99ac62bcf697a179200,controlled_development_v2,v3_fixed_probing,1000,0.6,fixed,3335555103,"[1724203793, 2381187650]",300005.0,512,1500,32,True,True,DONE,True,28fb1dbb87b66cb24a675f44d65513d539734cb7ea9063c49476d8f01f2dec9e,314.1787054999986,True,15872.0,6.0,181.42933569999877,DONE,HARD_MAX_SEARCH_CALLS,4.0,32.0,32.0,2.0,34.0,0.0,1.0,8.0,351.3076900999986,"{""candidate_id"": ""v3-0150-0493"", ""Pbar"": 0.47513556480407715, ""R"": 0.12436037510633469, ""weights"": [0.263502836227417, 0.25144970417022705, 0.24786745011806488, 0.23718000948429108], ""source"": ""V3 snapshot"", ""start_id"": 493, ""iteration"": 150, ""region_id"": ""region-01"", ""prediction"": {""mean_tracking"": 0.07864179462194443, ""p90"": 0.2875605821609497, ""pj"": [0.011407111771404743, 0.02089453861117363, 0.0282614566385746, 0.00853043794631958], ""objective"": 85.79791259765625}, ""provenance"": {}}",initial_v3_region_representative,V3 snapshot,87.63248863849995,0.278,"[0.0, 0.08086519010322113, 0.0, 0.0745947734039033]","{""tracking_pass"": true, ""qos_numerical_pass"": true, ""max_pj"": 0.08086519010322113, ""worst_violation"": 0.0, ""total_violation"": 0.0, ""per_job_evidence_counts"": [21374, 19280, 14846, 12093], ""ordered_job_sections"": [""Resnet.infer.4"", ""GPT2.infer.4"", ""Llama.infer.4"", ""Bloom.infer.4""], ""execution_status"": ""PARSED"", ""execution_valid"": true, ""numerical_feasible"": true, ""evidence_status"": ""SUFFICIENT"", ""evidence_sufficient"": true, ""evidence_qualified_feasible"": true, ""min_qos_observations_per_type"": 1, ""statistical_reliability_established"": false}","[{""job"": {""index"": 0, ""section"": ""Resnet.infer.4"", ""descriptors"": [199.0, 618.0, 25.0, 190.0, 5.0, 1.0]}, ""pj"": 0.0, ""observation_count"": 21374, ""finished_count"": 21366, ""unfinished_count"": 8, ""exceedance_count"": 0, ""estimator_numerator"": 0, ""estimator_denominator"": 21373, ""estimator"": ""flexdc_rank_cdf_v1"", ""horizon_seconds"": 3600, ""threshold_sojourn_seconds"": 150.0, ""threshold_exceeds_horizon"": false}, {""job"": {""index"": 1, ""section"": ""GPT2.infer.4"", ""descriptors"": [198.0, 732.0, 28.0, 180.0, 4.5, 1.0]}, ""pj"": 0.08086519010322113, ""observation_count"": 19280, ""finished_count"": 19074, ""unfinished_count"": 206, ""exceedance_count"": 1560, ""estimator_numerator"": 1559, ""estimator_denominator"": 19279, ""estimator"": ""flexdc_rank_cdf_v1"", ""horizon_seconds"": 3600, ""threshold_sojourn_seconds"": 154.0, ""threshold_exceeds_horizon"": false}, {""job"": {""index"": 2, ""section"": ""Llama.infer.4"", ""descriptors"": [202.0, 702.0, 36.0, 360.0, 4.0, 1.0]}, ""pj"": 0.0, ""observation_count"": 14846, ""finished_count"": 14738, ""unfinished_count"": 108, ""exceedance_count"": 0, ""estimator_numerator"": 0, ""estimator_denominator"": 14845, ""estimator"": ""flexdc_rank_cdf_v1"", ""horizon_seconds"": 3600, ""threshold_sojourn_seconds"": 180.0, ""threshold_exceeds_horizon"": false}, {""job"": {""index"": 3, ""section"": ""Bloom.infer.4"", ""descriptors"": [202.0, 698.0, 44.0, 386.0, 3.5, 1.0]}, ""pj"": 0.0745947734039033, ""observation_count"": 12093, ""finished_count"": 11842, ""unfinished_count"": 251, ""exceedance_count"": 903, ""estimator_numerator"": 902, ""estimator_denominator"": 12092, ""estimator"": ""flexdc_rank_cdf_v1"", ""horizon_seconds"": 3600, ""threshold_sojourn_seconds"": 198.0, ""threshold_exceeds_horizon"": false}]","{""mean_tracking"": 0.017445983155833275, ""p90"": -0.009560582160949682, ""pj"": [-0.011407111771404743, 0.0599706514920475, -0.0282614566385746, 0.06606433545758372], ""max_pj"": 0.05260373346464653, ""objective"": 1.8345760408437002}",CONFIRMATION_NONE_PASS,0.0,2.0,2.0,179.49956310000562,181.04312890000438,493.67826860000423
c005,1,SERIOUS_DEVELOPMENT,ORIGINAL_W2,W2-short-qos5_4.5_4_3.5,432b2d7a9f3eb87d305692001c25b83efa4db49387149d3f0ef523bf6ea10c15,4,03289d3f33c1161f493a500010b80e4e6063b9b1e0dfa99ac62bcf697a179200,controlled_development_v2,simulator_only_adaptive,1000,0.6,fixed,3335555103,"[1724203793, 2381187650]",,0,0,32,True,True,NO_BID,False,,0.0,False,0.0,0.0,121.49331149999853,NO_BID,HARD_MAX_SEARCH_CALLS,4.0,32.0,32.0,0.0,24.0,8.0,,,,,,,,,,,,,CONFIRMATION_NOT_RUN,0.0,2.0,0.0,142.87474270000894,121.19323090000398,142.87474270000894
c005,1,SERIOUS_DEVELOPMENT,ORIGINAL_W2,W2-short-qos5_4.5_4_3.5,432b2d7a9f3eb87d305692001c25b83efa4db49387149d3f0ef523bf6ea10c15,4,03289d3f33c1161f493a500010b80e4e6063b9b1e0dfa99ac62bcf697a179200,controlled_development_v2,argos_fixed_budget,1000,0.6,fixed,3335555103,"[1724203793, 2381187650]",300005.0,512,1500,32,True,True,DONE,True,28fb1dbb87b66cb24a675f44d65513d539734cb7ea9063c49476d8f01f2dec9e,314.1787054999986,True,15872.0,6.0,74.12290790000043,DONE,HARD_MAX_SEARCH_CALLS,4.0,32.0,32.0,2.0,13.0,21.0,1.0,8.0,351.3076900999986,"{""candidate_id"": ""v3-0150-0493"", ""Pbar"": 0.47513556480407715, ""R"": 0.12436037510633469, ""weights"": [0.263502836227417, 0.25144970417022705, 0.24786745011806488, 0.23718000948429108], ""source"": ""V3 snapshot"", ""start_id"": 493, ""iteration"": 150, ""region_id"": ""region-01"", ""prediction"": {""mean_tracking"": 0.07864179462194443, ""p90"": 0.2875605821609497, ""pj"": [0.011407111771404743, 0.02089453861117363, 0.0282614566385746, 0.00853043794631958], ""objective"": 85.79791259765625}, ""provenance"": {}}",initial_v3_region_representative,V3 snapshot,87.63248863849995,0.278,"[0.0, 0.08086519010322113, 0.0, 0.0745947734039033]","{""tracking_pass"": true, ""qos_numerical_pass"": true, ""max_pj"": 0.08086519010322113, ""worst_violation"": 0.0, ""total_violation"": 0.0, ""per_job_evidence_counts"": [21374, 19280, 14846, 12093], ""ordered_job_sections"": [""Resnet.infer.4"", ""GPT2.infer.4"", ""Llama.infer.4"", ""Bloom.infer.4""], ""execution_status"": ""PARSED"", ""execution_valid"": true, ""numerical_feasible"": true, ""evidence_status"": ""SUFFICIENT"", ""evidence_sufficient"": true, ""evidence_qualified_feasible"": true, ""min_qos_observations_per_type"": 1, ""statistical_reliability_established"": false}","[{""job"": {""index"": 0, ""section"": ""Resnet.infer.4"", ""descriptors"": [199.0, 618.0, 25.0, 190.0, 5.0, 1.0]}, ""pj"": 0.0, ""observation_count"": 21374, ""finished_count"": 21366, ""unfinished_count"": 8, ""exceedance_count"": 0, ""estimator_numerator"": 0, ""estimator_denominator"": 21373, ""estimator"": ""flexdc_rank_cdf_v1"", ""horizon_seconds"": 3600, ""threshold_sojourn_seconds"": 150.0, ""threshold_exceeds_horizon"": false}, {""job"": {""index"": 1, ""section"": ""GPT2.infer.4"", ""descriptors"": [198.0, 732.0, 28.0, 180.0, 4.5, 1.0]}, ""pj"": 0.08086519010322113, ""observation_count"": 19280, ""finished_count"": 19074, ""unfinished_count"": 206, ""exceedance_count"": 1560, ""estimator_numerator"": 1559, ""estimator_denominator"": 19279, ""estimator"": ""flexdc_rank_cdf_v1"", ""horizon_seconds"": 3600, ""threshold_sojourn_seconds"": 154.0, ""threshold_exceeds_horizon"": false}, {""job"": {""index"": 2, ""section"": ""Llama.infer.4"", ""descriptors"": [202.0, 702.0, 36.0, 360.0, 4.0, 1.0]}, ""pj"": 0.0, ""observation_count"": 14846, ""finished_count"": 14738, ""unfinished_count"": 108, ""exceedance_count"": 0, ""estimator_numerator"": 0, ""estimator_denominator"": 14845, ""estimator"": ""flexdc_rank_cdf_v1"", ""horizon_seconds"": 3600, ""threshold_sojourn_seconds"": 180.0, ""threshold_exceeds_horizon"": false}, {""job"": {""index"": 3, ""section"": ""Bloom.infer.4"", ""descriptors"": [202.0, 698.0, 44.0, 386.0, 3.5, 1.0]}, ""pj"": 0.0745947734039033, ""observation_count"": 12093, ""finished_count"": 11842, ""unfinished_count"": 251, ""exceedance_count"": 903, ""estimator_numerator"": 902, ""estimator_denominator"": 12092, ""estimator"": ""flexdc_rank_cdf_v1"", ""horizon_seconds"": 3600, ""threshold_sojourn_seconds"": 198.0, ""threshold_exceeds_horizon"": false}]","{""mean_tracking"": 0.017445983155833275, ""p90"": -0.009560582160949682, ""pj"": [-0.011407111771404743, 0.0599706514920475, -0.0282614566385746, 0.06606433545758372], ""max_pj"": 0.05260373346464653, ""objective"": 1.8345760408437002}",CONFIRMATION_NONE_PASS,0.0,2.0,2.0,170.15053240000998,73.60235269999976,484.3292379000086
c005,1,SERIOUS_DEVELOPMENT,ORIGINAL_W2,W2-short-qos5_4.5_4_3.5,432b2d7a9f3eb87d305692001c25b83efa4db49387149d3f0ef523bf6ea10c15,4,03289d3f33c1161f493a500010b80e4e6063b9b1e0dfa99ac62bcf697a179200,controlled_development_v2,argos_early_stop,1000,0.6,fixed,3335555103,"[1724203793, 2381187650]",300005.0,512,1500,32,True,True,DONE,True,28fb1dbb87b66cb24a675f44d65513d539734cb7ea9063c49476d8f01f2dec9e,314.1787054999986,True,15872.0,6.0,1.8623951999979909,DONE,EARLY_STOP_QUALIFIED_LOCAL_PATIENCE,2.0,16.0,16.0,2.0,0.0,18.0,1.0,8.0,351.3076900999986,"{""candidate_id"": ""v3-0150-0493"", ""Pbar"": 0.47513556480407715, ""R"": 0.12436037510633469, ""weights"": [0.263502836227417, 0.25144970417022705, 0.24786745011806488, 0.23718000948429108], ""source"": ""V3 snapshot"", ""start_id"": 493, ""iteration"": 150, ""region_id"": ""region-01"", ""prediction"": {""mean_tracking"": 0.07864179462194443, ""p90"": 0.2875605821609497, ""pj"": [0.011407111771404743, 0.02089453861117363, 0.0282614566385746, 0.00853043794631958], ""objective"": 85.79791259765625}, ""provenance"": {}}",initial_v3_region_representative,V3 snapshot,87.63248863849995,0.278,"[0.0, 0.08086519010322113, 0.0, 0.0745947734039033]","{""tracking_pass"": true, ""qos_numerical_pass"": true, ""max_pj"": 0.08086519010322113, ""worst_violation"": 0.0, ""total_violation"": 0.0, ""per_job_evidence_counts"": [21374, 19280, 14846, 12093], ""ordered_job_sections"": [""Resnet.infer.4"", ""GPT2.infer.4"", ""Llama.infer.4"", ""Bloom.infer.4""], ""execution_status"": ""PARSED"", ""execution_valid"": true, ""numerical_feasible"": true, ""evidence_status"": ""SUFFICIENT"", ""evidence_sufficient"": true, ""evidence_qualified_feasible"": true, ""min_qos_observations_per_type"": 1, ""statistical_reliability_established"": false}","[{""job"": {""index"": 0, ""section"": ""Resnet.infer.4"", ""descriptors"": [199.0, 618.0, 25.0, 190.0, 5.0, 1.0]}, ""pj"": 0.0, ""observation_count"": 21374, ""finished_count"": 21366, ""unfinished_count"": 8, ""exceedance_count"": 0, ""estimator_numerator"": 0, ""estimator_denominator"": 21373, ""estimator"": ""flexdc_rank_cdf_v1"", ""horizon_seconds"": 3600, ""threshold_sojourn_seconds"": 150.0, ""threshold_exceeds_horizon"": false}, {""job"": {""index"": 1, ""section"": ""GPT2.infer.4"", ""descriptors"": [198.0, 732.0, 28.0, 180.0, 4.5, 1.0]}, ""pj"": 0.08086519010322113, ""observation_count"": 19280, ""finished_count"": 19074, ""unfinished_count"": 206, ""exceedance_count"": 1560, ""estimator_numerator"": 1559, ""estimator_denominator"": 19279, ""estimator"": ""flexdc_rank_cdf_v1"", ""horizon_seconds"": 3600, ""threshold_sojourn_seconds"": 154.0, ""threshold_exceeds_horizon"": false}, {""job"": {""index"": 2, ""section"": ""Llama.infer.4"", ""descriptors"": [202.0, 702.0, 36.0, 360.0, 4.0, 1.0]}, ""pj"": 0.0, ""observation_count"": 14846, ""finished_count"": 14738, ""unfinished_count"": 108, ""exceedance_count"": 0, ""estimator_numerator"": 0, ""estimator_denominator"": 14845, ""estimator"": ""flexdc_rank_cdf_v1"", ""horizon_seconds"": 3600, ""threshold_sojourn_seconds"": 180.0, ""threshold_exceeds_horizon"": false}, {""job"": {""index"": 3, ""section"": ""Bloom.infer.4"", ""descriptors"": [202.0, 698.0, 44.0, 386.0, 3.5, 1.0]}, ""pj"": 0.0745947734039033, ""observation_count"": 12093, ""finished_count"": 11842, ""unfinished_count"": 251, ""exceedance_count"": 903, ""estimator_numerator"": 902, ""estimator_denominator"": 12092, ""estimator"": ""flexdc_rank_cdf_v1"", ""horizon_seconds"": 3600, ""threshold_sojourn_seconds"": 198.0, ""threshold_exceeds_horizon"": false}]","{""mean_tracking"": 0.017445983155833275, ""p90"": -0.009560582160949682, ""pj"": [-0.011407111771404743, 0.0599706514920475, -0.0282614566385746, 0.06606433545758372], ""max_pj"": 0.05260373346464653, ""objective"": 1.8345760408437002}",CONFIRMATION_NONE_PASS,0.0,2.0,2.0,102.83452690000559,1.6047384000048623,417.0132324000042
c006,1,SERIOUS_DEVELOPMENT,ORIGINAL_W2,W2-short-qos5_4.5_4_3.5,432b2d7a9f3eb87d305692001c25b83efa4db49387149d3f0ef523bf6ea10c15,4,03289d3f33c1161f493a500010b80e4e6063b9b1e0dfa99ac62bcf697a179200,controlled_development_v2,v3_only,1000,0.8,fixed,1719353801,"[15226742, 3057023020]",300006.0,512,1500,1,True,True,NO_BID,False,03e1dc202a615c0a6538166f56dda9e16c20110e9f3086b92006665b70da8737,333.80486999999994,False,15872.0,6.0,16.903290800000832,NO_BID,V3_SELECTED_POINT_NOT_QUALIFIED,1.0,1.0,1.0,0.0,1.0,0.0,,,,"{""candidate_id"": ""v3-1500-0070"", ""Pbar"": 0.5874885320663452, ""R"": 0.1329021453857422, ""weights"": [0.25882488489151, 0.25588127970695496, 0.24318400025367737, 0.24210983514785767], ""source"": ""V3 endpoint"", ""start_id"": 70, ""iteration"": 1500, ""region_id"": null, ""prediction"": {""mean_tracking"": 0.0588018074631691, ""p90"": 0.25910234451293945, ""pj"": [0.007024616003036499, 0.01439825538545847, 0.010679561644792557, 0.007189899682998657], ""objective"": 95.31236267089844}, ""provenance"": {}}",v3_endpoint,V3 endpoint,97.44321227417493,0.386,"[0.0, 0.0, 0.09279129514885898, 0.010135970333745248]","{""tracking_pass"": false, ""qos_numerical_pass"": true, ""max_pj"": 0.09279129514885898, ""worst_violation"": 0.28666666666666685, ""total_violation"": 0.28666666666666685, ""per_job_evidence_counts"": [28597, 25354, 19852, 16181], ""ordered_job_sections"": [""Resnet.infer.4"", ""GPT2.infer.4"", ""Llama.infer.4"", ""Bloom.infer.4""], ""execution_status"": ""PARSED"", ""execution_valid"": true, ""numerical_feasible"": false, ""evidence_status"": ""SUFFICIENT"", ""evidence_sufficient"": true, ""evidence_qualified_feasible"": false, ""min_qos_observations_per_type"": 1, ""statistical_reliability_established"": false}","[{""job"": {""index"": 0, ""section"": ""Resnet.infer.4"", ""descriptors"": [199.0, 618.0, 25.0, 190.0, 5.0, 1.0]}, ""pj"": 0.0, ""observation_count"": 28597, ""finished_count"": 28257, ""unfinished_count"": 340, ""exceedance_count"": 0, ""estimator_numerator"": 0, ""estimator_denominator"": 28596, ""estimator"": ""flexdc_rank_cdf_v1"", ""horizon_seconds"": 3600, ""threshold_sojourn_seconds"": 150.0, ""threshold_exceeds_horizon"": false}, {""job"": {""index"": 1, ""section"": ""GPT2.infer.4"", ""descriptors"": [198.0, 732.0, 28.0, 180.0, 4.5, 1.0]}, ""pj"": 0.0, ""observation_count"": 25354, ""finished_count"": 25313, ""unfinished_count"": 41, ""exceedance_count"": 0, ""estimator_numerator"": 0, ""estimator_denominator"": 25353, ""estimator"": ""flexdc_rank_cdf_v1"", ""horizon_seconds"": 3600, ""threshold_sojourn_seconds"": 154.0, ""threshold_exceeds_horizon"": false}, {""job"": {""index"": 2, ""section"": ""Llama.infer.4"", ""descriptors"": [202.0, 702.0, 36.0, 360.0, 4.0, 1.0]}, ""pj"": 0.09279129514885898, ""observation_count"": 19852, ""finished_count"": 19439, ""unfinished_count"": 413, ""exceedance_count"": 1843, ""estimator_numerator"": 1842, ""estimator_denominator"": 19851, ""estimator"": ""flexdc_rank_cdf_v1"", ""horizon_seconds"": 3600, ""threshold_sojourn_seconds"": 180.0, ""threshold_exceeds_horizon"": false}, {""job"": {""index"": 3, ""section"": ""Bloom.infer.4"", ""descriptors"": [202.0, 698.0, 44.0, 386.0, 3.5, 1.0]}, ""pj"": 0.010135970333745248, ""observation_count"": 16181, ""finished_count"": 15826, ""unfinished_count"": 355, ""exceedance_count"": 165, ""estimator_numerator"": 164, ""estimator_denominator"": 16180, ""estimator"": ""flexdc_rank_cdf_v1"", ""horizon_seconds"": 3600, ""threshold_sojourn_seconds"": 198.0, ""threshold_exceeds_horizon"": false}]","{""mean_tracking"": 0.014972636981275309, ""p90"": 0.12689765548706056, ""pj"": [-0.007024616003036499, -0.01439825538545847, 0.08211173350406642, 0.0029460706507465906], ""max_pj"": 0.07839303976340051, ""objective"": 2.130849603276488}",CONFIRMATION_NOT_RUN,0.0,2.0,0.0,16.747143900000083,16.879865599999903,350.5520139
c006,1,SERIOUS_DEVELOPMENT,ORIGINAL_W2,W2-short-qos5_4.5_4_3.5,432b2d7a9f3eb87d305692001c25b83efa4db49387149d3f0ef523bf6ea10c15,4,03289d3f33c1161f493a500010b80e4e6063b9b1e0dfa99ac62bcf697a179200,controlled_development_v2,v3_fixed_probing,1000,0.8,fixed,1719353801,"[15226742, 3057023020]",300006.0,512,1500,32,True,True,NO_BID,False,03e1dc202a615c0a6538166f56dda9e16c20110e9f3086b92006665b70da8737,333.80486999999994,True,15872.0,6.0,209.20307070000126,NO_BID,HARD_MAX_SEARCH_CALLS,4.0,32.0,32.0,0.0,32.0,0.0,,,,,,,,,,,,,CONFIRMATION_NOT_RUN,0.0,2.0,0.0,206.9018507000037,208.96107480000137,540.7067207000036
c006,1,SERIOUS_DEVELOPMENT,ORIGINAL_W2,W2-short-qos5_4.5_4_3.5,432b2d7a9f3eb87d305692001c25b83efa4db49387149d3f0ef523bf6ea10c15,4,03289d3f33c1161f493a500010b80e4e6063b9b1e0dfa99ac62bcf697a179200,controlled_development_v2,simulator_only_adaptive,1000,0.8,fixed,1719353801,"[15226742, 3057023020]",,0,0,32,True,True,NO_BID,False,,0.0,False,0.0,0.0,175.88434459999917,NO_BID,HARD_MAX_SEARCH_CALLS,4.0,32.0,32.0,0.0,24.0,8.0,,,,,,,,,,,,,CONFIRMATION_NOT_RUN,0.0,2.0,0.0,195.6105318000009,175.56146199999785,195.6105318000009
c006,1,SERIOUS_DEVELOPMENT,ORIGINAL_W2,W2-short-qos5_4.5_4_3.5,432b2d7a9f3eb87d305692001c25b83efa4db49387149d3f0ef523bf6ea10c15,4,03289d3f33c1161f493a500010b80e4e6063b9b1e0dfa99ac62bcf697a179200,controlled_development_v2,argos_fixed_budget,1000,0.8,fixed,1719353801,"[15226742, 3057023020]",300006.0,512,1500,32,True,True,NO_BID,False,03e1dc202a615c0a6538166f56dda9e16c20110e9f3086b92006665b70da8737,333.80486999999994,True,15872.0,6.0,101.80418709999867,NO_BID,HARD_MAX_SEARCH_CALLS,4.0,32.0,32.0,0.0,14.0,18.0,,,,,,,,,,,,,CONFIRMATION_NOT_RUN,0.0,2.0,0.0,196.08861000000252,101.3649561999955,529.8934800000025
c006,1,SERIOUS_DEVELOPMENT,ORIGINAL_W2,W2-short-qos5_4.5_4_3.5,432b2d7a9f3eb87d305692001c25b83efa4db49387149d3f0ef523bf6ea10c15,4,03289d3f33c1161f493a500010b80e4e6063b9b1e0dfa99ac62bcf697a179200,controlled_development_v2,argos_early_stop,1000,0.8,fixed,1719353801,"[15226742, 3057023020]",300006.0,512,1500,32,True,True,NO_BID,False,03e1dc202a615c0a6538166f56dda9e16c20110e9f3086b92006665b70da8737,333.80486999999994,True,15872.0,6.0,3.566729199999827,NO_BID,HARD_MAX_SEARCH_CALLS,4.0,32.0,32.0,0.0,0.0,32.0,,,,,,,,,,,,,CONFIRMATION_NOT_RUN,0.0,2.0,0.0,196.08861000000252,3.063644599998952,529.8934800000025
c007,1,SERIOUS_DEVELOPMENT,ORIGINAL_W2,W2-short-qos5555,086a98b3cf7733c3ac08220bb606ca59e6c583cefb06b59518ebc706856cfdeb,4,97c8b3096063c04d4aafc76d33f0b603180e499eee1d6033cea9b61570817f99,controlled_development_v2,v3_only,1000,0.6,fixed,2166014542,"[286413294, 2621783785]",300007.0,512,1500,1,True,True,NO_BID,False,e6a6d8d4a2811ea7ba1de9c49f82d61b07f1d2feb0d5db73f5fc59ef90d8def8,309.6964717999981,False,15872.0,6.0,12.294507800001156,NO_BID,V3_SELECTED_POINT_NOT_QUALIFIED,1.0,1.0,1.0,0.0,1.0,0.0,,,,"{""candidate_id"": ""v3-1500-0076"", ""Pbar"": 0.47039520740509033, ""R"": 0.11621902137994766, ""weights"": [0.26825445890426636, 0.25292664766311646, 0.24729259312152863, 0.23152630031108856], ""source"": ""V3 endpoint"", ""start_id"": 76, ""iteration"": 1500, ""region_id"": null, ""prediction"": {""mean_tracking"": 0.062026094645261765, ""p90"": 0.14592349529266357, ""pj"": [0.008881406858563423, 0.008699615485966206, 0.008243548683822155, 0.00530523294582963], ""objective"": 84.74671936035156}, ""provenance"": {}}",v3_endpoint,V3 endpoint,88.95366395600176,0.274,"[0.0, 0.0003651729354686717, 0.0, 0.2135143979057591]","{""tracking_pass"": true, ""qos_numerical_pass"": false, ""max_pj"": 0.2135143979057591, ""worst_violation"": 1.1351439790575908, ""total_violation"": 1.1351439790575908, ""per_job_evidence_counts"": [21453, 19170, 15029, 12225], ""ordered_job_sections"": [""Resnet.infer.4"", ""GPT2.infer.4"", ""Llama.infer.4"", ""Bloom.infer.4""], ""execution_status"": ""PARSED"", ""execution_valid"": true, ""numerical_feasible"": false, ""evidence_status"": ""SUFFICIENT"", ""evidence_sufficient"": true, ""evidence_qualified_feasible"": false, ""min_qos_observations_per_type"": 1, ""statistical_reliability_established"": false}","[{""job"": {""index"": 0, ""section"": ""Resnet.infer.4"", ""descriptors"": [199.0, 618.0, 25.0, 190.0, 5.0, 1.0]}, ""pj"": 0.0, ""observation_count"": 21453, ""finished_count"": 21453, ""unfinished_count"": 0, ""exceedance_count"": 0, ""estimator_numerator"": 0, ""estimator_denominator"": 21452, ""estimator"": ""flexdc_rank_cdf_v1"", ""horizon_seconds"": 3600, ""threshold_sojourn_seconds"": 150.0, ""threshold_exceeds_horizon"": false}, {""job"": {""index"": 1, ""section"": ""GPT2.infer.4"", ""descriptors"": [198.0, 732.0, 28.0, 180.0, 5.0, 1.0]}, ""pj"": 0.0003651729354686717, ""observation_count"": 19170, ""finished_count"": 19036, ""unfinished_count"": 134, ""exceedance_count"": 8, ""estimator_numerator"": 7, ""estimator_denominator"": 19169, ""estimator"": ""flexdc_rank_cdf_v1"", ""horizon_seconds"": 3600, ""threshold_sojourn_seconds"": 168.0, ""threshold_exceeds_horizon"": false}, {""job"": {""index"": 2, ""section"": ""Llama.infer.4"", ""descriptors"": [202.0, 702.0, 36.0, 360.0, 5.0, 1.0]}, ""pj"": 0.0, ""observation_count"": 15029, ""finished_count"": 14782, ""unfinished_count"": 247, ""exceedance_count"": 0, ""estimator_numerator"": 0, ""estimator_denominator"": 15028, ""estimator"": ""flexdc_rank_cdf_v1"", ""horizon_seconds"": 3600, ""threshold_sojourn_seconds"": 216.0, ""threshold_exceeds_horizon"": false}, {""job"": {""index"": 3, ""section"": ""Bloom.infer.4"", ""descriptors"": [202.0, 698.0, 44.0, 386.0, 5.0, 1.0]}, ""pj"": 0.2135143979057591, ""observation_count"": 12225, ""finished_count"": 11523, ""unfinished_count"": 702, ""exceedance_count"": 2611, ""estimator_numerator"": 2610, ""estimator_denominator"": 12224, ""estimator"": ""flexdc_rank_cdf_v1"", ""horizon_seconds"": 3600, ""threshold_sojourn_seconds"": 264.0, ""threshold_exceeds_horizon"": false}]","{""mean_tracking"": 0.0074780720214048385, ""p90"": 0.12807650470733645, ""pj"": [-0.008881406858563423, -0.008334442550497534, -0.008243548683822155, 0.20820916495992947], ""max_pj"": 0.20463299104719568, ""objective"": 4.206944595650199}",CONFIRMATION_NOT_RUN,0.0,2.0,0.0,12.157541599997785,12.271585399998003,321.8540133999959
c007,1,SERIOUS_DEVELOPMENT,ORIGINAL_W2,W2-short-qos5555,086a98b3cf7733c3ac08220bb606ca59e6c583cefb06b59518ebc706856cfdeb,4,97c8b3096063c04d4aafc76d33f0b603180e499eee1d6033cea9b61570817f99,controlled_development_v2,v3_fixed_probing,1000,0.6,fixed,2166014542,"[286413294, 2621783785]",300007.0,512,1500,32,True,True,DONE,True,e6a6d8d4a2811ea7ba1de9c49f82d61b07f1d2feb0d5db73f5fc59ef90d8def8,309.6964717999981,True,15872.0,6.0,187.94053689999782,DONE,HARD_MAX_SEARCH_CALLS,4.0,32.0,32.0,2.0,34.0,0.0,1.0,8.0,350.79956049999964,"{""candidate_id"": ""v3-0100-0424"", ""Pbar"": 0.4750674366950989, ""R"": 0.04684286564588547, ""weights"": [0.2608281075954437, 0.25420162081718445, 0.24530282616615295, 0.23966743052005768], ""source"": ""V3 snapshot"", ""start_id"": 424, ""iteration"": 100, ""region_id"": ""region-04"", ""prediction"": {""mean_tracking"": 0.024970564991235733, ""p90"": 0.03527947887778282, ""pj"": [0.0071610151790082455, 0.00047681303112767637, 0.0037896980065852404, 4.180257019470446e-05], ""objective"": 91.066162109375}, ""provenance"": {}}",initial_v3_region_representative,V3 snapshot,91.40476621283497,0.254,"[0.0, 0.0, 0.0, 0.0]","{""tracking_pass"": true, ""qos_numerical_pass"": true, ""max_pj"": 0.0, ""worst_violation"": 0.0, ""total_violation"": 0.0, ""per_job_evidence_counts"": [21453, 19170, 15029, 12225], ""ordered_job_sections"": [""Resnet.infer.4"", ""GPT2.infer.4"", ""Llama.infer.4"", ""Bloom.infer.4""], ""execution_status"": ""PARSED"", ""execution_valid"": true, ""numerical_feasible"": true, ""evidence_status"": ""SUFFICIENT"", ""evidence_sufficient"": true, ""evidence_qualified_feasible"": true, ""min_qos_observations_per_type"": 1, ""statistical_reliability_established"": false}","[{""job"": {""index"": 0, ""section"": ""Resnet.infer.4"", ""descriptors"": [199.0, 618.0, 25.0, 190.0, 5.0, 1.0]}, ""pj"": 0.0, ""observation_count"": 21453, ""finished_count"": 21428, ""unfinished_count"": 25, ""exceedance_count"": 0, ""estimator_numerator"": 0, ""estimator_denominator"": 21452, ""estimator"": ""flexdc_rank_cdf_v1"", ""horizon_seconds"": 3600, ""threshold_sojourn_seconds"": 150.0, ""threshold_exceeds_horizon"": false}, {""job"": {""index"": 1, ""section"": ""GPT2.infer.4"", ""descriptors"": [198.0, 732.0, 28.0, 180.0, 5.0, 1.0]}, ""pj"": 0.0, ""observation_count"": 19170, ""finished_count"": 19140, ""unfinished_count"": 30, ""exceedance_count"": 0, ""estimator_numerator"": 0, ""estimator_denominator"": 19169, ""estimator"": ""flexdc_rank_cdf_v1"", ""horizon_seconds"": 3600, ""threshold_sojourn_seconds"": 168.0, ""threshold_exceeds_horizon"": false}, {""job"": {""index"": 2, ""section"": ""Llama.infer.4"", ""descriptors"": [202.0, 702.0, 36.0, 360.0, 5.0, 1.0]}, ""pj"": 0.0, ""observation_count"": 15029, ""finished_count"": 14624, ""unfinished_count"": 405, ""exceedance_count"": 0, ""estimator_numerator"": 0, ""estimator_denominator"": 15028, ""estimator"": ""flexdc_rank_cdf_v1"", ""horizon_seconds"": 3600, ""threshold_sojourn_seconds"": 216.0, ""threshold_exceeds_horizon"": false}, {""job"": {""index"": 3, ""section"": ""Bloom.infer.4"", ""descriptors"": [202.0, 698.0, 44.0, 386.0, 5.0, 1.0]}, ""pj"": 0.0, ""observation_count"": 12225, ""finished_count"": 11685, ""unfinished_count"": 540, ""exceedance_count"": 0, ""estimator_numerator"": 0, ""estimator_denominator"": 12224, ""estimator"": ""flexdc_rank_cdf_v1"", ""horizon_seconds"": 3600, ""threshold_sojourn_seconds"": 264.0, ""threshold_exceeds_horizon"": false}]","{""mean_tracking"": 0.026667768342097567, ""p90"": 0.21872052112221718, ""pj"": [-0.0071610151790082455, -0.00047681303112767637, -0.0037896980065852404, -4.180257019470446e-05], ""max_pj"": -0.0071610151790082455, ""objective"": 0.3386041034599714}",CONFIRMATION_ALL_PASS,2.0,2.0,2.0,186.15025430000242,187.54247360000227,495.8467261000005
c007,1,SERIOUS_DEVELOPMENT,ORIGINAL_W2,W2-short-qos5555,086a98b3cf7733c3ac08220bb606ca59e6c583cefb06b59518ebc706856cfdeb,4,97c8b3096063c04d4aafc76d33f0b603180e499eee1d6033cea9b61570817f99,controlled_development_v2,simulator_only_adaptive,1000,0.6,fixed,2166014542,"[286413294, 2621783785]",,0,0,32,True,True,NO_BID,False,,0.0,False,0.0,0.0,131.27616219999982,NO_BID,HARD_MAX_SEARCH_CALLS,4.0,32.0,32.0,0.0,24.0,8.0,,,,,,,,,,,,,CONFIRMATION_NOT_RUN,0.0,2.0,0.0,149.9833663999998,131.0143498000034,149.9833663999998
c007,1,SERIOUS_DEVELOPMENT,ORIGINAL_W2,W2-short-qos5555,086a98b3cf7733c3ac08220bb606ca59e6c583cefb06b59518ebc706856cfdeb,4,97c8b3096063c04d4aafc76d33f0b603180e499eee1d6033cea9b61570817f99,controlled_development_v2,argos_fixed_budget,1000,0.6,fixed,2166014542,"[286413294, 2621783785]",300007.0,512,1500,32,True,True,DONE,True,e6a6d8d4a2811ea7ba1de9c49f82d61b07f1d2feb0d5db73f5fc59ef90d8def8,309.6964717999981,True,15872.0,6.0,87.2995908999983,DONE,HARD_MAX_SEARCH_CALLS,4.0,32.0,32.0,2.0,16.0,18.0,1.0,8.0,350.79956049999964,"{""candidate_id"": ""v3-0100-0424"", ""Pbar"": 0.4750674366950989, ""R"": 0.04684286564588547, ""weights"": [0.2608281075954437, 0.25420162081718445, 0.24530282616615295, 0.23966743052005768], ""source"": ""V3 snapshot"", ""start_id"": 424, ""iteration"": 100, ""region_id"": ""region-04"", ""prediction"": {""mean_tracking"": 0.024970564991235733, ""p90"": 0.03527947887778282, ""pj"": [0.0071610151790082455, 0.00047681303112767637, 0.0037896980065852404, 4.180257019470446e-05], ""objective"": 91.066162109375}, ""provenance"": {}}",initial_v3_region_representative,V3 snapshot,91.40476621283497,0.254,"[0.0, 0.0, 0.0, 0.0]","{""tracking_pass"": true, ""qos_numerical_pass"": true, ""max_pj"": 0.0, ""worst_violation"": 0.0, ""total_violation"": 0.0, ""per_job_evidence_counts"": [21453, 19170, 15029, 12225], ""ordered_job_sections"": [""Resnet.infer.4"", ""GPT2.infer.4"", ""Llama.infer.4"", ""Bloom.infer.4""], ""execution_status"": ""PARSED"", ""execution_valid"": true, ""numerical_feasible"": true, ""evidence_status"": ""SUFFICIENT"", ""evidence_sufficient"": true, ""evidence_qualified_feasible"": true, ""min_qos_observations_per_type"": 1, ""statistical_reliability_established"": false}","[{""job"": {""index"": 0, ""section"": ""Resnet.infer.4"", ""descriptors"": [199.0, 618.0, 25.0, 190.0, 5.0, 1.0]}, ""pj"": 0.0, ""observation_count"": 21453, ""finished_count"": 21428, ""unfinished_count"": 25, ""exceedance_count"": 0, ""estimator_numerator"": 0, ""estimator_denominator"": 21452, ""estimator"": ""flexdc_rank_cdf_v1"", ""horizon_seconds"": 3600, ""threshold_sojourn_seconds"": 150.0, ""threshold_exceeds_horizon"": false}, {""job"": {""index"": 1, ""section"": ""GPT2.infer.4"", ""descriptors"": [198.0, 732.0, 28.0, 180.0, 5.0, 1.0]}, ""pj"": 0.0, ""observation_count"": 19170, ""finished_count"": 19140, ""unfinished_count"": 30, ""exceedance_count"": 0, ""estimator_numerator"": 0, ""estimator_denominator"": 19169, ""estimator"": ""flexdc_rank_cdf_v1"", ""horizon_seconds"": 3600, ""threshold_sojourn_seconds"": 168.0, ""threshold_exceeds_horizon"": false}, {""job"": {""index"": 2, ""section"": ""Llama.infer.4"", ""descriptors"": [202.0, 702.0, 36.0, 360.0, 5.0, 1.0]}, ""pj"": 0.0, ""observation_count"": 15029, ""finished_count"": 14624, ""unfinished_count"": 405, ""exceedance_count"": 0, ""estimator_numerator"": 0, ""estimator_denominator"": 15028, ""estimator"": ""flexdc_rank_cdf_v1"", ""horizon_seconds"": 3600, ""threshold_sojourn_seconds"": 216.0, ""threshold_exceeds_horizon"": false}, {""job"": {""index"": 3, ""section"": ""Bloom.infer.4"", ""descriptors"": [202.0, 698.0, 44.0, 386.0, 5.0, 1.0]}, ""pj"": 0.0, ""observation_count"": 12225, ""finished_count"": 11685, ""unfinished_count"": 540, ""exceedance_count"": 0, ""estimator_numerator"": 0, ""estimator_denominator"": 12224, ""estimator"": ""flexdc_rank_cdf_v1"", ""horizon_seconds"": 3600, ""threshold_sojourn_seconds"": 264.0, ""threshold_exceeds_horizon"": false}]","{""mean_tracking"": 0.026667768342097567, ""p90"": 0.21872052112221718, ""pj"": [-0.0071610151790082455, -0.00047681303112767637, -0.0037896980065852404, -4.180257019470446e-05], ""max_pj"": -0.0071610151790082455, ""objective"": 0.3386041034599714}",CONFIRMATION_ALL_PASS,2.0,2.0,2.0,176.7237721000056,86.76048440000159,486.4202439000037
c007,1,SERIOUS_DEVELOPMENT,ORIGINAL_W2,W2-short-qos5555,086a98b3cf7733c3ac08220bb606ca59e6c583cefb06b59518ebc706856cfdeb,4,97c8b3096063c04d4aafc76d33f0b603180e499eee1d6033cea9b61570817f99,controlled_development_v2,argos_early_stop,1000,0.6,fixed,2166014542,"[286413294, 2621783785]",300007.0,512,1500,32,True,True,DONE,True,e6a6d8d4a2811ea7ba1de9c49f82d61b07f1d2feb0d5db73f5fc59ef90d8def8,309.6964717999981,True,15872.0,6.0,1.8116388999987976,DONE,EARLY_STOP_QUALIFIED_LOCAL_PATIENCE,2.0,16.0,16.0,2.0,0.0,18.0,1.0,8.0,350.79956049999964,"{""candidate_id"": ""v3-0100-0424"", ""Pbar"": 0.4750674366950989, ""R"": 0.04684286564588547, ""weights"": [0.2608281075954437, 0.25420162081718445, 0.24530282616615295, 0.23966743052005768], ""source"": ""V3 snapshot"", ""start_id"": 424, ""iteration"": 100, ""region_id"": ""region-04"", ""prediction"": {""mean_tracking"": 0.024970564991235733, ""p90"": 0.03527947887778282, ""pj"": [0.0071610151790082455, 0.00047681303112767637, 0.0037896980065852404, 4.180257019470446e-05], ""objective"": 91.066162109375}, ""provenance"": {}}",initial_v3_region_representative,V3 snapshot,91.40476621283497,0.254,"[0.0, 0.0, 0.0, 0.0]","{""tracking_pass"": true, ""qos_numerical_pass"": true, ""max_pj"": 0.0, ""worst_violation"": 0.0, ""total_violation"": 0.0, ""per_job_evidence_counts"": [21453, 19170, 15029, 12225], ""ordered_job_sections"": [""Resnet.infer.4"", ""GPT2.infer.4"", ""Llama.infer.4"", ""Bloom.infer.4""], ""execution_status"": ""PARSED"", ""execution_valid"": true, ""numerical_feasible"": true, ""evidence_status"": ""SUFFICIENT"", ""evidence_sufficient"": true, ""evidence_qualified_feasible"": true, ""min_qos_observations_per_type"": 1, ""statistical_reliability_established"": false}","[{""job"": {""index"": 0, ""section"": ""Resnet.infer.4"", ""descriptors"": [199.0, 618.0, 25.0, 190.0, 5.0, 1.0]}, ""pj"": 0.0, ""observation_count"": 21453, ""finished_count"": 21428, ""unfinished_count"": 25, ""exceedance_count"": 0, ""estimator_numerator"": 0, ""estimator_denominator"": 21452, ""estimator"": ""flexdc_rank_cdf_v1"", ""horizon_seconds"": 3600, ""threshold_sojourn_seconds"": 150.0, ""threshold_exceeds_horizon"": false}, {""job"": {""index"": 1, ""section"": ""GPT2.infer.4"", ""descriptors"": [198.0, 732.0, 28.0, 180.0, 5.0, 1.0]}, ""pj"": 0.0, ""observation_count"": 19170, ""finished_count"": 19140, ""unfinished_count"": 30, ""exceedance_count"": 0, ""estimator_numerator"": 0, ""estimator_denominator"": 19169, ""estimator"": ""flexdc_rank_cdf_v1"", ""horizon_seconds"": 3600, ""threshold_sojourn_seconds"": 168.0, ""threshold_exceeds_horizon"": false}, {""job"": {""index"": 2, ""section"": ""Llama.infer.4"", ""descriptors"": [202.0, 702.0, 36.0, 360.0, 5.0, 1.0]}, ""pj"": 0.0, ""observation_count"": 15029, ""finished_count"": 14624, ""unfinished_count"": 405, ""exceedance_count"": 0, ""estimator_numerator"": 0, ""estimator_denominator"": 15028, ""estimator"": ""flexdc_rank_cdf_v1"", ""horizon_seconds"": 3600, ""threshold_sojourn_seconds"": 216.0, ""threshold_exceeds_horizon"": false}, {""job"": {""index"": 3, ""section"": ""Bloom.infer.4"", ""descriptors"": [202.0, 698.0, 44.0, 386.0, 5.0, 1.0]}, ""pj"": 0.0, ""observation_count"": 12225, ""finished_count"": 11685, ""unfinished_count"": 540, ""exceedance_count"": 0, ""estimator_numerator"": 0, ""estimator_denominator"": 12224, ""estimator"": ""flexdc_rank_cdf_v1"", ""horizon_seconds"": 3600, ""threshold_sojourn_seconds"": 264.0, ""threshold_exceeds_horizon"": false}]","{""mean_tracking"": 0.026667768342097567, ""p90"": 0.21872052112221718, ""pj"": [-0.0071610151790082455, -0.00047681303112767637, -0.0037896980065852404, -4.180257019470446e-05], ""max_pj"": -0.0071610151790082455, ""objective"": 0.3386041034599714}",CONFIRMATION_ALL_PASS,2.0,2.0,2.0,102.42102290000184,1.5854727000005369,412.11749469999995
c008,1,SERIOUS_DEVELOPMENT,ORIGINAL_W2,W2-short-qos5555,086a98b3cf7733c3ac08220bb606ca59e6c583cefb06b59518ebc706856cfdeb,4,97c8b3096063c04d4aafc76d33f0b603180e499eee1d6033cea9b61570817f99,controlled_development_v2,v3_only,1000,0.8,fixed,3629940106,"[2238113419, 367509909]",300008.0,512,1500,1,True,True,DONE,True,6649b1b0b3fcb7375fee87d068965398e41f3191c8df004f624914c10f272a42,357.0115086000005,False,15872.0,6.0,41.020379499997944,DONE,V3_SELECTED_BEFORE_VALIDATION,1.0,1.0,1.0,2.0,3.0,0.0,1.0,1.0,370.55578869999954,"{""candidate_id"": ""v3-1500-0030"", ""Pbar"": 0.582560658454895, ""R"": 0.13437432050704956, ""weights"": [0.2637091279029846, 0.2574663758277893, 0.24094831943511963, 0.23787617683410645], ""source"": ""V3 endpoint"", ""start_id"": 30, ""iteration"": 1500, ""region_id"": null, ""prediction"": {""mean_tracking"": 0.04375568777322769, ""p90"": 0.2051696926355362, ""pj"": [0.007458193227648735, 0.013249521143734455, 0.008735332638025284, 0.005884178448468447], ""objective"": 94.22465515136719}, ""provenance"": {}}",v3_endpoint,V3 endpoint,95.49640230990984,0.286,"[0.0, 0.0, 0.06827551533433895, 0.0]","{""tracking_pass"": true, ""qos_numerical_pass"": true, ""max_pj"": 0.06827551533433895, ""worst_violation"": 0.0, ""total_violation"": 0.0, ""per_job_evidence_counts"": [28511, 25486, 19891, 16066], ""ordered_job_sections"": [""Resnet.infer.4"", ""GPT2.infer.4"", ""Llama.infer.4"", ""Bloom.infer.4""], ""execution_status"": ""PARSED"", ""execution_valid"": true, ""numerical_feasible"": true, ""evidence_status"": ""SUFFICIENT"", ""evidence_sufficient"": true, ""evidence_qualified_feasible"": true, ""min_qos_observations_per_type"": 1, ""statistical_reliability_established"": false}","[{""job"": {""index"": 0, ""section"": ""Resnet.infer.4"", ""descriptors"": [199.0, 618.0, 25.0, 190.0, 5.0, 1.0]}, ""pj"": 0.0, ""observation_count"": 28511, ""finished_count"": 28488, ""unfinished_count"": 23, ""exceedance_count"": 0, ""estimator_numerator"": 0, ""estimator_denominator"": 28510, ""estimator"": ""flexdc_rank_cdf_v1"", ""horizon_seconds"": 3600, ""threshold_sojourn_seconds"": 150.0, ""threshold_exceeds_horizon"": false}, {""job"": {""index"": 1, ""section"": ""GPT2.infer.4"", ""descriptors"": [198.0, 732.0, 28.0, 180.0, 5.0, 1.0]}, ""pj"": 0.0, ""observation_count"": 25486, ""finished_count"": 25338, ""unfinished_count"": 148, ""exceedance_count"": 0, ""estimator_numerator"": 0, ""estimator_denominator"": 25485, ""estimator"": ""flexdc_rank_cdf_v1"", ""horizon_seconds"": 3600, ""threshold_sojourn_seconds"": 168.0, ""threshold_exceeds_horizon"": false}, {""job"": {""index"": 2, ""section"": ""Llama.infer.4"", ""descriptors"": [202.0, 702.0, 36.0, 360.0, 5.0, 1.0]}, ""pj"": 0.06827551533433895, ""observation_count"": 19891, ""finished_count"": 19090, ""unfinished_count"": 801, ""exceedance_count"": 1359, ""estimator_numerator"": 1358, ""estimator_denominator"": 19890, ""estimator"": ""flexdc_rank_cdf_v1"", ""horizon_seconds"": 3600, ""threshold_sojourn_seconds"": 216.0, ""threshold_exceeds_horizon"": false}, {""job"": {""index"": 3, ""section"": ""Bloom.infer.4"", ""descriptors"": [202.0, 698.0, 44.0, 386.0, 5.0, 1.0]}, ""pj"": 0.0, ""observation_count"": 16066, ""finished_count"": 15416, ""unfinished_count"": 650, ""exceedance_count"": 0, ""estimator_numerator"": 0, ""estimator_denominator"": 16065, ""estimator"": ""flexdc_rank_cdf_v1"", ""horizon_seconds"": 3600, ""threshold_sojourn_seconds"": 264.0, ""threshold_exceeds_horizon"": false}]","{""mean_tracking"": 0.02510125667121671, ""p90"": 0.08083030736446378, ""pj"": [-0.007458193227648735, -0.013249521143734455, 0.05954018269631367, -0.005884178448468447], ""max_pj"": 0.0550259941906045, ""objective"": 1.2717471585426523}",CONFIRMATION_PARTIAL_PASS,1.0,2.0,2.0,40.606521699999576,40.966674299997976,397.6180303000001
c008,1,SERIOUS_DEVELOPMENT,ORIGINAL_W2,W2-short-qos5555,086a98b3cf7733c3ac08220bb606ca59e6c583cefb06b59518ebc706856cfdeb,4,97c8b3096063c04d4aafc76d33f0b603180e499eee1d6033cea9b61570817f99,controlled_development_v2,v3_fixed_probing,1000,0.8,fixed,3629940106,"[2238113419, 367509909]",300008.0,512,1500,32,True,True,NO_BID,False,6649b1b0b3fcb7375fee87d068965398e41f3191c8df004f624914c10f272a42,357.0115086000005,True,15872.0,6.0,194.11828610000157,NO_BID,HARD_MAX_SEARCH_CALLS,4.0,32.0,32.0,0.0,32.0,0.0,,,,,,,,,,,,,CONFIRMATION_NOT_RUN,0.0,2.0,0.0,192.67539390000093,193.89457010000478,549.6869025000015
c008,1,SERIOUS_DEVELOPMENT,ORIGINAL_W2,W2-short-qos5555,086a98b3cf7733c3ac08220bb606ca59e6c583cefb06b59518ebc706856cfdeb,4,97c8b3096063c04d4aafc76d33f0b603180e499eee1d6033cea9b61570817f99,controlled_development_v2,simulator_only_adaptive,1000,0.8,fixed,3629940106,"[2238113419, 367509909]",,0,0,32,True,True,NO_BID,False,,0.0,False,0.0,0.0,170.27330989999973,NO_BID,HARD_MAX_SEARCH_CALLS,4.0,32.0,32.0,0.0,24.0,8.0,,,,,,,,,,,,,CONFIRMATION_NOT_RUN,0.0,2.0,0.0,178.80881889999728,169.9107194999997,178.80881889999728
c008,1,SERIOUS_DEVELOPMENT,ORIGINAL_W2,W2-short-qos5555,086a98b3cf7733c3ac08220bb606ca59e6c583cefb06b59518ebc706856cfdeb,4,97c8b3096063c04d4aafc76d33f0b603180e499eee1d6033cea9b61570817f99,controlled_development_v2,argos_fixed_budget,1000,0.8,fixed,3629940106,"[2238113419, 367509909]",300008.0,512,1500,32,True,True,NO_BID,False,6649b1b0b3fcb7375fee87d068965398e41f3191c8df004f624914c10f272a42,357.0115086000005,True,15872.0,6.0,115.1192893999978,NO_BID,HARD_MAX_SEARCH_CALLS,4.0,32.0,32.0,0.0,15.0,17.0,,,,,,,,,,,,,CONFIRMATION_NOT_RUN,0.0,2.0,0.0,175.3806433999962,114.59782790000827,532.3921519999967
c008,1,SERIOUS_DEVELOPMENT,ORIGINAL_W2,W2-short-qos5555,086a98b3cf7733c3ac08220bb606ca59e6c583cefb06b59518ebc706856cfdeb,4,97c8b3096063c04d4aafc76d33f0b603180e499eee1d6033cea9b61570817f99,controlled_development_v2,argos_early_stop,1000,0.8,fixed,3629940106,"[2238113419, 367509909]",300008.0,512,1500,32,True,True,NO_BID,False,6649b1b0b3fcb7375fee87d068965398e41f3191c8df004f624914c10f272a42,357.0115086000005,True,15872.0,6.0,3.8998112000008405,NO_BID,HARD_MAX_SEARCH_CALLS,4.0,32.0,32.0,0.0,0.0,32.0,,,,,,,,,,,,,CONFIRMATION_NOT_RUN,0.0,2.0,0.0,175.3806433999962,3.394071900002018,532.3921519999967
c009,2,SCREENING,CLEAN_J4_COMPOSITION,MIX4-TTTI,92209abae04324b2309cbd24b50fcd1eaef78765ce14065c1a7682cb8740fb37,4,d640d2206f2e2e9348f7c683fe95052db05553832d4e6345a8a773b9e9a1bd7c,controlled_development_v2,v3_only,1000,0.6,fixed,786185295,"[1877359141, 2108440999]",300009.0,128,500,1,True,True,NO_BID,False,fccd50c8e50e2cc267d0bede9b96275ea357e1d32a47b56191d3b427052210e2,43.74507580000136,False,1408.0,6.0,13.159923499999422,NO_BID,V3_SELECTED_POINT_NOT_QUALIFIED,1.0,1.0,1.0,0.0,1.0,0.0,,,,"{""candidate_id"": ""v3-0500-0084"", ""Pbar"": 0.3980732858181, ""R"": 0.23847192525863647, ""weights"": [0.15667161345481873, 0.24383419752120972, 0.150478333234787, 0.44901585578918457], ""source"": ""V3 endpoint"", ""start_id"": 84, ""iteration"": 500, ""region_id"": null, ""prediction"": {""mean_tracking"": 0.0021640576887875795, ""p90"": 0.003161386586725712, ""pj"": [0.015362946316599846, 7.320889494621952e-08, 9.622953545118662e-10, 0.03811139240860939], ""objective"": 64.89260864257812}, ""provenance"": {}}",v3_endpoint,V3 endpoint,90.95235852938805,0.007,"[0.36914963744232043, 0.0, 0.0, 0.7541820006691201]","{""tracking_pass"": true, ""qos_numerical_pass"": false, ""max_pj"": 0.7541820006691201, ""worst_violation"": 6.541820006691201, ""total_violation"": 9.233316381114406, ""per_job_evidence_counts"": [1518, 321, 301, 11957], ""ordered_job_sections"": [""Resnet.train.4"", ""GPT2.train.4"", ""Llama.train.4"", ""Bloom.infer.4""], ""execution_status"": ""PARSED"", ""execution_valid"": true, ""numerical_feasible"": false, ""evidence_status"": ""SUFFICIENT"", ""evidence_sufficient"": true, ""evidence_qualified_feasible"": false, ""min_qos_observations_per_type"": 1, ""statistical_reliability_established"": false}","[{""job"": {""index"": 0, ""section"": ""Resnet.train.4"", ""descriptors"": [199.0, 755.0, 337.0, 1321.0, 4.0, 1.0]}, ""pj"": 0.36914963744232043, ""observation_count"": 1518, ""finished_count"": 530, ""unfinished_count"": 988, ""exceedance_count"": 561, ""estimator_numerator"": 560, ""estimator_denominator"": 1517, ""estimator"": ""flexdc_rank_cdf_v1"", ""horizon_seconds"": 3600, ""threshold_sojourn_seconds"": 1685.0, ""threshold_exceeds_horizon"": false}, {""job"": {""index"": 1, ""section"": ""GPT2.train.4"", ""descriptors"": [201.0, 763.0, 1185.0, 4592.0, 4.0, 1.0]}, ""pj"": 0.0, ""observation_count"": 321, ""finished_count"": 149, ""unfinished_count"": 172, ""exceedance_count"": 0, ""estimator_numerator"": 0, ""estimator_denominator"": 320, ""estimator"": ""flexdc_rank_cdf_v1"", ""horizon_seconds"": 3600, ""threshold_sojourn_seconds"": 5925.0, ""threshold_exceeds_horizon"": true}, {""job"": {""index"": 2, ""section"": ""Llama.train.4"", ""descriptors"": [200.0, 742.0, 1242.0, 4921.0, 4.0, 1.0]}, ""pj"": 0.0, ""observation_count"": 301, ""finished_count"": 81, ""unfinished_count"": 220, ""exceedance_count"": 0, ""estimator_numerator"": 0, ""estimator_denominator"": 300, ""estimator"": ""flexdc_rank_cdf_v1"", ""horizon_seconds"": 3600, ""threshold_sojourn_seconds"": 6210.0, ""threshold_exceeds_horizon"": true}, {""job"": {""index"": 3, ""section"": ""Bloom.infer.4"", ""descriptors"": [202.0, 698.0, 44.0, 386.0, 5.0, 1.0]}, ""pj"": 0.7541820006691201, ""observation_count"": 11957, ""finished_count"": 10881, ""unfinished_count"": 1076, ""exceedance_count"": 9018, ""estimator_numerator"": 9017, ""estimator_denominator"": 11956, ""estimator"": ""flexdc_rank_cdf_v1"", ""horizon_seconds"": 3600, ""threshold_sojourn_seconds"": 264.0, ""threshold_exceeds_horizon"": false}]","{""mean_tracking"": 0.00207844231121242, ""p90"": 0.0038386134132742883, ""pj"": [0.3537866911257206, -7.320889494621952e-08, -9.622953545118662e-10, 0.7160706082605107], ""max_pj"": 0.7160706082605107, ""objective"": 26.059749886809925}",CONFIRMATION_NOT_RUN,0.0,2.0,0.0,12.996906999997009,13.137213899997732,56.74198279999837
c009,2,SCREENING,CLEAN_J4_COMPOSITION,MIX4-TTTI,92209abae04324b2309cbd24b50fcd1eaef78765ce14065c1a7682cb8740fb37,4,d640d2206f2e2e9348f7c683fe95052db05553832d4e6345a8a773b9e9a1bd7c,controlled_development_v2,v3_fixed_probing,1000,0.6,fixed,786185295,"[1877359141, 2108440999]",300009.0,128,500,16,True,True,DONE,True,fccd50c8e50e2cc267d0bede9b96275ea357e1d32a47b56191d3b427052210e2,43.74507580000136,True,1408.0,6.0,101.7391048999998,DONE,HARD_MAX_SEARCH_CALLS,2.0,16.0,16.0,2.0,17.0,1.0,1.0,8.0,73.51706679999916,"{""candidate_id"": ""v3-0100-0049"", ""Pbar"": 0.5473962426185608, ""R"": 0.08680522441864014, ""weights"": [0.23338690400123596, 0.24698340892791748, 0.22684180736541748, 0.2927878797054291], ""source"": ""V3 snapshot"", ""start_id"": 49, ""iteration"": 100, ""region_id"": ""region-06"", ""prediction"": {""mean_tracking"": 0.020276730880141258, ""p90"": 0.014770286157727242, ""pj"": [2.4950857095973333e-06, 3.253295947051579e-22, 1.0652223315769227e-21, 3.1372973552379335e-08], ""objective"": 94.14237976074219}, ""provenance"": {}}",initial_v3_region_representative,V3 snapshot,95.42116562175603,0.013,"[0.0, 0.0, 0.0, 0.071763131482101]","{""tracking_pass"": true, ""qos_numerical_pass"": true, ""max_pj"": 0.071763131482101, ""worst_violation"": 0.0, ""total_violation"": 0.0, ""per_job_evidence_counts"": [1518, 321, 301, 11957], ""ordered_job_sections"": [""Resnet.train.4"", ""GPT2.train.4"", ""Llama.train.4"", ""Bloom.infer.4""], ""execution_status"": ""PARSED"", ""execution_valid"": true, ""numerical_feasible"": true, ""evidence_status"": ""SUFFICIENT"", ""evidence_sufficient"": true, ""evidence_qualified_feasible"": true, ""min_qos_observations_per_type"": 1, ""statistical_reliability_established"": false}","[{""job"": {""index"": 0, ""section"": ""Resnet.train.4"", ""descriptors"": [199.0, 755.0, 337.0, 1321.0, 4.0, 1.0]}, ""pj"": 0.0, ""observation_count"": 1518, ""finished_count"": 1488, ""unfinished_count"": 30, ""exceedance_count"": 0, ""estimator_numerator"": 0, ""estimator_denominator"": 1517, ""estimator"": ""flexdc_rank_cdf_v1"", ""horizon_seconds"": 3600, ""threshold_sojourn_seconds"": 1685.0, ""threshold_exceeds_horizon"": false}, {""job"": {""index"": 1, ""section"": ""GPT2.train.4"", ""descriptors"": [201.0, 763.0, 1185.0, 4592.0, 4.0, 1.0]}, ""pj"": 0.0, ""observation_count"": 321, ""finished_count"": 158, ""unfinished_count"": 163, ""exceedance_count"": 0, ""estimator_numerator"": 0, ""estimator_denominator"": 320, ""estimator"": ""flexdc_rank_cdf_v1"", ""horizon_seconds"": 3600, ""threshold_sojourn_seconds"": 5925.0, ""threshold_exceeds_horizon"": true}, {""job"": {""index"": 2, ""section"": ""Llama.train.4"", ""descriptors"": [200.0, 742.0, 1242.0, 4921.0, 4.0, 1.0]}, ""pj"": 0.0, ""observation_count"": 301, ""finished_count"": 195, ""unfinished_count"": 106, ""exceedance_count"": 0, ""estimator_numerator"": 0, ""estimator_denominator"": 300, ""estimator"": ""flexdc_rank_cdf_v1"", ""horizon_seconds"": 3600, ""threshold_sojourn_seconds"": 6210.0, ""threshold_exceeds_horizon"": true}, {""job"": {""index"": 3, ""section"": ""Bloom.infer.4"", ""descriptors"": [202.0, 698.0, 44.0, 386.0, 5.0, 1.0]}, ""pj"": 0.071763131482101, ""observation_count"": 11957, ""finished_count"": 11787, ""unfinished_count"": 170, ""exceedance_count"": 859, ""estimator_numerator"": 858, ""estimator_denominator"": 11956, ""estimator"": ""flexdc_rank_cdf_v1"", ""horizon_seconds"": 3600, ""threshold_sojourn_seconds"": 264.0, ""threshold_exceeds_horizon"": false}]","{""mean_tracking"": -0.007327564213474658, ""p90"": -0.0017702861577272421, ""pj"": [-2.4950857095973333e-06, -3.253295947051579e-22, -1.0652223315769227e-21, 0.07176310010912745], ""max_pj"": 0.07176063639639141, ""objective"": 1.2787858610138443}",CONFIRMATION_NONE_PASS,0.0,2.0,2.0,101.03169029999844,101.55277419999766,144.7767660999998
c009,2,SCREENING,CLEAN_J4_COMPOSITION,MIX4-TTTI,92209abae04324b2309cbd24b50fcd1eaef78765ce14065c1a7682cb8740fb37,4,d640d2206f2e2e9348f7c683fe95052db05553832d4e6345a8a773b9e9a1bd7c,controlled_development_v2,simulator_only_adaptive,1000,0.6,fixed,786185295,"[1877359141, 2108440999]",,0,0,16,True,True,NO_BID,False,,0.0,False,0.0,0.0,58.40085099999851,NO_BID,HARD_MAX_SEARCH_CALLS,2.0,16.0,16.0,0.0,12.0,4.0,,,,,,,,,,,,,CONFIRMATION_NOT_RUN,0.0,2.0,0.0,59.98683760000131,58.27807380000013,59.98683760000131
c009,2,SCREENING,CLEAN_J4_COMPOSITION,MIX4-TTTI,92209abae04324b2309cbd24b50fcd1eaef78765ce14065c1a7682cb8740fb37,4,d640d2206f2e2e9348f7c683fe95052db05553832d4e6345a8a773b9e9a1bd7c,controlled_development_v2,argos_fixed_budget,1000,0.6,fixed,786185295,"[1877359141, 2108440999]",300009.0,128,500,16,True,True,DONE,True,fccd50c8e50e2cc267d0bede9b96275ea357e1d32a47b56191d3b427052210e2,43.74507580000136,True,1408.0,6.0,29.437705899999855,DONE,HARD_MAX_SEARCH_CALLS,2.0,16.0,16.0,2.0,5.0,13.0,1.0,8.0,73.51706679999916,"{""candidate_id"": ""v3-0100-0049"", ""Pbar"": 0.5473962426185608, ""R"": 0.08680522441864014, ""weights"": [0.23338690400123596, 0.24698340892791748, 0.22684180736541748, 0.2927878797054291], ""source"": ""V3 snapshot"", ""start_id"": 49, ""iteration"": 100, ""region_id"": ""region-06"", ""prediction"": {""mean_tracking"": 0.020276730880141258, ""p90"": 0.014770286157727242, ""pj"": [2.4950857095973333e-06, 3.253295947051579e-22, 1.0652223315769227e-21, 3.1372973552379335e-08], ""objective"": 94.14237976074219}, ""provenance"": {}}",initial_v3_region_representative,V3 snapshot,95.42116562175603,0.013,"[0.0, 0.0, 0.0, 0.071763131482101]","{""tracking_pass"": true, ""qos_numerical_pass"": true, ""max_pj"": 0.071763131482101, ""worst_violation"": 0.0, ""total_violation"": 0.0, ""per_job_evidence_counts"": [1518, 321, 301, 11957], ""ordered_job_sections"": [""Resnet.train.4"", ""GPT2.train.4"", ""Llama.train.4"", ""Bloom.infer.4""], ""execution_status"": ""PARSED"", ""execution_valid"": true, ""numerical_feasible"": true, ""evidence_status"": ""SUFFICIENT"", ""evidence_sufficient"": true, ""evidence_qualified_feasible"": true, ""min_qos_observations_per_type"": 1, ""statistical_reliability_established"": false}","[{""job"": {""index"": 0, ""section"": ""Resnet.train.4"", ""descriptors"": [199.0, 755.0, 337.0, 1321.0, 4.0, 1.0]}, ""pj"": 0.0, ""observation_count"": 1518, ""finished_count"": 1488, ""unfinished_count"": 30, ""exceedance_count"": 0, ""estimator_numerator"": 0, ""estimator_denominator"": 1517, ""estimator"": ""flexdc_rank_cdf_v1"", ""horizon_seconds"": 3600, ""threshold_sojourn_seconds"": 1685.0, ""threshold_exceeds_horizon"": false}, {""job"": {""index"": 1, ""section"": ""GPT2.train.4"", ""descriptors"": [201.0, 763.0, 1185.0, 4592.0, 4.0, 1.0]}, ""pj"": 0.0, ""observation_count"": 321, ""finished_count"": 158, ""unfinished_count"": 163, ""exceedance_count"": 0, ""estimator_numerator"": 0, ""estimator_denominator"": 320, ""estimator"": ""flexdc_rank_cdf_v1"", ""horizon_seconds"": 3600, ""threshold_sojourn_seconds"": 5925.0, ""threshold_exceeds_horizon"": true}, {""job"": {""index"": 2, ""section"": ""Llama.train.4"", ""descriptors"": [200.0, 742.0, 1242.0, 4921.0, 4.0, 1.0]}, ""pj"": 0.0, ""observation_count"": 301, ""finished_count"": 195, ""unfinished_count"": 106, ""exceedance_count"": 0, ""estimator_numerator"": 0, ""estimator_denominator"": 300, ""estimator"": ""flexdc_rank_cdf_v1"", ""horizon_seconds"": 3600, ""threshold_sojourn_seconds"": 6210.0, ""threshold_exceeds_horizon"": true}, {""job"": {""index"": 3, ""section"": ""Bloom.infer.4"", ""descriptors"": [202.0, 698.0, 44.0, 386.0, 5.0, 1.0]}, ""pj"": 0.071763131482101, ""observation_count"": 11957, ""finished_count"": 11787, ""unfinished_count"": 170, ""exceedance_count"": 859, ""estimator_numerator"": 858, ""estimator_denominator"": 11956, ""estimator"": ""flexdc_rank_cdf_v1"", ""horizon_seconds"": 3600, ""threshold_sojourn_seconds"": 264.0, ""threshold_exceeds_horizon"": false}]","{""mean_tracking"": -0.007327564213474658, ""p90"": -0.0017702861577272421, ""pj"": [-2.4950857095973333e-06, -3.253295947051579e-22, -1.0652223315769227e-21, 0.07176310010912745], ""max_pj"": 0.07176063639639141, ""objective"": 1.2787858610138443}",CONFIRMATION_NONE_PASS,0.0,2.0,2.0,98.97238080000534,29.170121800001652,142.7174566000067
c009,2,SCREENING,CLEAN_J4_COMPOSITION,MIX4-TTTI,92209abae04324b2309cbd24b50fcd1eaef78765ce14065c1a7682cb8740fb37,4,d640d2206f2e2e9348f7c683fe95052db05553832d4e6345a8a773b9e9a1bd7c,controlled_development_v2,argos_early_stop,1000,0.6,fixed,786185295,"[1877359141, 2108440999]",300009.0,128,500,16,True,True,DONE,True,fccd50c8e50e2cc267d0bede9b96275ea357e1d32a47b56191d3b427052210e2,43.74507580000136,True,1408.0,6.0,1.3821221999969566,DONE,HARD_MAX_SEARCH_CALLS,2.0,16.0,16.0,2.0,0.0,18.0,1.0,8.0,73.51706679999916,"{""candidate_id"": ""v3-0100-0049"", ""Pbar"": 0.5473962426185608, ""R"": 0.08680522441864014, ""weights"": [0.23338690400123596, 0.24698340892791748, 0.22684180736541748, 0.2927878797054291], ""source"": ""V3 snapshot"", ""start_id"": 49, ""iteration"": 100, ""region_id"": ""region-06"", ""prediction"": {""mean_tracking"": 0.020276730880141258, ""p90"": 0.014770286157727242, ""pj"": [2.4950857095973333e-06, 3.253295947051579e-22, 1.0652223315769227e-21, 3.1372973552379335e-08], ""objective"": 94.14237976074219}, ""provenance"": {}}",initial_v3_region_representative,V3 snapshot,95.42116562175603,0.013,"[0.0, 0.0, 0.0, 0.071763131482101]","{""tracking_pass"": true, ""qos_numerical_pass"": true, ""max_pj"": 0.071763131482101, ""worst_violation"": 0.0, ""total_violation"": 0.0, ""per_job_evidence_counts"": [1518, 321, 301, 11957], ""ordered_job_sections"": [""Resnet.train.4"", ""GPT2.train.4"", ""Llama.train.4"", ""Bloom.infer.4""], ""execution_status"": ""PARSED"", ""execution_valid"": true, ""numerical_feasible"": true, ""evidence_status"": ""SUFFICIENT"", ""evidence_sufficient"": true, ""evidence_qualified_feasible"": true, ""min_qos_observations_per_type"": 1, ""statistical_reliability_established"": false}","[{""job"": {""index"": 0, ""section"": ""Resnet.train.4"", ""descriptors"": [199.0, 755.0, 337.0, 1321.0, 4.0, 1.0]}, ""pj"": 0.0, ""observation_count"": 1518, ""finished_count"": 1488, ""unfinished_count"": 30, ""exceedance_count"": 0, ""estimator_numerator"": 0, ""estimator_denominator"": 1517, ""estimator"": ""flexdc_rank_cdf_v1"", ""horizon_seconds"": 3600, ""threshold_sojourn_seconds"": 1685.0, ""threshold_exceeds_horizon"": false}, {""job"": {""index"": 1, ""section"": ""GPT2.train.4"", ""descriptors"": [201.0, 763.0, 1185.0, 4592.0, 4.0, 1.0]}, ""pj"": 0.0, ""observation_count"": 321, ""finished_count"": 158, ""unfinished_count"": 163, ""exceedance_count"": 0, ""estimator_numerator"": 0, ""estimator_denominator"": 320, ""estimator"": ""flexdc_rank_cdf_v1"", ""horizon_seconds"": 3600, ""threshold_sojourn_seconds"": 5925.0, ""threshold_exceeds_horizon"": true}, {""job"": {""index"": 2, ""section"": ""Llama.train.4"", ""descriptors"": [200.0, 742.0, 1242.0, 4921.0, 4.0, 1.0]}, ""pj"": 0.0, ""observation_count"": 301, ""finished_count"": 195, ""unfinished_count"": 106, ""exceedance_count"": 0, ""estimator_numerator"": 0, ""estimator_denominator"": 300, ""estimator"": ""flexdc_rank_cdf_v1"", ""horizon_seconds"": 3600, ""threshold_sojourn_seconds"": 6210.0, ""threshold_exceeds_horizon"": true}, {""job"": {""index"": 3, ""section"": ""Bloom.infer.4"", ""descriptors"": [202.0, 698.0, 44.0, 386.0, 5.0, 1.0]}, ""pj"": 0.071763131482101, ""observation_count"": 11957, ""finished_count"": 11787, ""unfinished_count"": 170, ""exceedance_count"": 859, ""estimator_numerator"": 858, ""estimator_denominator"": 11956, ""estimator"": ""flexdc_rank_cdf_v1"", ""horizon_seconds"": 3600, ""threshold_sojourn_seconds"": 264.0, ""threshold_exceeds_horizon"": false}]","{""mean_tracking"": -0.007327564213474658, ""p90"": -0.0017702861577272421, ""pj"": [-2.4950857095973333e-06, -3.253295947051579e-22, -1.0652223315769227e-21, 0.07176310010912745], ""max_pj"": 0.07176063639639141, ""objective"": 1.2787858610138443}",CONFIRMATION_NONE_PASS,0.0,2.0,2.0,98.97238080000534,1.1078353000011703,142.7174566000067
c010,2,SCREENING,CLEAN_J4_COMPOSITION,MIX4-TTIT,93af5c092e331852557f2dde4f05f77b510d4d5bb4bc3495f7aacf2e65a8ee70,4,9b7c511e7e9987cbd150e71db1140db342f3e2a614597367debae3535d3085ce,controlled_development_v2,v3_only,1000,0.6,fixed,132059925,"[710399503, 1322971793]",300010.0,128,500,1,True,True,NO_BID,False,b28b0175bc07a14892d6d9faff75281e6407bb4e7452be7478d5f3a7452294e5,37.61138700000083,False,1408.0,6.0,12.543022300000302,NO_BID,V3_SELECTED_POINT_NOT_QUALIFIED,1.0,1.0,1.0,0.0,1.0,0.0,,,,"{""candidate_id"": ""v3-0500-0123"", ""Pbar"": 0.39156246185302734, ""R"": 0.23411986231803894, ""weights"": [0.15902592241764069, 0.2445315271615982, 0.4444867968559265, 0.1519557535648346], ""source"": ""V3 endpoint"", ""start_id"": 123, ""iteration"": 500, ""region_id"": null, ""prediction"": {""mean_tracking"": 0.002569624688476324, ""p90"": 0.0035737380385398865, ""pj"": [0.006192086264491081, 1.778436953259188e-08, 0.06008519232273102, 1.5694545663080817e-10], ""objective"": 64.93551635742188}, ""provenance"": {}}",v3_endpoint,V3 endpoint,89.6959749585286,0.005,"[0.268688293370945, 0.0, 0.7977535692536708, 0.0]","{""tracking_pass"": true, ""qos_numerical_pass"": false, ""max_pj"": 0.7977535692536708, ""worst_violation"": 6.977535692536708, ""total_violation"": 8.664418626246157, ""per_job_evidence_counts"": [1419, 312, 14780, 348], ""ordered_job_sections"": [""Resnet.train.4"", ""GPT2.train.4"", ""Llama.infer.4"", ""Bloom.train.4""], ""execution_status"": ""PARSED"", ""execution_valid"": true, ""numerical_feasible"": false, ""evidence_status"": ""SUFFICIENT"", ""evidence_sufficient"": true, ""evidence_qualified_feasible"": false, ""min_qos_observations_per_type"": 1, ""statistical_reliability_established"": false}","[{""job"": {""index"": 0, ""section"": ""Resnet.train.4"", ""descriptors"": [199.0, 755.0, 337.0, 1321.0, 4.0, 1.0]}, ""pj"": 0.268688293370945, ""observation_count"": 1419, ""finished_count"": 667, ""unfinished_count"": 752, ""exceedance_count"": 382, ""estimator_numerator"": 381, ""estimator_denominator"": 1418, ""estimator"": ""flexdc_rank_cdf_v1"", ""horizon_seconds"": 3600, ""threshold_sojourn_seconds"": 1685.0, ""threshold_exceeds_horizon"": false}, {""job"": {""index"": 1, ""section"": ""GPT2.train.4"", ""descriptors"": [201.0, 763.0, 1185.0, 4592.0, 4.0, 1.0]}, ""pj"": 0.0, ""observation_count"": 312, ""finished_count"": 166, ""unfinished_count"": 146, ""exceedance_count"": 0, ""estimator_numerator"": 0, ""estimator_denominator"": 311, ""estimator"": ""flexdc_rank_cdf_v1"", ""horizon_seconds"": 3600, ""threshold_sojourn_seconds"": 5925.0, ""threshold_exceeds_horizon"": true}, {""job"": {""index"": 2, ""section"": ""Llama.infer.4"", ""descriptors"": [202.0, 702.0, 36.0, 360.0, 5.0, 1.0]}, ""pj"": 0.7977535692536708, ""observation_count"": 14780, ""finished_count"": 14003, ""unfinished_count"": 777, ""exceedance_count"": 11791, ""estimator_numerator"": 11790, ""estimator_denominator"": 14779, ""estimator"": ""flexdc_rank_cdf_v1"", ""horizon_seconds"": 3600, ""threshold_sojourn_seconds"": 216.0, ""threshold_exceeds_horizon"": false}, {""job"": {""index"": 3, ""section"": ""Bloom.train.4"", ""descriptors"": [202.0, 726.0, 1104.0, 4202.0, 4.0, 1.0]}, ""pj"": 0.0, ""observation_count"": 348, ""finished_count"": 0, ""unfinished_count"": 348, ""exceedance_count"": 0, ""estimator_numerator"": 0, ""estimator_denominator"": 347, ""estimator"": ""flexdc_rank_cdf_v1"", ""horizon_seconds"": 3600, ""threshold_sojourn_seconds"": 5520.0, ""threshold_exceeds_horizon"": true}]","{""mean_tracking"": 0.002512319755968076, ""p90"": 0.0014262619614601136, ""pj"": [0.26249620710645394, -1.778436953259188e-08, 0.7376683769309398, -1.5694545663080817e-10], ""max_pj"": 0.7376683769309398, ""objective"": 24.76045860110672}",CONFIRMATION_NOT_RUN,0.0,2.0,0.0,12.374889299997449,12.515395300000819,49.98627629999828
c010,2,SCREENING,CLEAN_J4_COMPOSITION,MIX4-TTIT,93af5c092e331852557f2dde4f05f77b510d4d5bb4bc3495f7aacf2e65a8ee70,4,9b7c511e7e9987cbd150e71db1140db342f3e2a614597367debae3535d3085ce,controlled_development_v2,v3_fixed_probing,1000,0.6,fixed,132059925,"[710399503, 1322971793]",300010.0,128,500,16,True,True,NO_BID,False,b28b0175bc07a14892d6d9faff75281e6407bb4e7452be7478d5f3a7452294e5,37.61138700000083,True,1408.0,6.0,61.507102899999154,NO_BID,HARD_MAX_SEARCH_CALLS,2.0,16.0,16.0,0.0,15.0,1.0,,,,,,,,,,,,,CONFIRMATION_NOT_RUN,0.0,2.0,0.0,61.033880800008774,61.38104839999869,98.6452678000096
c010,2,SCREENING,CLEAN_J4_COMPOSITION,MIX4-TTIT,93af5c092e331852557f2dde4f05f77b510d4d5bb4bc3495f7aacf2e65a8ee70,4,9b7c511e7e9987cbd150e71db1140db342f3e2a614597367debae3535d3085ce,controlled_development_v2,simulator_only_adaptive,1000,0.6,fixed,132059925,"[710399503, 1322971793]",,0,0,16,True,True,NO_BID,False,,0.0,False,0.0,0.0,58.25438600000052,NO_BID,HARD_MAX_SEARCH_CALLS,2.0,16.0,16.0,0.0,12.0,4.0,,,,,,,,,,,,,CONFIRMATION_NOT_RUN,0.0,2.0,0.0,62.99933910000618,58.09092710000186,62.99933910000618
c010,2,SCREENING,CLEAN_J4_COMPOSITION,MIX4-TTIT,93af5c092e331852557f2dde4f05f77b510d4d5bb4bc3495f7aacf2e65a8ee70,4,9b7c511e7e9987cbd150e71db1140db342f3e2a614597367debae3535d3085ce,controlled_development_v2,argos_fixed_budget,1000,0.6,fixed,132059925,"[710399503, 1322971793]",300010.0,128,500,16,True,True,NO_BID,False,b28b0175bc07a14892d6d9faff75281e6407bb4e7452be7478d5f3a7452294e5,37.61138700000083,True,1408.0,6.0,17.03550769999856,NO_BID,HARD_MAX_SEARCH_CALLS,2.0,16.0,16.0,0.0,4.0,12.0,,,,,,,,,,,,,CONFIRMATION_NOT_RUN,0.0,2.0,0.0,61.276621100005286,16.817231399996672,98.88800810000612
c010,2,SCREENING,CLEAN_J4_COMPOSITION,MIX4-TTIT,93af5c092e331852557f2dde4f05f77b510d4d5bb4bc3495f7aacf2e65a8ee70,4,9b7c511e7e9987cbd150e71db1140db342f3e2a614597367debae3535d3085ce,controlled_development_v2,argos_early_stop,1000,0.6,fixed,132059925,"[710399503, 1322971793]",300010.0,128,500,16,True,True,NO_BID,False,b28b0175bc07a14892d6d9faff75281e6407bb4e7452be7478d5f3a7452294e5,37.61138700000083,True,1408.0,6.0,1.0998480999987805,NO_BID,HARD_MAX_SEARCH_CALLS,2.0,16.0,16.0,0.0,0.0,16.0,,,,,,,,,,,,,CONFIRMATION_NOT_RUN,0.0,2.0,0.0,61.276621100005286,0.9097086000001582,98.88800810000612
c011,2,SCREENING,CLEAN_J4_COMPOSITION,MIX4-TTII,071fa109ad34a8aa0407196483a6a153f9d909fcc0a6bcf7a9327a7846dc178b,4,8a631d1320b373940cd63aab3642e3827c38f2813b70fa4a70e87af16c30742e,controlled_development_v2,v3_only,1000,0.6,fixed,2517480955,"[3220273805, 996699313]",300011.0,128,500,1,True,True,NO_BID,False,d78ccdf6341e5925082cf0859f9125408c5d17ec30c6656dd79a6905237a4a0c,37.3246951000001,False,1408.0,6.0,13.465000399999553,NO_BID,V3_SELECTED_POINT_NOT_QUALIFIED,1.0,1.0,1.0,0.0,1.0,0.0,,,,"{""candidate_id"": ""v3-0500-0113"", ""Pbar"": 0.4240642786026001, ""R"": 0.254008024930954, ""weights"": [0.15249225497245789, 0.15103667974472046, 0.361712783575058, 0.33475828170776367], ""source"": ""V3 endpoint"", ""start_id"": 113, ""iteration"": 500, ""region_id"": null, ""prediction"": {""mean_tracking"": 0.0030815512873232365, ""p90"": 0.0031828763894736767, ""pj"": [0.00017034343909472227, 1.0337788264314085e-10, 0.036681029945611954, 0.02464790642261505], ""objective"": 66.11190032958984}, ""provenance"": {}}",v3_endpoint,V3 endpoint,92.32568741117768,0.048,"[0.15384615384615385, 0.0, 0.6055358694925453, 0.4167157646662739]","{""tracking_pass"": true, ""qos_numerical_pass"": false, ""max_pj"": 0.6055358694925453, ""worst_violation"": 5.055358694925453, ""total_violation"": 8.76097788004973, ""per_job_evidence_counts"": [1470, 301, 14958, 11882], ""ordered_job_sections"": [""Resnet.train.4"", ""GPT2.train.4"", ""Llama.infer.4"", ""Bloom.infer.4""], ""execution_status"": ""PARSED"", ""execution_valid"": true, ""numerical_feasible"": false, ""evidence_status"": ""SUFFICIENT"", ""evidence_sufficient"": true, ""evidence_qualified_feasible"": false, ""min_qos_observations_per_type"": 1, ""statistical_reliability_established"": false}","[{""job"": {""index"": 0, ""section"": ""Resnet.train.4"", ""descriptors"": [199.0, 755.0, 337.0, 1321.0, 4.0, 1.0]}, ""pj"": 0.15384615384615385, ""observation_count"": 1470, ""finished_count"": 787, ""unfinished_count"": 683, ""exceedance_count"": 227, ""estimator_numerator"": 226, ""estimator_denominator"": 1469, ""estimator"": ""flexdc_rank_cdf_v1"", ""horizon_seconds"": 3600, ""threshold_sojourn_seconds"": 1685.0, ""threshold_exceeds_horizon"": false}, {""job"": {""index"": 1, ""section"": ""GPT2.train.4"", ""descriptors"": [201.0, 763.0, 1185.0, 4592.0, 4.0, 1.0]}, ""pj"": 0.0, ""observation_count"": 301, ""finished_count"": 119, ""unfinished_count"": 182, ""exceedance_count"": 0, ""estimator_numerator"": 0, ""estimator_denominator"": 300, ""estimator"": ""flexdc_rank_cdf_v1"", ""horizon_seconds"": 3600, ""threshold_sojourn_seconds"": 5925.0, ""threshold_exceeds_horizon"": true}, {""job"": {""index"": 2, ""section"": ""Llama.infer.4"", ""descriptors"": [202.0, 702.0, 36.0, 360.0, 5.0, 1.0]}, ""pj"": 0.6055358694925453, ""observation_count"": 14958, ""finished_count"": 14710, ""unfinished_count"": 248, ""exceedance_count"": 9058, ""estimator_numerator"": 9057, ""estimator_denominator"": 14957, ""estimator"": ""flexdc_rank_cdf_v1"", ""horizon_seconds"": 3600, ""threshold_sojourn_seconds"": 216.0, ""threshold_exceeds_horizon"": false}, {""job"": {""index"": 3, ""section"": ""Bloom.infer.4"", ""descriptors"": [202.0, 698.0, 44.0, 386.0, 5.0, 1.0]}, ""pj"": 0.4167157646662739, ""observation_count"": 11882, ""finished_count"": 11817, ""unfinished_count"": 65, ""exceedance_count"": 4952, ""estimator_numerator"": 4951, ""estimator_denominator"": 11881, ""estimator"": ""flexdc_rank_cdf_v1"", ""horizon_seconds"": 3600, ""threshold_sojourn_seconds"": 264.0, ""threshold_exceeds_horizon"": false}]","{""mean_tracking"": 0.024465115379343365, ""p90"": 0.044817123610526324, ""pj"": [0.15367581040705913, -1.0337788264314085e-10, 0.5688548395469334, 0.39206785824365886], ""max_pj"": 0.5688548395469334, ""objective"": 26.21378708158784}",CONFIRMATION_NOT_RUN,0.0,2.0,0.0,13.300632900001801,13.4415697000004,50.6253280000019
c011,2,SCREENING,CLEAN_J4_COMPOSITION,MIX4-TTII,071fa109ad34a8aa0407196483a6a153f9d909fcc0a6bcf7a9327a7846dc178b,4,8a631d1320b373940cd63aab3642e3827c38f2813b70fa4a70e87af16c30742e,controlled_development_v2,v3_fixed_probing,1000,0.6,fixed,2517480955,"[3220273805, 996699313]",300011.0,128,500,16,True,True,DONE,True,d78ccdf6341e5925082cf0859f9125408c5d17ec30c6656dd79a6905237a4a0c,37.3246951000001,True,1408.0,6.0,92.33020229999966,DONE,HARD_MAX_SEARCH_CALLS,2.0,16.0,16.0,2.0,17.0,1.0,1.0,8.0,69.21072419999837,"{""candidate_id"": ""v3-0100-0052"", ""Pbar"": 0.49693992733955383, ""R"": 0.03721925616264343, ""weights"": [0.20449694991111755, 0.22778290510177612, 0.27894020080566406, 0.28877994418144226], ""source"": ""V3 snapshot"", ""start_id"": 52, ""iteration"": 100, ""region_id"": ""region-05"", ""prediction"": {""mean_tracking"": 0.010586194694042206, ""p90"": 0.014867197722196579, ""pj"": [3.808733328725111e-09, 1.429820624447835e-20, 2.0066031538590323e-06, 2.2108985753277466e-09], ""objective"": 93.91877746582031}, ""provenance"": {}}",initial_v3_region_representative,V3 snapshot,94.05954644226831,0.093,"[0.0, 0.0, 0.0, 0.0]","{""tracking_pass"": true, ""qos_numerical_pass"": true, ""max_pj"": 0.0, ""worst_violation"": 0.0, ""total_violation"": 0.0, ""per_job_evidence_counts"": [1470, 301, 14958, 11882], ""ordered_job_sections"": [""Resnet.train.4"", ""GPT2.train.4"", ""Llama.infer.4"", ""Bloom.infer.4""], ""execution_status"": ""PARSED"", ""execution_valid"": true, ""numerical_feasible"": true, ""evidence_status"": ""SUFFICIENT"", ""evidence_sufficient"": true, ""evidence_qualified_feasible"": true, ""min_qos_observations_per_type"": 1, ""statistical_reliability_established"": false}","[{""job"": {""index"": 0, ""section"": ""Resnet.train.4"", ""descriptors"": [199.0, 755.0, 337.0, 1321.0, 4.0, 1.0]}, ""pj"": 0.0, ""observation_count"": 1470, ""finished_count"": 1066, ""unfinished_count"": 404, ""exceedance_count"": 0, ""estimator_numerator"": 0, ""estimator_denominator"": 1469, ""estimator"": ""flexdc_rank_cdf_v1"", ""horizon_seconds"": 3600, ""threshold_sojourn_seconds"": 1685.0, ""threshold_exceeds_horizon"": false}, {""job"": {""index"": 1, ""section"": ""GPT2.train.4"", ""descriptors"": [201.0, 763.0, 1185.0, 4592.0, 4.0, 1.0]}, ""pj"": 0.0, ""observation_count"": 301, ""finished_count"": 206, ""unfinished_count"": 95, ""exceedance_count"": 0, ""estimator_numerator"": 0, ""estimator_denominator"": 300, ""estimator"": ""flexdc_rank_cdf_v1"", ""horizon_seconds"": 3600, ""threshold_sojourn_seconds"": 5925.0, ""threshold_exceeds_horizon"": true}, {""job"": {""index"": 2, ""section"": ""Llama.infer.4"", ""descriptors"": [202.0, 702.0, 36.0, 360.0, 5.0, 1.0]}, ""pj"": 0.0, ""observation_count"": 14958, ""finished_count"": 14949, ""unfinished_count"": 9, ""exceedance_count"": 0, ""estimator_numerator"": 0, ""estimator_denominator"": 14957, ""estimator"": ""flexdc_rank_cdf_v1"", ""horizon_seconds"": 3600, ""threshold_sojourn_seconds"": 216.0, ""threshold_exceeds_horizon"": false}, {""job"": {""index"": 3, ""section"": ""Bloom.infer.4"", ""descriptors"": [202.0, 698.0, 44.0, 386.0, 5.0, 1.0]}, ""pj"": 0.0, ""observation_count"": 11882, ""finished_count"": 11877, ""unfinished_count"": 5, ""exceedance_count"": 0, ""estimator_numerator"": 0, ""estimator_denominator"": 11881, ""estimator"": ""flexdc_rank_cdf_v1"", ""horizon_seconds"": 3600, ""threshold_sojourn_seconds"": 264.0, ""threshold_exceeds_horizon"": false}]","{""mean_tracking"": 0.02098380530595769, ""p90"": 0.07813280227780342, ""pj"": [-3.808733328725111e-09, -1.429820624447835e-20, -2.0066031538590323e-06, -2.2108985753277466e-09], ""max_pj"": -2.0066031538590323e-06, ""objective"": 0.14076897644800113}",CONFIRMATION_ALL_PASS,2.0,2.0,2.0,92.80278599999656,92.14807210000072,130.12748109999666
c011,2,SCREENING,CLEAN_J4_COMPOSITION,MIX4-TTII,071fa109ad34a8aa0407196483a6a153f9d909fcc0a6bcf7a9327a7846dc178b,4,8a631d1320b373940cd63aab3642e3827c38f2813b70fa4a70e87af16c30742e,controlled_development_v2,simulator_only_adaptive,1000,0.6,fixed,2517480955,"[3220273805, 996699313]",,0,0,16,True,True,NO_BID,False,,0.0,False,0.0,0.0,64.49221519999992,NO_BID,HARD_MAX_SEARCH_CALLS,2.0,16.0,16.0,0.0,12.0,4.0,,,,,,,,,,,,,CONFIRMATION_NOT_RUN,0.0,2.0,0.0,68.2571366000011,64.33626290000029,68.2571366000011
c011,2,SCREENING,CLEAN_J4_COMPOSITION,MIX4-TTII,071fa109ad34a8aa0407196483a6a153f9d909fcc0a6bcf7a9327a7846dc178b,4,8a631d1320b373940cd63aab3642e3827c38f2813b70fa4a70e87af16c30742e,controlled_development_v2,argos_fixed_budget,1000,0.6,fixed,2517480955,"[3220273805, 996699313]",300011.0,128,500,16,True,True,DONE,True,d78ccdf6341e5925082cf0859f9125408c5d17ec30c6656dd79a6905237a4a0c,37.3246951000001,True,1408.0,6.0,31.941573099997186,DONE,HARD_MAX_SEARCH_CALLS,2.0,16.0,16.0,2.0,6.0,12.0,1.0,8.0,69.21072419999837,"{""candidate_id"": ""v3-0100-0052"", ""Pbar"": 0.49693992733955383, ""R"": 0.03721925616264343, ""weights"": [0.20449694991111755, 0.22778290510177612, 0.27894020080566406, 0.28877994418144226], ""source"": ""V3 snapshot"", ""start_id"": 52, ""iteration"": 100, ""region_id"": ""region-05"", ""prediction"": {""mean_tracking"": 0.010586194694042206, ""p90"": 0.014867197722196579, ""pj"": [3.808733328725111e-09, 1.429820624447835e-20, 2.0066031538590323e-06, 2.2108985753277466e-09], ""objective"": 93.91877746582031}, ""provenance"": {}}",initial_v3_region_representative,V3 snapshot,94.05954644226831,0.093,"[0.0, 0.0, 0.0, 0.0]","{""tracking_pass"": true, ""qos_numerical_pass"": true, ""max_pj"": 0.0, ""worst_violation"": 0.0, ""total_violation"": 0.0, ""per_job_evidence_counts"": [1470, 301, 14958, 11882], ""ordered_job_sections"": [""Resnet.train.4"", ""GPT2.train.4"", ""Llama.infer.4"", ""Bloom.infer.4""], ""execution_status"": ""PARSED"", ""execution_valid"": true, ""numerical_feasible"": true, ""evidence_status"": ""SUFFICIENT"", ""evidence_sufficient"": true, ""evidence_qualified_feasible"": true, ""min_qos_observations_per_type"": 1, ""statistical_reliability_established"": false}","[{""job"": {""index"": 0, ""section"": ""Resnet.train.4"", ""descriptors"": [199.0, 755.0, 337.0, 1321.0, 4.0, 1.0]}, ""pj"": 0.0, ""observation_count"": 1470, ""finished_count"": 1066, ""unfinished_count"": 404, ""exceedance_count"": 0, ""estimator_numerator"": 0, ""estimator_denominator"": 1469, ""estimator"": ""flexdc_rank_cdf_v1"", ""horizon_seconds"": 3600, ""threshold_sojourn_seconds"": 1685.0, ""threshold_exceeds_horizon"": false}, {""job"": {""index"": 1, ""section"": ""GPT2.train.4"", ""descriptors"": [201.0, 763.0, 1185.0, 4592.0, 4.0, 1.0]}, ""pj"": 0.0, ""observation_count"": 301, ""finished_count"": 206, ""unfinished_count"": 95, ""exceedance_count"": 0, ""estimator_numerator"": 0, ""estimator_denominator"": 300, ""estimator"": ""flexdc_rank_cdf_v1"", ""horizon_seconds"": 3600, ""threshold_sojourn_seconds"": 5925.0, ""threshold_exceeds_horizon"": true}, {""job"": {""index"": 2, ""section"": ""Llama.infer.4"", ""descriptors"": [202.0, 702.0, 36.0, 360.0, 5.0, 1.0]}, ""pj"": 0.0, ""observation_count"": 14958, ""finished_count"": 14949, ""unfinished_count"": 9, ""exceedance_count"": 0, ""estimator_numerator"": 0, ""estimator_denominator"": 14957, ""estimator"": ""flexdc_rank_cdf_v1"", ""horizon_seconds"": 3600, ""threshold_sojourn_seconds"": 216.0, ""threshold_exceeds_horizon"": false}, {""job"": {""index"": 3, ""section"": ""Bloom.infer.4"", ""descriptors"": [202.0, 698.0, 44.0, 386.0, 5.0, 1.0]}, ""pj"": 0.0, ""observation_count"": 11882, ""finished_count"": 11877, ""unfinished_count"": 5, ""exceedance_count"": 0, ""estimator_numerator"": 0, ""estimator_denominator"": 11881, ""estimator"": ""flexdc_rank_cdf_v1"", ""horizon_seconds"": 3600, ""threshold_sojourn_seconds"": 264.0, ""threshold_exceeds_horizon"": false}]","{""mean_tracking"": 0.02098380530595769, ""p90"": 0.07813280227780342, ""pj"": [-3.808733328725111e-09, -1.429820624447835e-20, -2.0066031538590323e-06, -2.2108985753277466e-09], ""max_pj"": -2.0066031538590323e-06, ""objective"": 0.14076897644800113}",CONFIRMATION_ALL_PASS,2.0,2.0,2.0,92.42174389999491,31.650516100002278,129.746438999995
c011,2,SCREENING,CLEAN_J4_COMPOSITION,MIX4-TTII,071fa109ad34a8aa0407196483a6a153f9d909fcc0a6bcf7a9327a7846dc178b,4,8a631d1320b373940cd63aab3642e3827c38f2813b70fa4a70e87af16c30742e,controlled_development_v2,argos_early_stop,1000,0.6,fixed,2517480955,"[3220273805, 996699313]",300011.0,128,500,16,True,True,DONE,True,d78ccdf6341e5925082cf0859f9125408c5d17ec30c6656dd79a6905237a4a0c,37.3246951000001,True,1408.0,6.0,1.6279021999980614,DONE,HARD_MAX_SEARCH_CALLS,2.0,16.0,16.0,2.0,0.0,18.0,1.0,8.0,69.21072419999837,"{""candidate_id"": ""v3-0100-0052"", ""Pbar"": 0.49693992733955383, ""R"": 0.03721925616264343, ""weights"": [0.20449694991111755, 0.22778290510177612, 0.27894020080566406, 0.28877994418144226], ""source"": ""V3 snapshot"", ""start_id"": 52, ""iteration"": 100, ""region_id"": ""region-05"", ""prediction"": {""mean_tracking"": 0.010586194694042206, ""p90"": 0.014867197722196579, ""pj"": [3.808733328725111e-09, 1.429820624447835e-20, 2.0066031538590323e-06, 2.2108985753277466e-09], ""objective"": 93.91877746582031}, ""provenance"": {}}",initial_v3_region_representative,V3 snapshot,94.05954644226831,0.093,"[0.0, 0.0, 0.0, 0.0]","{""tracking_pass"": true, ""qos_numerical_pass"": true, ""max_pj"": 0.0, ""worst_violation"": 0.0, ""total_violation"": 0.0, ""per_job_evidence_counts"": [1470, 301, 14958, 11882], ""ordered_job_sections"": [""Resnet.train.4"", ""GPT2.train.4"", ""Llama.infer.4"", ""Bloom.infer.4""], ""execution_status"": ""PARSED"", ""execution_valid"": true, ""numerical_feasible"": true, ""evidence_status"": ""SUFFICIENT"", ""evidence_sufficient"": true, ""evidence_qualified_feasible"": true, ""min_qos_observations_per_type"": 1, ""statistical_reliability_established"": false}","[{""job"": {""index"": 0, ""section"": ""Resnet.train.4"", ""descriptors"": [199.0, 755.0, 337.0, 1321.0, 4.0, 1.0]}, ""pj"": 0.0, ""observation_count"": 1470, ""finished_count"": 1066, ""unfinished_count"": 404, ""exceedance_count"": 0, ""estimator_numerator"": 0, ""estimator_denominator"": 1469, ""estimator"": ""flexdc_rank_cdf_v1"", ""horizon_seconds"": 3600, ""threshold_sojourn_seconds"": 1685.0, ""threshold_exceeds_horizon"": false}, {""job"": {""index"": 1, ""section"": ""GPT2.train.4"", ""descriptors"": [201.0, 763.0, 1185.0, 4592.0, 4.0, 1.0]}, ""pj"": 0.0, ""observation_count"": 301, ""finished_count"": 206, ""unfinished_count"": 95, ""exceedance_count"": 0, ""estimator_numerator"": 0, ""estimator_denominator"": 300, ""estimator"": ""flexdc_rank_cdf_v1"", ""horizon_seconds"": 3600, ""threshold_sojourn_seconds"": 5925.0, ""threshold_exceeds_horizon"": true}, {""job"": {""index"": 2, ""section"": ""Llama.infer.4"", ""descriptors"": [202.0, 702.0, 36.0, 360.0, 5.0, 1.0]}, ""pj"": 0.0, ""observation_count"": 14958, ""finished_count"": 14949, ""unfinished_count"": 9, ""exceedance_count"": 0, ""estimator_numerator"": 0, ""estimator_denominator"": 14957, ""estimator"": ""flexdc_rank_cdf_v1"", ""horizon_seconds"": 3600, ""threshold_sojourn_seconds"": 216.0, ""threshold_exceeds_horizon"": false}, {""job"": {""index"": 3, ""section"": ""Bloom.infer.4"", ""descriptors"": [202.0, 698.0, 44.0, 386.0, 5.0, 1.0]}, ""pj"": 0.0, ""observation_count"": 11882, ""finished_count"": 11877, ""unfinished_count"": 5, ""exceedance_count"": 0, ""estimator_numerator"": 0, ""estimator_denominator"": 11881, ""estimator"": ""flexdc_rank_cdf_v1"", ""horizon_seconds"": 3600, ""threshold_sojourn_seconds"": 264.0, ""threshold_exceeds_horizon"": false}]","{""mean_tracking"": 0.02098380530595769, ""p90"": 0.07813280227780342, ""pj"": [-3.808733328725111e-09, -1.429820624447835e-20, -2.0066031538590323e-06, -2.2108985753277466e-09], ""max_pj"": -2.0066031538590323e-06, ""objective"": 0.14076897644800113}",CONFIRMATION_ALL_PASS,2.0,2.0,2.0,92.42174389999491,1.3376760000028298,129.746438999995
c012,2,SCREENING,CLEAN_J4_COMPOSITION,MIX4-TITT,a94ce324382504580142c476ced4ebf979b62300247222786a0f2f5e356e38bf,4,50f15f48616319c62e22a6af4fa8aceb1fb74d70b2f73f1e24a5f66b280b390e,controlled_development_v2,v3_only,1000,0.6,fixed,2591920543,"[3281640404, 961381231]",300012.0,128,500,1,True,True,NO_BID,False,a4aae88948d647f6e2b39256dda304ab9fd1445eed5bdcf78000b413f108bfb5,37.77134410000144,False,1408.0,6.0,13.091022199998406,NO_BID,V3_SELECTED_POINT_NOT_QUALIFIED,1.0,1.0,1.0,0.0,1.0,0.0,,,,"{""candidate_id"": ""v3-0500-0052"", ""Pbar"": 0.3857539892196655, ""R"": 0.23080193996429443, ""weights"": [0.18006306886672974, 0.4478149116039276, 0.15512080490589142, 0.21700121462345123], ""source"": ""V3 endpoint"", ""start_id"": 52, ""iteration"": 500, ""region_id"": null, ""prediction"": {""mean_tracking"": 0.003031674772500992, ""p90"": 0.006479175295680761, ""pj"": [0.020738599821925163, 0.029627425596117973, 4.514846274616957e-09, 2.6548168177709108e-11], ""objective"": 64.387939453125}, ""provenance"": {}}",v3_endpoint,V3 endpoint,89.30688967911335,0.005,"[0.31280276816609, 0.7624415584415585, 0.0, 0.0]","{""tracking_pass"": true, ""qos_numerical_pass"": false, ""max_pj"": 0.7624415584415585, ""worst_violation"": 6.624415584415584, ""total_violation"": 8.752443266076483, ""per_job_evidence_counts"": [1446, 19251, 299, 351], ""ordered_job_sections"": [""Resnet.train.4"", ""GPT2.infer.4"", ""Llama.train.4"", ""Bloom.train.4""], ""execution_status"": ""PARSED"", ""execution_valid"": true, ""numerical_feasible"": false, ""evidence_status"": ""SUFFICIENT"", ""evidence_sufficient"": true, ""evidence_qualified_feasible"": false, ""min_qos_observations_per_type"": 1, ""statistical_reliability_established"": false}","[{""job"": {""index"": 0, ""section"": ""Resnet.train.4"", ""descriptors"": [199.0, 755.0, 337.0, 1321.0, 4.0, 1.0]}, ""pj"": 0.31280276816609, ""observation_count"": 1446, ""finished_count"": 664, ""unfinished_count"": 782, ""exceedance_count"": 453, ""estimator_numerator"": 452, ""estimator_denominator"": 1445, ""estimator"": ""flexdc_rank_cdf_v1"", ""horizon_seconds"": 3600, ""threshold_sojourn_seconds"": 1685.0, ""threshold_exceeds_horizon"": false}, {""job"": {""index"": 1, ""section"": ""GPT2.infer.4"", ""descriptors"": [198.0, 732.0, 28.0, 180.0, 5.0, 1.0]}, ""pj"": 0.7624415584415585, ""observation_count"": 19251, ""finished_count"": 19019, ""unfinished_count"": 232, ""exceedance_count"": 14678, ""estimator_numerator"": 14677, ""estimator_denominator"": 19250, ""estimator"": ""flexdc_rank_cdf_v1"", ""horizon_seconds"": 3600, ""threshold_sojourn_seconds"": 168.0, ""threshold_exceeds_horizon"": false}, {""job"": {""index"": 2, ""section"": ""Llama.train.4"", ""descriptors"": [200.0, 742.0, 1242.0, 4921.0, 4.0, 1.0]}, ""pj"": 0.0, ""observation_count"": 299, ""finished_count"": 0, ""unfinished_count"": 299, ""exceedance_count"": 0, ""estimator_numerator"": 0, ""estimator_denominator"": 298, ""estimator"": ""flexdc_rank_cdf_v1"", ""horizon_seconds"": 3600, ""threshold_sojourn_seconds"": 6210.0, ""threshold_exceeds_horizon"": true}, {""job"": {""index"": 3, ""section"": ""Bloom.train.4"", ""descriptors"": [202.0, 726.0, 1104.0, 4202.0, 4.0, 1.0]}, ""pj"": 0.0, ""observation_count"": 351, ""finished_count"": 103, ""unfinished_count"": 248, ""exceedance_count"": 0, ""estimator_numerator"": 0, ""estimator_denominator"": 350, ""estimator"": ""flexdc_rank_cdf_v1"", ""horizon_seconds"": 3600, ""threshold_sojourn_seconds"": 5520.0, ""threshold_exceeds_horizon"": true}]","{""mean_tracking"": -0.0006763969947232917, ""p90"": -0.0014791752956807612, ""pj"": [0.2920641683441648, 0.7328141328454405, -4.514846274616957e-09, -2.6548168177709108e-11], ""max_pj"": 0.7328141328454405, ""objective"": 24.918950225988354}",CONFIRMATION_NOT_RUN,0.0,2.0,0.0,12.923021499998868,13.066044999999576,50.69436560000031
c012,2,SCREENING,CLEAN_J4_COMPOSITION,MIX4-TITT,a94ce324382504580142c476ced4ebf979b62300247222786a0f2f5e356e38bf,4,50f15f48616319c62e22a6af4fa8aceb1fb74d70b2f73f1e24a5f66b280b390e,controlled_development_v2,v3_fixed_probing,1000,0.6,fixed,2591920543,"[3281640404, 961381231]",300012.0,128,500,16,True,True,NO_BID,False,a4aae88948d647f6e2b39256dda304ab9fd1445eed5bdcf78000b413f108bfb5,37.77134410000144,True,1408.0,6.0,67.77606799999921,NO_BID,HARD_MAX_SEARCH_CALLS,2.0,16.0,16.0,0.0,15.0,1.0,,,,,,,,,,,,,CONFIRMATION_NOT_RUN,0.0,2.0,0.0,67.00970629999938,67.66136369999731,104.78105040000082
c012,2,SCREENING,CLEAN_J4_COMPOSITION,MIX4-TITT,a94ce324382504580142c476ced4ebf979b62300247222786a0f2f5e356e38bf,4,50f15f48616319c62e22a6af4fa8aceb1fb74d70b2f73f1e24a5f66b280b390e,controlled_development_v2,simulator_only_adaptive,1000,0.6,fixed,2591920543,"[3281640404, 961381231]",,0,0,16,True,True,NO_BID,False,,0.0,False,0.0,0.0,61.81155880000006,NO_BID,HARD_MAX_SEARCH_CALLS,2.0,16.0,16.0,0.0,12.0,4.0,,,,,,,,,,,,,CONFIRMATION_NOT_RUN,0.0,2.0,0.0,66.74381420000282,61.68714910000199,66.74381420000282
c012,2,SCREENING,CLEAN_J4_COMPOSITION,MIX4-TITT,a94ce324382504580142c476ced4ebf979b62300247222786a0f2f5e356e38bf,4,50f15f48616319c62e22a6af4fa8aceb1fb74d70b2f73f1e24a5f66b280b390e,controlled_development_v2,argos_fixed_budget,1000,0.6,fixed,2591920543,"[3281640404, 961381231]",300012.0,128,500,16,True,True,NO_BID,False,a4aae88948d647f6e2b39256dda304ab9fd1445eed5bdcf78000b413f108bfb5,37.77134410000144,True,1408.0,6.0,29.453297100000782,NO_BID,HARD_MAX_SEARCH_CALLS,2.0,16.0,16.0,0.0,5.0,11.0,,,,,,,,,,,,,CONFIRMATION_NOT_RUN,0.0,2.0,0.0,66.55241849999584,29.25409189999482,104.32376259999728
c012,2,SCREENING,CLEAN_J4_COMPOSITION,MIX4-TITT,a94ce324382504580142c476ced4ebf979b62300247222786a0f2f5e356e38bf,4,50f15f48616319c62e22a6af4fa8aceb1fb74d70b2f73f1e24a5f66b280b390e,controlled_development_v2,argos_early_stop,1000,0.6,fixed,2591920543,"[3281640404, 961381231]",300012.0,128,500,16,True,True,NO_BID,False,a4aae88948d647f6e2b39256dda304ab9fd1445eed5bdcf78000b413f108bfb5,37.77134410000144,True,1408.0,6.0,1.2094907999999123,NO_BID,HARD_MAX_SEARCH_CALLS,2.0,16.0,16.0,0.0,0.0,16.0,,,,,,,,,,,,,CONFIRMATION_NOT_RUN,0.0,2.0,0.0,66.55241849999584,1.0007238999969559,104.32376259999728
c013,2,SCREENING,CLEAN_J4_COMPOSITION,MIX4-TITI,5a604f6b2e55c8a3582df0bdd165ba5dd04358ed461684f4801c4986ef7bbfe1,4,a7848b990b83fd76caa119db9009fb97217d1256de0e81c82be960d26fa079c0,controlled_development_v2,v3_only,1000,0.6,fixed,3546795728,"[4100188289, 3804305859]",300013.0,128,500,1,True,True,NO_BID,False,ff50ea7e49e0ad8de28a301009fe5b12a2c4fdf3a17059645f34a18ee0f0da0b,38.317050599998765,False,1408.0,6.0,13.847204000001511,NO_BID,V3_SELECTED_POINT_NOT_QUALIFIED,1.0,1.0,1.0,0.0,1.0,0.0,,,,"{""candidate_id"": ""v3-0500-0109"", ""Pbar"": 0.4304867088794708, ""R"": 0.2580389380455017, ""weights"": [0.150864377617836, 0.3709043562412262, 0.15038858354091644, 0.32784268260002136], ""source"": ""V3 endpoint"", ""start_id"": 109, ""iteration"": 500, ""region_id"": null, ""prediction"": {""mean_tracking"": 0.0025156934279948473, ""p90"": 0.0036740810610353947, ""pj"": [0.0008666822104714811, 0.05093110352754593, 2.2532138654884903e-10, 0.03803560882806778], ""objective"": 66.86888122558594}, ""provenance"": {}}",v3_endpoint,V3 endpoint,96.42630851950182,0.151,"[0.22405816259087907, 0.6509354635274333, 0.0, 0.43640732455050124]","{""tracking_pass"": true, ""qos_numerical_pass"": false, ""max_pj"": 0.6509354635274333, ""worst_violation"": 5.509354635274332, ""total_violation"": 10.114009506688134, ""per_job_evidence_counts"": [1514, 19029, 282, 12070], ""ordered_job_sections"": [""Resnet.train.4"", ""GPT2.infer.4"", ""Llama.train.4"", ""Bloom.infer.4""], ""execution_status"": ""PARSED"", ""execution_valid"": true, ""numerical_feasible"": false, ""evidence_status"": ""SUFFICIENT"", ""evidence_sufficient"": true, ""evidence_qualified_feasible"": false, ""min_qos_observations_per_type"": 1, ""statistical_reliability_established"": false}","[{""job"": {""index"": 0, ""section"": ""Resnet.train.4"", ""descriptors"": [199.0, 755.0, 337.0, 1321.0, 4.0, 1.0]}, ""pj"": 0.22405816259087907, ""observation_count"": 1514, ""finished_count"": 724, ""unfinished_count"": 790, ""exceedance_count"": 340, ""estimator_numerator"": 339, ""estimator_denominator"": 1513, ""estimator"": ""flexdc_rank_cdf_v1"", ""horizon_seconds"": 3600, ""threshold_sojourn_seconds"": 1685.0, ""threshold_exceeds_horizon"": false}, {""job"": {""index"": 1, ""section"": ""GPT2.infer.4"", ""descriptors"": [198.0, 732.0, 28.0, 180.0, 5.0, 1.0]}, ""pj"": 0.6509354635274333, ""observation_count"": 19029, ""finished_count"": 18742, ""unfinished_count"": 287, ""exceedance_count"": 12387, ""estimator_numerator"": 12386, ""estimator_denominator"": 19028, ""estimator"": ""flexdc_rank_cdf_v1"", ""horizon_seconds"": 3600, ""threshold_sojourn_seconds"": 168.0, ""threshold_exceeds_horizon"": false}, {""job"": {""index"": 2, ""section"": ""Llama.train.4"", ""descriptors"": [200.0, 742.0, 1242.0, 4921.0, 4.0, 1.0]}, ""pj"": 0.0, ""observation_count"": 282, ""finished_count"": 117, ""unfinished_count"": 165, ""exceedance_count"": 0, ""estimator_numerator"": 0, ""estimator_denominator"": 281, ""estimator"": ""flexdc_rank_cdf_v1"", ""horizon_seconds"": 3600, ""threshold_sojourn_seconds"": 6210.0, ""threshold_exceeds_horizon"": true}, {""job"": {""index"": 3, ""section"": ""Bloom.infer.4"", ""descriptors"": [202.0, 698.0, 44.0, 386.0, 5.0, 1.0]}, ""pj"": 0.43640732455050124, ""observation_count"": 12070, ""finished_count"": 11893, ""unfinished_count"": 177, ""exceedance_count"": 5268, ""estimator_numerator"": 5267, ""estimator_denominator"": 12069, ""estimator"": ""flexdc_rank_cdf_v1"", ""horizon_seconds"": 3600, ""threshold_sojourn_seconds"": 264.0, ""threshold_exceeds_horizon"": false}]","{""mean_tracking"": 0.03782763990533845, ""p90"": 0.1473259189389646, ""pj"": [0.2231914803804076, 0.6000043599998873, -2.2532138654884903e-10, 0.39837171572243346], ""max_pj"": 0.6000043599998873, ""objective"": 29.55742729391588}",CONFIRMATION_NOT_RUN,0.0,2.0,0.0,13.67234340000141,13.82582039999761,51.989394000000175
c013,2,SCREENING,CLEAN_J4_COMPOSITION,MIX4-TITI,5a604f6b2e55c8a3582df0bdd165ba5dd04358ed461684f4801c4986ef7bbfe1,4,a7848b990b83fd76caa119db9009fb97217d1256de0e81c82be960d26fa079c0,controlled_development_v2,v3_fixed_probing,1000,0.6,fixed,3546795728,"[4100188289, 3804305859]",300013.0,128,500,16,True,True,DONE,True,ff50ea7e49e0ad8de28a301009fe5b12a2c4fdf3a17059645f34a18ee0f0da0b,38.317050599998765,True,1408.0,6.0,100.42265269999916,DONE,HARD_MAX_SEARCH_CALLS,2.0,16.0,16.0,2.0,17.0,1.0,1.0,8.0,76.87646199999654,"{""candidate_id"": ""v3-0200-0045"", ""Pbar"": 0.5081343054771423, ""R"": 0.10133671760559082, ""weights"": [0.18661819398403168, 0.30591997504234314, 0.21465034782886505, 0.29281148314476013], ""source"": ""V3 snapshot"", ""start_id"": 45, ""iteration"": 200, ""region_id"": ""region-06"", ""prediction"": {""mean_tracking"": 0.004922475200146437, ""p90"": 0.013224112801253796, ""pj"": [2.039758510363754e-05, 2.511033380869776e-05, 3.8243555016872706e-20, 1.3108854091115063e-06], ""objective"": 88.6368637084961}, ""provenance"": {}}",initial_v3_region_representative,V3 snapshot,90.51924593441575,0.197,"[0.0, 0.06485179735127178, 0.0, 0.0]","{""tracking_pass"": true, ""qos_numerical_pass"": true, ""max_pj"": 0.06485179735127178, ""worst_violation"": 0.0, ""total_violation"": 0.0, ""per_job_evidence_counts"": [1514, 19029, 282, 12070], ""ordered_job_sections"": [""Resnet.train.4"", ""GPT2.infer.4"", ""Llama.train.4"", ""Bloom.infer.4""], ""execution_status"": ""PARSED"", ""execution_valid"": true, ""numerical_feasible"": true, ""evidence_status"": ""SUFFICIENT"", ""evidence_sufficient"": true, ""evidence_qualified_feasible"": true, ""min_qos_observations_per_type"": 1, ""statistical_reliability_established"": false}","[{""job"": {""index"": 0, ""section"": ""Resnet.train.4"", ""descriptors"": [199.0, 755.0, 337.0, 1321.0, 4.0, 1.0]}, ""pj"": 0.0, ""observation_count"": 1514, ""finished_count"": 1162, ""unfinished_count"": 352, ""exceedance_count"": 0, ""estimator_numerator"": 0, ""estimator_denominator"": 1513, ""estimator"": ""flexdc_rank_cdf_v1"", ""horizon_seconds"": 3600, ""threshold_sojourn_seconds"": 1685.0, ""threshold_exceeds_horizon"": false}, {""job"": {""index"": 1, ""section"": ""GPT2.infer.4"", ""descriptors"": [198.0, 732.0, 28.0, 180.0, 5.0, 1.0]}, ""pj"": 0.06485179735127178, ""observation_count"": 19029, ""finished_count"": 19019, ""unfinished_count"": 10, ""exceedance_count"": 1235, ""estimator_numerator"": 1234, ""estimator_denominator"": 19028, ""estimator"": ""flexdc_rank_cdf_v1"", ""horizon_seconds"": 3600, ""threshold_sojourn_seconds"": 168.0, ""threshold_exceeds_horizon"": false}, {""job"": {""index"": 2, ""section"": ""Llama.train.4"", ""descriptors"": [200.0, 742.0, 1242.0, 4921.0, 4.0, 1.0]}, ""pj"": 0.0, ""observation_count"": 282, ""finished_count"": 182, ""unfinished_count"": 100, ""exceedance_count"": 0, ""estimator_numerator"": 0, ""estimator_denominator"": 281, ""estimator"": ""flexdc_rank_cdf_v1"", ""horizon_seconds"": 3600, ""threshold_sojourn_seconds"": 6210.0, ""threshold_exceeds_horizon"": true}, {""job"": {""index"": 3, ""section"": ""Bloom.infer.4"", ""descriptors"": [202.0, 698.0, 44.0, 386.0, 5.0, 1.0]}, ""pj"": 0.0, ""observation_count"": 12070, ""finished_count"": 12057, ""unfinished_count"": 13, ""exceedance_count"": 0, ""estimator_numerator"": 0, ""estimator_denominator"": 12069, ""estimator"": ""flexdc_rank_cdf_v1"", ""horizon_seconds"": 3600, ""threshold_sojourn_seconds"": 264.0, ""threshold_exceeds_horizon"": false}]","{""mean_tracking"": 0.041812802577631265, ""p90"": 0.1837758871987462, ""pj"": [-2.039758510363754e-05, 0.06482668701746308, -3.8243555016872706e-20, -1.3108854091115063e-06], ""max_pj"": 0.06482668701746308, ""objective"": 1.882382225919656}",CONFIRMATION_ALL_PASS,2.0,2.0,2.0,101.51935249999588,100.239888899996,139.83640309999464
c013,2,SCREENING,CLEAN_J4_COMPOSITION,MIX4-TITI,5a604f6b2e55c8a3582df0bdd165ba5dd04358ed461684f4801c4986ef7bbfe1,4,a7848b990b83fd76caa119db9009fb97217d1256de0e81c82be960d26fa079c0,controlled_development_v2,simulator_only_adaptive,1000,0.6,fixed,3546795728,"[4100188289, 3804305859]",,0,0,16,True,True,NO_BID,False,,0.0,False,0.0,0.0,62.06181360000119,NO_BID,HARD_MAX_SEARCH_CALLS,2.0,16.0,16.0,0.0,12.0,4.0,,,,,,,,,,,,,CONFIRMATION_NOT_RUN,0.0,2.0,0.0,66.12511430000086,61.93383129999711,66.12511430000086
c013,2,SCREENING,CLEAN_J4_COMPOSITION,MIX4-TITI,5a604f6b2e55c8a3582df0bdd165ba5dd04358ed461684f4801c4986ef7bbfe1,4,a7848b990b83fd76caa119db9009fb97217d1256de0e81c82be960d26fa079c0,controlled_development_v2,argos_fixed_budget,1000,0.6,fixed,3546795728,"[4100188289, 3804305859]",300013.0,128,500,16,True,True,DONE,True,ff50ea7e49e0ad8de28a301009fe5b12a2c4fdf3a17059645f34a18ee0f0da0b,38.317050599998765,True,1408.0,6.0,33.39999810000154,DONE,HARD_MAX_SEARCH_CALLS,2.0,16.0,16.0,2.0,5.0,13.0,1.0,8.0,76.87646199999654,"{""candidate_id"": ""v3-0200-0045"", ""Pbar"": 0.5081343054771423, ""R"": 0.10133671760559082, ""weights"": [0.18661819398403168, 0.30591997504234314, 0.21465034782886505, 0.29281148314476013], ""source"": ""V3 snapshot"", ""start_id"": 45, ""iteration"": 200, ""region_id"": ""region-06"", ""prediction"": {""mean_tracking"": 0.004922475200146437, ""p90"": 0.013224112801253796, ""pj"": [2.039758510363754e-05, 2.511033380869776e-05, 3.8243555016872706e-20, 1.3108854091115063e-06], ""objective"": 88.6368637084961}, ""provenance"": {}}",initial_v3_region_representative,V3 snapshot,90.51924593441575,0.197,"[0.0, 0.06485179735127178, 0.0, 0.0]","{""tracking_pass"": true, ""qos_numerical_pass"": true, ""max_pj"": 0.06485179735127178, ""worst_violation"": 0.0, ""total_violation"": 0.0, ""per_job_evidence_counts"": [1514, 19029, 282, 12070], ""ordered_job_sections"": [""Resnet.train.4"", ""GPT2.infer.4"", ""Llama.train.4"", ""Bloom.infer.4""], ""execution_status"": ""PARSED"", ""execution_valid"": true, ""numerical_feasible"": true, ""evidence_status"": ""SUFFICIENT"", ""evidence_sufficient"": true, ""evidence_qualified_feasible"": true, ""min_qos_observations_per_type"": 1, ""statistical_reliability_established"": false}","[{""job"": {""index"": 0, ""section"": ""Resnet.train.4"", ""descriptors"": [199.0, 755.0, 337.0, 1321.0, 4.0, 1.0]}, ""pj"": 0.0, ""observation_count"": 1514, ""finished_count"": 1162, ""unfinished_count"": 352, ""exceedance_count"": 0, ""estimator_numerator"": 0, ""estimator_denominator"": 1513, ""estimator"": ""flexdc_rank_cdf_v1"", ""horizon_seconds"": 3600, ""threshold_sojourn_seconds"": 1685.0, ""threshold_exceeds_horizon"": false}, {""job"": {""index"": 1, ""section"": ""GPT2.infer.4"", ""descriptors"": [198.0, 732.0, 28.0, 180.0, 5.0, 1.0]}, ""pj"": 0.06485179735127178, ""observation_count"": 19029, ""finished_count"": 19019, ""unfinished_count"": 10, ""exceedance_count"": 1235, ""estimator_numerator"": 1234, ""estimator_denominator"": 19028, ""estimator"": ""flexdc_rank_cdf_v1"", ""horizon_seconds"": 3600, ""threshold_sojourn_seconds"": 168.0, ""threshold_exceeds_horizon"": false}, {""job"": {""index"": 2, ""section"": ""Llama.train.4"", ""descriptors"": [200.0, 742.0, 1242.0, 4921.0, 4.0, 1.0]}, ""pj"": 0.0, ""observation_count"": 282, ""finished_count"": 182, ""unfinished_count"": 100, ""exceedance_count"": 0, ""estimator_numerator"": 0, ""estimator_denominator"": 281, ""estimator"": ""flexdc_rank_cdf_v1"", ""horizon_seconds"": 3600, ""threshold_sojourn_seconds"": 6210.0, ""threshold_exceeds_horizon"": true}, {""job"": {""index"": 3, ""section"": ""Bloom.infer.4"", ""descriptors"": [202.0, 698.0, 44.0, 386.0, 5.0, 1.0]}, ""pj"": 0.0, ""observation_count"": 12070, ""finished_count"": 12057, ""unfinished_count"": 13, ""exceedance_count"": 0, ""estimator_numerator"": 0, ""estimator_denominator"": 12069, ""estimator"": ""flexdc_rank_cdf_v1"", ""horizon_seconds"": 3600, ""threshold_sojourn_seconds"": 264.0, ""threshold_exceeds_horizon"": false}]","{""mean_tracking"": 0.041812802577631265, ""p90"": 0.1837758871987462, ""pj"": [-2.039758510363754e-05, 0.06482668701746308, -3.8243555016872706e-20, -1.3108854091115063e-06], ""max_pj"": 0.06482668701746308, ""objective"": 1.882382225919656}",CONFIRMATION_ALL_PASS,2.0,2.0,2.0,98.5352383999998,33.135218300001725,136.85228899999856
c013,2,SCREENING,CLEAN_J4_COMPOSITION,MIX4-TITI,5a604f6b2e55c8a3582df0bdd165ba5dd04358ed461684f4801c4986ef7bbfe1,4,a7848b990b83fd76caa119db9009fb97217d1256de0e81c82be960d26fa079c0,controlled_development_v2,argos_early_stop,1000,0.6,fixed,3546795728,"[4100188289, 3804305859]",300013.0,128,500,16,True,True,DONE,True,ff50ea7e49e0ad8de28a301009fe5b12a2c4fdf3a17059645f34a18ee0f0da0b,38.317050599998765,True,1408.0,6.0,1.6878720999993675,DONE,HARD_MAX_SEARCH_CALLS,2.0,16.0,16.0,2.0,0.0,18.0,1.0,8.0,76.87646199999654,"{""candidate_id"": ""v3-0200-0045"", ""Pbar"": 0.5081343054771423, ""R"": 0.10133671760559082, ""weights"": [0.18661819398403168, 0.30591997504234314, 0.21465034782886505, 0.29281148314476013], ""source"": ""V3 snapshot"", ""start_id"": 45, ""iteration"": 200, ""region_id"": ""region-06"", ""prediction"": {""mean_tracking"": 0.004922475200146437, ""p90"": 0.013224112801253796, ""pj"": [2.039758510363754e-05, 2.511033380869776e-05, 3.8243555016872706e-20, 1.3108854091115063e-06], ""objective"": 88.6368637084961}, ""provenance"": {}}",initial_v3_region_representative,V3 snapshot,90.51924593441575,0.197,"[0.0, 0.06485179735127178, 0.0, 0.0]","{""tracking_pass"": true, ""qos_numerical_pass"": true, ""max_pj"": 0.06485179735127178, ""worst_violation"": 0.0, ""total_violation"": 0.0, ""per_job_evidence_counts"": [1514, 19029, 282, 12070], ""ordered_job_sections"": [""Resnet.train.4"", ""GPT2.infer.4"", ""Llama.train.4"", ""Bloom.infer.4""], ""execution_status"": ""PARSED"", ""execution_valid"": true, ""numerical_feasible"": true, ""evidence_status"": ""SUFFICIENT"", ""evidence_sufficient"": true, ""evidence_qualified_feasible"": true, ""min_qos_observations_per_type"": 1, ""statistical_reliability_established"": false}","[{""job"": {""index"": 0, ""section"": ""Resnet.train.4"", ""descriptors"": [199.0, 755.0, 337.0, 1321.0, 4.0, 1.0]}, ""pj"": 0.0, ""observation_count"": 1514, ""finished_count"": 1162, ""unfinished_count"": 352, ""exceedance_count"": 0, ""estimator_numerator"": 0, ""estimator_denominator"": 1513, ""estimator"": ""flexdc_rank_cdf_v1"", ""horizon_seconds"": 3600, ""threshold_sojourn_seconds"": 1685.0, ""threshold_exceeds_horizon"": false}, {""job"": {""index"": 1, ""section"": ""GPT2.infer.4"", ""descriptors"": [198.0, 732.0, 28.0, 180.0, 5.0, 1.0]}, ""pj"": 0.06485179735127178, ""observation_count"": 19029, ""finished_count"": 19019, ""unfinished_count"": 10, ""exceedance_count"": 1235, ""estimator_numerator"": 1234, ""estimator_denominator"": 19028, ""estimator"": ""flexdc_rank_cdf_v1"", ""horizon_seconds"": 3600, ""threshold_sojourn_seconds"": 168.0, ""threshold_exceeds_horizon"": false}, {""job"": {""index"": 2, ""section"": ""Llama.train.4"", ""descriptors"": [200.0, 742.0, 1242.0, 4921.0, 4.0, 1.0]}, ""pj"": 0.0, ""observation_count"": 282, ""finished_count"": 182, ""unfinished_count"": 100, ""exceedance_count"": 0, ""estimator_numerator"": 0, ""estimator_denominator"": 281, ""estimator"": ""flexdc_rank_cdf_v1"", ""horizon_seconds"": 3600, ""threshold_sojourn_seconds"": 6210.0, ""threshold_exceeds_horizon"": true}, {""job"": {""index"": 3, ""section"": ""Bloom.infer.4"", ""descriptors"": [202.0, 698.0, 44.0, 386.0, 5.0, 1.0]}, ""pj"": 0.0, ""observation_count"": 12070, ""finished_count"": 12057, ""unfinished_count"": 13, ""exceedance_count"": 0, ""estimator_numerator"": 0, ""estimator_denominator"": 12069, ""estimator"": ""flexdc_rank_cdf_v1"", ""horizon_seconds"": 3600, ""threshold_sojourn_seconds"": 264.0, ""threshold_exceeds_horizon"": false}]","{""mean_tracking"": 0.041812802577631265, ""p90"": 0.1837758871987462, ""pj"": [-2.039758510363754e-05, 0.06482668701746308, -3.8243555016872706e-20, -1.3108854091115063e-06], ""max_pj"": 0.06482668701746308, ""objective"": 1.882382225919656}",CONFIRMATION_ALL_PASS,2.0,2.0,2.0,98.5352383999998,1.397642399999313,136.85228899999856
c014,2,SCREENING,CLEAN_J4_COMPOSITION,MIX4-TIIT,55881145f6a835a3c8be1dc8b96f730a99870b13b67c398f76745a15d5ebf7ff,4,73a3c0ef76973052e26170b630681477811283c2374d645482d8045e81723048,controlled_development_v2,v3_only,1000,0.6,fixed,2267187024,"[1819127895, 1348106590]",300014.0,128,500,1,True,True,NO_BID,False,1427d3ef0109042837f3944456b8e452f67256ba0ceb61d6ff14608abfbca79e,38.47774279999794,False,1408.0,6.0,13.618989500002499,NO_BID,V3_SELECTED_POINT_NOT_QUALIFIED,1.0,1.0,1.0,0.0,1.0,0.0,,,,"{""candidate_id"": ""v3-0500-0046"", ""Pbar"": 0.43139249086380005, ""R"": 0.2581617534160614, ""weights"": [0.15154427289962769, 0.35430076718330383, 0.34272634983062744, 0.15142859518527985], ""source"": ""V3 endpoint"", ""start_id"": 46, ""iteration"": 500, ""region_id"": null, ""prediction"": {""mean_tracking"": 0.0025746049359440804, ""p90"": 0.004423228558152914, ""pj"": [0.0003518361772876233, 0.051207035779953, 0.048982441425323486, 3.059261871607433e-11], ""objective"": 67.15165710449219}, ""provenance"": {}}",v3_endpoint,V3 endpoint,91.88646208561015,0.198,"[0.15338245144005358, 0.5784323930467368, 0.38956235874255196, 0.0]","{""tracking_pass"": true, ""qos_numerical_pass"": false, ""max_pj"": 0.5784323930467368, ""worst_violation"": 4.784323930467368, ""total_violation"": 8.213772032293424, ""per_job_evidence_counts"": [1494, 19215, 14602, 386], ""ordered_job_sections"": [""Resnet.train.4"", ""GPT2.infer.4"", ""Llama.infer.4"", ""Bloom.train.4""], ""execution_status"": ""PARSED"", ""execution_valid"": true, ""numerical_feasible"": false, ""evidence_status"": ""SUFFICIENT"", ""evidence_sufficient"": true, ""evidence_qualified_feasible"": false, ""min_qos_observations_per_type"": 1, ""statistical_reliability_established"": false}","[{""job"": {""index"": 0, ""section"": ""Resnet.train.4"", ""descriptors"": [199.0, 755.0, 337.0, 1321.0, 4.0, 1.0]}, ""pj"": 0.15338245144005358, ""observation_count"": 1494, ""finished_count"": 807, ""unfinished_count"": 687, ""exceedance_count"": 230, ""estimator_numerator"": 229, ""estimator_denominator"": 1493, ""estimator"": ""flexdc_rank_cdf_v1"", ""horizon_seconds"": 3600, ""threshold_sojourn_seconds"": 1685.0, ""threshold_exceeds_horizon"": false}, {""job"": {""index"": 1, ""section"": ""GPT2.infer.4"", ""descriptors"": [198.0, 732.0, 28.0, 180.0, 5.0, 1.0]}, ""pj"": 0.5784323930467368, ""observation_count"": 19215, ""finished_count"": 19181, ""unfinished_count"": 34, ""exceedance_count"": 11115, ""estimator_numerator"": 11114, ""estimator_denominator"": 19214, ""estimator"": ""flexdc_rank_cdf_v1"", ""horizon_seconds"": 3600, ""threshold_sojourn_seconds"": 168.0, ""threshold_exceeds_horizon"": false}, {""job"": {""index"": 2, ""section"": ""Llama.infer.4"", ""descriptors"": [202.0, 702.0, 36.0, 360.0, 5.0, 1.0]}, ""pj"": 0.38956235874255196, ""observation_count"": 14602, ""finished_count"": 14568, ""unfinished_count"": 34, ""exceedance_count"": 5689, ""estimator_numerator"": 5688, ""estimator_denominator"": 14601, ""estimator"": ""flexdc_rank_cdf_v1"", ""horizon_seconds"": 3600, ""threshold_sojourn_seconds"": 216.0, ""threshold_exceeds_horizon"": false}, {""job"": {""index"": 3, ""section"": ""Bloom.train.4"", ""descriptors"": [202.0, 726.0, 1104.0, 4202.0, 4.0, 1.0]}, ""pj"": 0.0, ""observation_count"": 386, ""finished_count"": 86, ""unfinished_count"": 300, ""exceedance_count"": 0, ""estimator_numerator"": 0, ""estimator_denominator"": 385, ""estimator"": ""flexdc_rank_cdf_v1"", ""horizon_seconds"": 3600, ""threshold_sojourn_seconds"": 5520.0, ""threshold_exceeds_horizon"": true}]","{""mean_tracking"": 0.04446039506405592, ""p90"": 0.1935767714418471, ""pj"": [0.15303061526276596, 0.5272253572667838, 0.3405799173172285, -3.059261871607433e-11], ""max_pj"": 0.5272253572667838, ""objective"": 24.73480498111796}",CONFIRMATION_NOT_RUN,0.0,2.0,0.0,13.444452600000659,13.590389400000277,51.9221953999986
c014,2,SCREENING,CLEAN_J4_COMPOSITION,MIX4-TIIT,55881145f6a835a3c8be1dc8b96f730a99870b13b67c398f76745a15d5ebf7ff,4,73a3c0ef76973052e26170b630681477811283c2374d645482d8045e81723048,controlled_development_v2,v3_fixed_probing,1000,0.6,fixed,2267187024,"[1819127895, 1348106590]",300014.0,128,500,16,True,True,DONE,True,1427d3ef0109042837f3944456b8e452f67256ba0ceb61d6ff14608abfbca79e,38.47774279999794,True,1408.0,6.0,99.85628670000006,DONE,HARD_MAX_SEARCH_CALLS,2.0,16.0,16.0,2.0,17.0,1.0,2.0,16.0,112.34488440000132,"{""candidate_id"": ""fixed-b002-local-0001"", ""Pbar"": 0.4950661305814981, ""R"": 0.10278907889067578, ""weights"": [0.26293052793951555, 0.30605177140624973, 0.26947943166762556, 0.16153826898660928], ""source"": ""local"", ""start_id"": null, ""iteration"": null, ""region_id"": ""region-02"", ""prediction"": {""mean_tracking"": 0.009503747336566448, ""p90"": 0.017274949699640274, ""pj"": [3.7287908871697084e-11, 9.027307532960549e-05, 0.09467185288667679, 4.963124756416108e-15], ""objective"": 89.02950624791043}, ""provenance"": {""anchor"": ""v3-0000-0101"", ""radius"": 0.12}}",local_refinement,local,89.38034254599202,0.083,"[0.0, 0.09467055272197356, 0.0, 0.0]","{""tracking_pass"": true, ""qos_numerical_pass"": true, ""max_pj"": 0.09467055272197356, ""worst_violation"": 0.0, ""total_violation"": 0.0, ""per_job_evidence_counts"": [1494, 19215, 14602, 386], ""ordered_job_sections"": [""Resnet.train.4"", ""GPT2.infer.4"", ""Llama.infer.4"", ""Bloom.train.4""], ""execution_status"": ""PARSED"", ""execution_valid"": true, ""numerical_feasible"": true, ""evidence_status"": ""SUFFICIENT"", ""evidence_sufficient"": true, ""evidence_qualified_feasible"": true, ""min_qos_observations_per_type"": 1, ""statistical_reliability_established"": false}","[{""job"": {""index"": 0, ""section"": ""Resnet.train.4"", ""descriptors"": [199.0, 755.0, 337.0, 1321.0, 4.0, 1.0]}, ""pj"": 0.0, ""observation_count"": 1494, ""finished_count"": 1494, ""unfinished_count"": 0, ""exceedance_count"": 0, ""estimator_numerator"": 0, ""estimator_denominator"": 1493, ""estimator"": ""flexdc_rank_cdf_v1"", ""horizon_seconds"": 3600, ""threshold_sojourn_seconds"": 1685.0, ""threshold_exceeds_horizon"": false}, {""job"": {""index"": 1, ""section"": ""GPT2.infer.4"", ""descriptors"": [198.0, 732.0, 28.0, 180.0, 5.0, 1.0]}, ""pj"": 0.09467055272197356, ""observation_count"": 19215, ""finished_count"": 19066, ""unfinished_count"": 149, ""exceedance_count"": 1820, ""estimator_numerator"": 1819, ""estimator_denominator"": 19214, ""estimator"": ""flexdc_rank_cdf_v1"", ""horizon_seconds"": 3600, ""threshold_sojourn_seconds"": 168.0, ""threshold_exceeds_horizon"": false}, {""job"": {""index"": 2, ""section"": ""Llama.infer.4"", ""descriptors"": [202.0, 702.0, 36.0, 360.0, 5.0, 1.0]}, ""pj"": 0.0, ""observation_count"": 14602, ""finished_count"": 14544, ""unfinished_count"": 58, ""exceedance_count"": 0, ""estimator_numerator"": 0, ""estimator_denominator"": 14601, ""estimator"": ""flexdc_rank_cdf_v1"", ""horizon_seconds"": 3600, ""threshold_sojourn_seconds"": 216.0, ""threshold_exceeds_horizon"": false}, {""job"": {""index"": 3, ""section"": ""Bloom.train.4"", ""descriptors"": [202.0, 726.0, 1104.0, 4202.0, 4.0, 1.0]}, ""pj"": 0.0, ""observation_count"": 386, ""finished_count"": 130, ""unfinished_count"": 256, ""exceedance_count"": 0, ""estimator_numerator"": 0, ""estimator_denominator"": 385, ""estimator"": ""flexdc_rank_cdf_v1"", ""horizon_seconds"": 3600, ""threshold_sojourn_seconds"": 5520.0, ""threshold_exceeds_horizon"": true}]","{""mean_tracking"": 0.029367641552322354, ""p90"": 0.06572505030035973, ""pj"": [-3.7287908871697084e-11, 0.09458027964664395, -0.09467185288667679, -4.963124756416108e-15], ""max_pj"": -1.3001647032329089e-06, ""objective"": 0.3508362980815889}",CONFIRMATION_PARTIAL_PASS,1.0,2.0,2.0,100.07384509999974,99.66445240000394,138.55158789999768
c014,2,SCREENING,CLEAN_J4_COMPOSITION,MIX4-TIIT,55881145f6a835a3c8be1dc8b96f730a99870b13b67c398f76745a15d5ebf7ff,4,73a3c0ef76973052e26170b630681477811283c2374d645482d8045e81723048,controlled_development_v2,simulator_only_adaptive,1000,0.6,fixed,2267187024,"[1819127895, 1348106590]",,0,0,16,True,True,NO_BID,False,,0.0,False,0.0,0.0,71.0544899000015,NO_BID,HARD_MAX_SEARCH_CALLS,2.0,16.0,16.0,0.0,12.0,4.0,,,,,,,,,,,,,CONFIRMATION_NOT_RUN,0.0,2.0,0.0,74.8488608000007,70.91301830000157,74.8488608000007
c014,2,SCREENING,CLEAN_J4_COMPOSITION,MIX4-TIIT,55881145f6a835a3c8be1dc8b96f730a99870b13b67c398f76745a15d5ebf7ff,4,73a3c0ef76973052e26170b630681477811283c2374d645482d8045e81723048,controlled_development_v2,argos_fixed_budget,1000,0.6,fixed,2267187024,"[1819127895, 1348106590]",300014.0,128,500,16,True,True,NO_BID,False,1427d3ef0109042837f3944456b8e452f67256ba0ceb61d6ff14608abfbca79e,38.47774279999794,True,1408.0,6.0,16.72354070000074,NO_BID,HARD_MAX_SEARCH_CALLS,2.0,16.0,16.0,0.0,4.0,12.0,,,,,,,,,,,,,CONFIRMATION_NOT_RUN,0.0,2.0,0.0,70.70941920000041,16.517118499999924,109.18716199999835
c014,2,SCREENING,CLEAN_J4_COMPOSITION,MIX4-TIIT,55881145f6a835a3c8be1dc8b96f730a99870b13b67c398f76745a15d5ebf7ff,4,73a3c0ef76973052e26170b630681477811283c2374d645482d8045e81723048,controlled_development_v2,argos_early_stop,1000,0.6,fixed,2267187024,"[1819127895, 1348106590]",300014.0,128,500,16,True,True,NO_BID,False,1427d3ef0109042837f3944456b8e452f67256ba0ceb61d6ff14608abfbca79e,38.47774279999794,True,1408.0,6.0,1.4145085999989533,NO_BID,HARD_MAX_SEARCH_CALLS,2.0,16.0,16.0,0.0,0.0,16.0,,,,,,,,,,,,,CONFIRMATION_NOT_RUN,0.0,2.0,0.0,70.70941920000041,1.1941998000002059,109.18716199999835
c015,2,SCREENING,CLEAN_J4_COMPOSITION,MIX4-TIII,4ba8e68a9bcf9a7c3166d7cde94e2285face19d1e8e2ed86251df4ddc285e672,4,e3b8daa70d6e1a0e6707d2afa1f9b0201b04e6b16533a5a05440db3ee0e7ed47,controlled_development_v2,v3_only,1000,0.6,fixed,2625299905,"[659115503, 2993169749]",300015.0,128,500,1,True,True,NO_BID,False,ddcc6b717de158665823523cf3c59ef87d5c4983f0c15586f953ea87fb8ff931,38.682473000000755,False,1408.0,6.0,13.91896899999847,NO_BID,V3_SELECTED_POINT_NOT_QUALIFIED,1.0,1.0,1.0,0.0,1.0,0.0,,,,"{""candidate_id"": ""v3-0500-0095"", ""Pbar"": 0.4684145450592041, ""R"": 0.14658689498901367, ""weights"": [0.15022556483745575, 0.28945186734199524, 0.2904736399650574, 0.26984894275665283], ""source"": ""V3 endpoint"", ""start_id"": 95, ""iteration"": 500, ""region_id"": null, ""prediction"": {""mean_tracking"": 0.07635504007339478, ""p90"": 0.1876753717660904, ""pj"": [0.0006422712467610836, 0.044720109552145004, 0.025329021736979485, 0.021346796303987503], ""objective"": 83.12275695800781}, ""provenance"": {}}",v3_endpoint,V3 endpoint,87.10748456845897,0.571,"[0.12961622013034035, 0.0, 0.0, 0.0]","{""tracking_pass"": false, ""qos_numerical_pass"": false, ""max_pj"": 0.12961622013034035, ""worst_violation"": 0.9033333333333333, ""total_violation"": 1.1994955346367369, ""per_job_evidence_counts"": [1382, 19184, 14979, 12070], ""ordered_job_sections"": [""Resnet.train.4"", ""GPT2.infer.4"", ""Llama.infer.4"", ""Bloom.infer.4""], ""execution_status"": ""PARSED"", ""execution_valid"": true, ""numerical_feasible"": false, ""evidence_status"": ""SUFFICIENT"", ""evidence_sufficient"": true, ""evidence_qualified_feasible"": false, ""min_qos_observations_per_type"": 1, ""statistical_reliability_established"": false}","[{""job"": {""index"": 0, ""section"": ""Resnet.train.4"", ""descriptors"": [199.0, 755.0, 337.0, 1321.0, 4.0, 1.0]}, ""pj"": 0.12961622013034035, ""observation_count"": 1382, ""finished_count"": 800, ""unfinished_count"": 582, ""exceedance_count"": 180, ""estimator_numerator"": 179, ""estimator_denominator"": 1381, ""estimator"": ""flexdc_rank_cdf_v1"", ""horizon_seconds"": 3600, ""threshold_sojourn_seconds"": 1685.0, ""threshold_exceeds_horizon"": false}, {""job"": {""index"": 1, ""section"": ""GPT2.infer.4"", ""descriptors"": [198.0, 732.0, 28.0, 180.0, 5.0, 1.0]}, ""pj"": 0.0, ""observation_count"": 19184, ""finished_count"": 19171, ""unfinished_count"": 13, ""exceedance_count"": 0, ""estimator_numerator"": 0, ""estimator_denominator"": 19183, ""estimator"": ""flexdc_rank_cdf_v1"", ""horizon_seconds"": 3600, ""threshold_sojourn_seconds"": 168.0, ""threshold_exceeds_horizon"": false}, {""job"": {""index"": 2, ""section"": ""Llama.infer.4"", ""descriptors"": [202.0, 702.0, 36.0, 360.0, 5.0, 1.0]}, ""pj"": 0.0, ""observation_count"": 14979, ""finished_count"": 14964, ""unfinished_count"": 15, ""exceedance_count"": 0, ""estimator_numerator"": 0, ""estimator_denominator"": 14978, ""estimator"": ""flexdc_rank_cdf_v1"", ""horizon_seconds"": 3600, ""threshold_sojourn_seconds"": 216.0, ""threshold_exceeds_horizon"": false}, {""job"": {""index"": 3, ""section"": ""Bloom.infer.4"", ""descriptors"": [202.0, 698.0, 44.0, 386.0, 5.0, 1.0]}, ""pj"": 0.0, ""observation_count"": 12070, ""finished_count"": 12067, ""unfinished_count"": 3, ""exceedance_count"": 0, ""estimator_numerator"": 0, ""estimator_denominator"": 12069, ""estimator"": ""flexdc_rank_cdf_v1"", ""horizon_seconds"": 3600, ""threshold_sojourn_seconds"": 264.0, ""threshold_exceeds_horizon"": false}]","{""mean_tracking"": 0.04629551548216072, ""p90"": 0.38332462823390956, ""pj"": [0.12897394888357927, -0.044720109552145004, -0.025329021736979485, -0.021346796303987503], ""max_pj"": 0.08489611057819535, ""objective"": 3.9847276104511593}",CONFIRMATION_NOT_RUN,0.0,2.0,0.0,13.74629289999939,13.89234850000139,52.428765900000144
c015,2,SCREENING,CLEAN_J4_COMPOSITION,MIX4-TIII,4ba8e68a9bcf9a7c3166d7cde94e2285face19d1e8e2ed86251df4ddc285e672,4,e3b8daa70d6e1a0e6707d2afa1f9b0201b04e6b16533a5a05440db3ee0e7ed47,controlled_development_v2,v3_fixed_probing,1000,0.6,fixed,2625299905,"[659115503, 2993169749]",300015.0,128,500,16,True,True,DONE,True,ddcc6b717de158665823523cf3c59ef87d5c4983f0c15586f953ea87fb8ff931,38.682473000000755,True,1408.0,6.0,101.99745330000223,DONE,HARD_MAX_SEARCH_CALLS,2.0,16.0,16.0,2.0,17.0,1.0,1.0,8.0,77.22639309999795,"{""candidate_id"": ""v3-0100-0027"", ""Pbar"": 0.47816401720046997, ""R"": 0.08794350177049637, ""weights"": [0.19950240850448608, 0.2714090049266815, 0.27243393659591675, 0.25665464997291565], ""source"": ""V3 snapshot"", ""start_id"": 27, ""iteration"": 100, ""region_id"": ""region-04"", ""prediction"": {""mean_tracking"": 0.006836465559899807, ""p90"": 0.009800298139452934, ""pj"": [1.3307324309153046e-07, 0.0064684185199439526, 0.0047991350293159485, 0.005544091109186411], ""objective"": 87.29042053222656}, ""provenance"": {}}",initial_v3_region_representative,V3 snapshot,87.48973110485089,0.169,"[0.0, 0.0, 0.0, 0.0]","{""tracking_pass"": true, ""qos_numerical_pass"": true, ""max_pj"": 0.0, ""worst_violation"": 0.0, ""total_violation"": 0.0, ""per_job_evidence_counts"": [1382, 19184, 14979, 12070], ""ordered_job_sections"": [""Resnet.train.4"", ""GPT2.infer.4"", ""Llama.infer.4"", ""Bloom.infer.4""], ""execution_status"": ""PARSED"", ""execution_valid"": true, ""numerical_feasible"": true, ""evidence_status"": ""SUFFICIENT"", ""evidence_sufficient"": true, ""evidence_qualified_feasible"": true, ""min_qos_observations_per_type"": 1, ""statistical_reliability_established"": false}","[{""job"": {""index"": 0, ""section"": ""Resnet.train.4"", ""descriptors"": [199.0, 755.0, 337.0, 1321.0, 4.0, 1.0]}, ""pj"": 0.0, ""observation_count"": 1382, ""finished_count"": 1069, ""unfinished_count"": 313, ""exceedance_count"": 0, ""estimator_numerator"": 0, ""estimator_denominator"": 1381, ""estimator"": ""flexdc_rank_cdf_v1"", ""horizon_seconds"": 3600, ""threshold_sojourn_seconds"": 1685.0, ""threshold_exceeds_horizon"": false}, {""job"": {""index"": 1, ""section"": ""GPT2.infer.4"", ""descriptors"": [198.0, 732.0, 28.0, 180.0, 5.0, 1.0]}, ""pj"": 0.0, ""observation_count"": 19184, ""finished_count"": 19107, ""unfinished_count"": 77, ""exceedance_count"": 0, ""estimator_numerator"": 0, ""estimator_denominator"": 19183, ""estimator"": ""flexdc_rank_cdf_v1"", ""horizon_seconds"": 3600, ""threshold_sojourn_seconds"": 168.0, ""threshold_exceeds_horizon"": false}, {""job"": {""index"": 2, ""section"": ""Llama.infer.4"", ""descriptors"": [202.0, 702.0, 36.0, 360.0, 5.0, 1.0]}, ""pj"": 0.0, ""observation_count"": 14979, ""finished_count"": 14948, ""unfinished_count"": 31, ""exceedance_count"": 0, ""estimator_numerator"": 0, ""estimator_denominator"": 14978, ""estimator"": ""flexdc_rank_cdf_v1"", ""horizon_seconds"": 3600, ""threshold_sojourn_seconds"": 216.0, ""threshold_exceeds_horizon"": false}, {""job"": {""index"": 3, ""section"": ""Bloom.infer.4"", ""descriptors"": [202.0, 698.0, 44.0, 386.0, 5.0, 1.0]}, ""pj"": 0.0, ""observation_count"": 12070, ""finished_count"": 12019, ""unfinished_count"": 51, ""exceedance_count"": 0, ""estimator_numerator"": 0, ""estimator_denominator"": 12069, ""estimator"": ""flexdc_rank_cdf_v1"", ""horizon_seconds"": 3600, ""threshold_sojourn_seconds"": 264.0, ""threshold_exceeds_horizon"": false}]","{""mean_tracking"": 0.036116589995655694, ""p90"": 0.15919970186054708, ""pj"": [-1.3307324309153046e-07, -0.0064684185199439526, -0.0047991350293159485, -0.005544091109186411], ""max_pj"": -0.0064684185199439526, ""objective"": 0.19931057262432716}",CONFIRMATION_ALL_PASS,2.0,2.0,2.0,102.22120120000181,101.81709660000706,140.90367420000257
c015,2,SCREENING,CLEAN_J4_COMPOSITION,MIX4-TIII,4ba8e68a9bcf9a7c3166d7cde94e2285face19d1e8e2ed86251df4ddc285e672,4,e3b8daa70d6e1a0e6707d2afa1f9b0201b04e6b16533a5a05440db3ee0e7ed47,controlled_development_v2,simulator_only_adaptive,1000,0.6,fixed,2625299905,"[659115503, 2993169749]",,0,0,16,True,True,NO_BID,False,,0.0,False,0.0,0.0,74.18797959999938,NO_BID,HARD_MAX_SEARCH_CALLS,2.0,16.0,16.0,0.0,12.0,4.0,,,,,,,,,,,,,CONFIRMATION_NOT_RUN,0.0,2.0,0.0,75.96796419999737,74.06454509999821,75.96796419999737
c015,2,SCREENING,CLEAN_J4_COMPOSITION,MIX4-TIII,4ba8e68a9bcf9a7c3166d7cde94e2285face19d1e8e2ed86251df4ddc285e672,4,e3b8daa70d6e1a0e6707d2afa1f9b0201b04e6b16533a5a05440db3ee0e7ed47,controlled_development_v2,argos_fixed_budget,1000,0.6,fixed,2625299905,"[659115503, 2993169749]",300015.0,128,500,16,True,True,DONE,True,ddcc6b717de158665823523cf3c59ef87d5c4983f0c15586f953ea87fb8ff931,38.682473000000755,True,1408.0,6.0,36.3036729000014,DONE,HARD_MAX_SEARCH_CALLS,2.0,16.0,16.0,2.0,6.0,12.0,1.0,8.0,77.22639309999795,"{""candidate_id"": ""v3-0100-0027"", ""Pbar"": 0.47816401720046997, ""R"": 0.08794350177049637, ""weights"": [0.19950240850448608, 0.2714090049266815, 0.27243393659591675, 0.25665464997291565], ""source"": ""V3 snapshot"", ""start_id"": 27, ""iteration"": 100, ""region_id"": ""region-04"", ""prediction"": {""mean_tracking"": 0.006836465559899807, ""p90"": 0.009800298139452934, ""pj"": [1.3307324309153046e-07, 0.0064684185199439526, 0.0047991350293159485, 0.005544091109186411], ""objective"": 87.29042053222656}, ""provenance"": {}}",initial_v3_region_representative,V3 snapshot,87.48973110485089,0.169,"[0.0, 0.0, 0.0, 0.0]","{""tracking_pass"": true, ""qos_numerical_pass"": true, ""max_pj"": 0.0, ""worst_violation"": 0.0, ""total_violation"": 0.0, ""per_job_evidence_counts"": [1382, 19184, 14979, 12070], ""ordered_job_sections"": [""Resnet.train.4"", ""GPT2.infer.4"", ""Llama.infer.4"", ""Bloom.infer.4""], ""execution_status"": ""PARSED"", ""execution_valid"": true, ""numerical_feasible"": true, ""evidence_status"": ""SUFFICIENT"", ""evidence_sufficient"": true, ""evidence_qualified_feasible"": true, ""min_qos_observations_per_type"": 1, ""statistical_reliability_established"": false}","[{""job"": {""index"": 0, ""section"": ""Resnet.train.4"", ""descriptors"": [199.0, 755.0, 337.0, 1321.0, 4.0, 1.0]}, ""pj"": 0.0, ""observation_count"": 1382, ""finished_count"": 1069, ""unfinished_count"": 313, ""exceedance_count"": 0, ""estimator_numerator"": 0, ""estimator_denominator"": 1381, ""estimator"": ""flexdc_rank_cdf_v1"", ""horizon_seconds"": 3600, ""threshold_sojourn_seconds"": 1685.0, ""threshold_exceeds_horizon"": false}, {""job"": {""index"": 1, ""section"": ""GPT2.infer.4"", ""descriptors"": [198.0, 732.0, 28.0, 180.0, 5.0, 1.0]}, ""pj"": 0.0, ""observation_count"": 19184, ""finished_count"": 19107, ""unfinished_count"": 77, ""exceedance_count"": 0, ""estimator_numerator"": 0, ""estimator_denominator"": 19183, ""estimator"": ""flexdc_rank_cdf_v1"", ""horizon_seconds"": 3600, ""threshold_sojourn_seconds"": 168.0, ""threshold_exceeds_horizon"": false}, {""job"": {""index"": 2, ""section"": ""Llama.infer.4"", ""descriptors"": [202.0, 702.0, 36.0, 360.0, 5.0, 1.0]}, ""pj"": 0.0, ""observation_count"": 14979, ""finished_count"": 14948, ""unfinished_count"": 31, ""exceedance_count"": 0, ""estimator_numerator"": 0, ""estimator_denominator"": 14978, ""estimator"": ""flexdc_rank_cdf_v1"", ""horizon_seconds"": 3600, ""threshold_sojourn_seconds"": 216.0, ""threshold_exceeds_horizon"": false}, {""job"": {""index"": 3, ""section"": ""Bloom.infer.4"", ""descriptors"": [202.0, 698.0, 44.0, 386.0, 5.0, 1.0]}, ""pj"": 0.0, ""observation_count"": 12070, ""finished_count"": 12019, ""unfinished_count"": 51, ""exceedance_count"": 0, ""estimator_numerator"": 0, ""estimator_denominator"": 12069, ""estimator"": ""flexdc_rank_cdf_v1"", ""horizon_seconds"": 3600, ""threshold_sojourn_seconds"": 264.0, ""threshold_exceeds_horizon"": false}]","{""mean_tracking"": 0.036116589995655694, ""p90"": 0.15919970186054708, ""pj"": [-1.3307324309153046e-07, -0.0064684185199439526, -0.0047991350293159485, -0.005544091109186411], ""max_pj"": -0.0064684185199439526, ""objective"": 0.19931057262432716}",CONFIRMATION_ALL_PASS,2.0,2.0,2.0,101.68737299999702,36.00437859999511,140.36984599999778
c015,2,SCREENING,CLEAN_J4_COMPOSITION,MIX4-TIII,4ba8e68a9bcf9a7c3166d7cde94e2285face19d1e8e2ed86251df4ddc285e672,4,e3b8daa70d6e1a0e6707d2afa1f9b0201b04e6b16533a5a05440db3ee0e7ed47,controlled_development_v2,argos_early_stop,1000,0.6,fixed,2625299905,"[659115503, 2993169749]",300015.0,128,500,16,True,True,DONE,True,ddcc6b717de158665823523cf3c59ef87d5c4983f0c15586f953ea87fb8ff931,38.682473000000755,True,1408.0,6.0,1.9194004999990284,DONE,HARD_MAX_SEARCH_CALLS,2.0,16.0,16.0,2.0,0.0,18.0,1.0,8.0,77.22639309999795,"{""candidate_id"": ""v3-0100-0027"", ""Pbar"": 0.47816401720046997, ""R"": 0.08794350177049637, ""weights"": [0.19950240850448608, 0.2714090049266815, 0.27243393659591675, 0.25665464997291565], ""source"": ""V3 snapshot"", ""start_id"": 27, ""iteration"": 100, ""region_id"": ""region-04"", ""prediction"": {""mean_tracking"": 0.006836465559899807, ""p90"": 0.009800298139452934, ""pj"": [1.3307324309153046e-07, 0.0064684185199439526, 0.0047991350293159485, 0.005544091109186411], ""objective"": 87.29042053222656}, ""provenance"": {}}",initial_v3_region_representative,V3 snapshot,87.48973110485089,0.169,"[0.0, 0.0, 0.0, 0.0]","{""tracking_pass"": true, ""qos_numerical_pass"": true, ""max_pj"": 0.0, ""worst_violation"": 0.0, ""total_violation"": 0.0, ""per_job_evidence_counts"": [1382, 19184, 14979, 12070], ""ordered_job_sections"": [""Resnet.train.4"", ""GPT2.infer.4"", ""Llama.infer.4"", ""Bloom.infer.4""], ""execution_status"": ""PARSED"", ""execution_valid"": true, ""numerical_feasible"": true, ""evidence_status"": ""SUFFICIENT"", ""evidence_sufficient"": true, ""evidence_qualified_feasible"": true, ""min_qos_observations_per_type"": 1, ""statistical_reliability_established"": false}","[{""job"": {""index"": 0, ""section"": ""Resnet.train.4"", ""descriptors"": [199.0, 755.0, 337.0, 1321.0, 4.0, 1.0]}, ""pj"": 0.0, ""observation_count"": 1382, ""finished_count"": 1069, ""unfinished_count"": 313, ""exceedance_count"": 0, ""estimator_numerator"": 0, ""estimator_denominator"": 1381, ""estimator"": ""flexdc_rank_cdf_v1"", ""horizon_seconds"": 3600, ""threshold_sojourn_seconds"": 1685.0, ""threshold_exceeds_horizon"": false}, {""job"": {""index"": 1, ""section"": ""GPT2.infer.4"", ""descriptors"": [198.0, 732.0, 28.0, 180.0, 5.0, 1.0]}, ""pj"": 0.0, ""observation_count"": 19184, ""finished_count"": 19107, ""unfinished_count"": 77, ""exceedance_count"": 0, ""estimator_numerator"": 0, ""estimator_denominator"": 19183, ""estimator"": ""flexdc_rank_cdf_v1"", ""horizon_seconds"": 3600, ""threshold_sojourn_seconds"": 168.0, ""threshold_exceeds_horizon"": false}, {""job"": {""index"": 2, ""section"": ""Llama.infer.4"", ""descriptors"": [202.0, 702.0, 36.0, 360.0, 5.0, 1.0]}, ""pj"": 0.0, ""observation_count"": 14979, ""finished_count"": 14948, ""unfinished_count"": 31, ""exceedance_count"": 0, ""estimator_numerator"": 0, ""estimator_denominator"": 14978, ""estimator"": ""flexdc_rank_cdf_v1"", ""horizon_seconds"": 3600, ""threshold_sojourn_seconds"": 216.0, ""threshold_exceeds_horizon"": false}, {""job"": {""index"": 3, ""section"": ""Bloom.infer.4"", ""descriptors"": [202.0, 698.0, 44.0, 386.0, 5.0, 1.0]}, ""pj"": 0.0, ""observation_count"": 12070, ""finished_count"": 12019, ""unfinished_count"": 51, ""exceedance_count"": 0, ""estimator_numerator"": 0, ""estimator_denominator"": 12069, ""estimator"": ""flexdc_rank_cdf_v1"", ""horizon_seconds"": 3600, ""threshold_sojourn_seconds"": 264.0, ""threshold_exceeds_horizon"": false}]","{""mean_tracking"": 0.036116589995655694, ""p90"": 0.15919970186054708, ""pj"": [-1.3307324309153046e-07, -0.0064684185199439526, -0.0047991350293159485, -0.005544091109186411], ""max_pj"": -0.0064684185199439526, ""objective"": 0.19931057262432716}",CONFIRMATION_ALL_PASS,2.0,2.0,2.0,101.68737299999702,1.6357546000035654,140.36984599999778
c016,2,SCREENING,CLEAN_J4_COMPOSITION,MIX4-ITTT,55a0707912fd921d0f95932a2a202eae51e9922869448addb91a9b8b9c2d25cb,4,2fff737b3d4aa3a64cd08492dff547e547f97d35e505b7b35699214ddb3e499c,controlled_development_v2,v3_only,1000,0.6,fixed,1804256773,"[1818842284, 4124344369]",300016.0,128,500,1,True,True,NO_BID,False,230dab111ff0d6c1292aa89000e4e5a49775e972768959534845e4dc7c49d35b,38.56875030000083,False,1408.0,6.0,13.817140399998607,NO_BID,V3_SELECTED_POINT_NOT_QUALIFIED,1.0,1.0,1.0,0.0,1.0,0.0,,,,"{""candidate_id"": ""v3-0500-0126"", ""Pbar"": 0.41352033615112305, ""R"": 0.24024496972560883, ""weights"": [0.42581304907798767, 0.2457224726676941, 0.1611139476299286, 0.16735054552555084], ""source"": ""V3 endpoint"", ""start_id"": 126, ""iteration"": 500, ""region_id"": null, ""prediction"": {""mean_tracking"": 0.0016986553091555834, ""p90"": 0.0042490847408771515, ""pj"": [0.0770248994231224, 4.749429738382105e-09, 2.6730926805385025e-08, 8.085002889401949e-09], ""objective"": 66.71603393554688}, ""provenance"": {}}",v3_endpoint,V3 endpoint,87.43652675807674,0.005,"[0.8524275481061847, 0.0, 0.0, 0.0]","{""tracking_pass"": true, ""qos_numerical_pass"": false, ""max_pj"": 0.8524275481061847, ""worst_violation"": 7.524275481061846, ""total_violation"": 7.524275481061846, ""per_job_evidence_counts"": [21360, 302, 289, 356], ""ordered_job_sections"": [""Resnet.infer.4"", ""GPT2.train.4"", ""Llama.train.4"", ""Bloom.train.4""], ""execution_status"": ""PARSED"", ""execution_valid"": true, ""numerical_feasible"": false, ""evidence_status"": ""SUFFICIENT"", ""evidence_sufficient"": true, ""evidence_qualified_feasible"": false, ""min_qos_observations_per_type"": 1, ""statistical_reliability_established"": false}","[{""job"": {""index"": 0, ""section"": ""Resnet.infer.4"", ""descriptors"": [199.0, 618.0, 25.0, 190.0, 5.0, 1.0]}, ""pj"": 0.8524275481061847, ""observation_count"": 21360, ""finished_count"": 19493, ""unfinished_count"": 1867, ""exceedance_count"": 18208, ""estimator_numerator"": 18207, ""estimator_denominator"": 21359, ""estimator"": ""flexdc_rank_cdf_v1"", ""horizon_seconds"": 3600, ""threshold_sojourn_seconds"": 150.0, ""threshold_exceeds_horizon"": false}, {""job"": {""index"": 1, ""section"": ""GPT2.train.4"", ""descriptors"": [201.0, 763.0, 1185.0, 4592.0, 4.0, 1.0]}, ""pj"": 0.0, ""observation_count"": 302, ""finished_count"": 160, ""unfinished_count"": 142, ""exceedance_count"": 0, ""estimator_numerator"": 0, ""estimator_denominator"": 301, ""estimator"": ""flexdc_rank_cdf_v1"", ""horizon_seconds"": 3600, ""threshold_sojourn_seconds"": 5925.0, ""threshold_exceeds_horizon"": true}, {""job"": {""index"": 2, ""section"": ""Llama.train.4"", ""descriptors"": [200.0, 742.0, 1242.0, 4921.0, 4.0, 1.0]}, ""pj"": 0.0, ""observation_count"": 289, ""finished_count"": 34, ""unfinished_count"": 255, ""exceedance_count"": 0, ""estimator_numerator"": 0, ""estimator_denominator"": 288, ""estimator"": ""flexdc_rank_cdf_v1"", ""horizon_seconds"": 3600, ""threshold_sojourn_seconds"": 6210.0, ""threshold_exceeds_horizon"": true}, {""job"": {""index"": 3, ""section"": ""Bloom.train.4"", ""descriptors"": [202.0, 726.0, 1104.0, 4202.0, 4.0, 1.0]}, ""pj"": 0.0, ""observation_count"": 356, ""finished_count"": 37, ""unfinished_count"": 319, ""exceedance_count"": 0, ""estimator_numerator"": 0, ""estimator_denominator"": 355, ""estimator"": ""flexdc_rank_cdf_v1"", ""horizon_seconds"": 3600, ""threshold_sojourn_seconds"": 5520.0, ""threshold_exceeds_horizon"": true}]","{""mean_tracking"": 0.0008816224686221167, ""p90"": 0.0007509152591228486, ""pj"": [0.7754026486830623, -4.749429738382105e-09, -2.6730926805385025e-08, -8.085002889401949e-09], ""max_pj"": 0.7754026486830623, ""objective"": 20.720492822529863}",CONFIRMATION_NOT_RUN,0.0,2.0,0.0,13.650765099999262,13.793876900002942,52.21951540000009
c016,2,SCREENING,CLEAN_J4_COMPOSITION,MIX4-ITTT,55a0707912fd921d0f95932a2a202eae51e9922869448addb91a9b8b9c2d25cb,4,2fff737b3d4aa3a64cd08492dff547e547f97d35e505b7b35699214ddb3e499c,controlled_development_v2,v3_fixed_probing,1000,0.6,fixed,1804256773,"[1818842284, 4124344369]",300016.0,128,500,16,True,True,NO_BID,False,230dab111ff0d6c1292aa89000e4e5a49775e972768959534845e4dc7c49d35b,38.56875030000083,True,1408.0,6.0,68.39835149999999,NO_BID,HARD_MAX_SEARCH_CALLS,2.0,16.0,16.0,0.0,16.0,0.0,,,,,,,,,,,,,CONFIRMATION_NOT_RUN,0.0,2.0,0.0,67.58483640000486,68.27662259999852,106.15358670000569
c016,2,SCREENING,CLEAN_J4_COMPOSITION,MIX4-ITTT,55a0707912fd921d0f95932a2a202eae51e9922869448addb91a9b8b9c2d25cb,4,2fff737b3d4aa3a64cd08492dff547e547f97d35e505b7b35699214ddb3e499c,controlled_development_v2,simulator_only_adaptive,1000,0.6,fixed,1804256773,"[1818842284, 4124344369]",,0,0,16,True,True,NO_BID,False,,0.0,False,0.0,0.0,61.32623690000037,NO_BID,HARD_MAX_SEARCH_CALLS,2.0,16.0,16.0,0.0,12.0,4.0,,,,,,,,,,,,,CONFIRMATION_NOT_RUN,0.0,2.0,0.0,65.60007340000448,61.19280810000055,65.60007340000448
c016,2,SCREENING,CLEAN_J4_COMPOSITION,MIX4-ITTT,55a0707912fd921d0f95932a2a202eae51e9922869448addb91a9b8b9c2d25cb,4,2fff737b3d4aa3a64cd08492dff547e547f97d35e505b7b35699214ddb3e499c,controlled_development_v2,argos_fixed_budget,1000,0.6,fixed,1804256773,"[1818842284, 4124344369]",300016.0,128,500,16,True,True,NO_BID,False,230dab111ff0d6c1292aa89000e4e5a49775e972768959534845e4dc7c49d35b,38.56875030000083,True,1408.0,6.0,30.29611709999881,NO_BID,HARD_MAX_SEARCH_CALLS,2.0,16.0,16.0,0.0,5.0,11.0,,,,,,,,,,,,,CONFIRMATION_NOT_RUN,0.0,2.0,0.0,66.4465571000037,30.10090350000246,105.01530740000453
c016,2,SCREENING,CLEAN_J4_COMPOSITION,MIX4-ITTT,55a0707912fd921d0f95932a2a202eae51e9922869448addb91a9b8b9c2d25cb,4,2fff737b3d4aa3a64cd08492dff547e547f97d35e505b7b35699214ddb3e499c,controlled_development_v2,argos_early_stop,1000,0.6,fixed,1804256773,"[1818842284, 4124344369]",300016.0,128,500,16,True,True,NO_BID,False,230dab111ff0d6c1292aa89000e4e5a49775e972768959534845e4dc7c49d35b,38.56875030000083,True,1408.0,6.0,1.1998489999969024,NO_BID,HARD_MAX_SEARCH_CALLS,2.0,16.0,16.0,0.0,0.0,16.0,,,,,,,,,,,,,CONFIRMATION_NOT_RUN,0.0,2.0,0.0,66.4465571000037,0.9953007000003709,105.01530740000453
c017,2,SCREENING,CLEAN_J4_COMPOSITION,MIX4-ITTI,96aa31e0da6db5ea63a220ca45cd31aa78e3889a75243ec3896b8a8c752f30ac,4,e7ca3facce6b5e65ad2ee947cba95f46a8f2f58f560ec2d743c6fbb079cb574e,controlled_development_v2,v3_only,1000,0.6,fixed,2265255278,"[1887449036, 776261383]",300017.0,128,500,1,True,True,NO_BID,False,432646c867020e219e94f28697ca8ac728f0baa51c8511c7e060269153c28391,38.20545420000053,False,1408.0,6.0,14.721435100000235,NO_BID,V3_SELECTED_POINT_NOT_QUALIFIED,1.0,1.0,1.0,0.0,1.0,0.0,,,,"{""candidate_id"": ""v3-0500-0116"", ""Pbar"": 0.49489179253578186, ""R"": 0.29644060134887695, ""weights"": [0.3034849762916565, 0.18725387752056122, 0.2479698807001114, 0.2612912654876709], ""source"": ""V3 endpoint"", ""start_id"": 116, ""iteration"": 500, ""region_id"": null, ""prediction"": {""mean_tracking"": 0.041813261806964874, ""p90"": 0.2123856544494629, ""pj"": [0.08408678323030472, 4.672640312869403e-13, 1.2939264290828378e-14, 0.05987308546900749], ""objective"": 71.98200988769531}, ""provenance"": {}}",v3_endpoint,V3 endpoint,113.76836487557478,0.225,"[0.9192225226065069, 0.0, 0.0, 0.7929964900824422]","{""tracking_pass"": true, ""qos_numerical_pass"": false, ""max_pj"": 0.9192225226065069, ""worst_violation"": 8.19222522606507, ""total_violation"": 15.122190126889492, ""per_job_evidence_counts"": [21455, 323, 308, 12252], ""ordered_job_sections"": [""Resnet.infer.4"", ""GPT2.train.4"", ""Llama.train.4"", ""Bloom.infer.4""], ""execution_status"": ""PARSED"", ""execution_valid"": true, ""numerical_feasible"": false, ""evidence_status"": ""SUFFICIENT"", ""evidence_sufficient"": true, ""evidence_qualified_feasible"": false, ""min_qos_observations_per_type"": 1, ""statistical_reliability_established"": false}","[{""job"": {""index"": 0, ""section"": ""Resnet.infer.4"", ""descriptors"": [199.0, 618.0, 25.0, 190.0, 5.0, 1.0]}, ""pj"": 0.9192225226065069, ""observation_count"": 21455, ""finished_count"": 17858, ""unfinished_count"": 3597, ""exceedance_count"": 19722, ""estimator_numerator"": 19721, ""estimator_denominator"": 21454, ""estimator"": ""flexdc_rank_cdf_v1"", ""horizon_seconds"": 3600, ""threshold_sojourn_seconds"": 150.0, ""threshold_exceeds_horizon"": false}, {""job"": {""index"": 1, ""section"": ""GPT2.train.4"", ""descriptors"": [201.0, 763.0, 1185.0, 4592.0, 4.0, 1.0]}, ""pj"": 0.0, ""observation_count"": 323, ""finished_count"": 193, ""unfinished_count"": 130, ""exceedance_count"": 0, ""estimator_numerator"": 0, ""estimator_denominator"": 322, ""estimator"": ""flexdc_rank_cdf_v1"", ""horizon_seconds"": 3600, ""threshold_sojourn_seconds"": 5925.0, ""threshold_exceeds_horizon"": true}, {""job"": {""index"": 2, ""section"": ""Llama.train.4"", ""descriptors"": [200.0, 742.0, 1242.0, 4921.0, 4.0, 1.0]}, ""pj"": 0.0, ""observation_count"": 308, ""finished_count"": 245, ""unfinished_count"": 63, ""exceedance_count"": 0, ""estimator_numerator"": 0, ""estimator_denominator"": 307, ""estimator"": ""flexdc_rank_cdf_v1"", ""horizon_seconds"": 3600, ""threshold_sojourn_seconds"": 6210.0, ""threshold_exceeds_horizon"": true}, {""job"": {""index"": 3, ""section"": ""Bloom.infer.4"", ""descriptors"": [202.0, 698.0, 44.0, 386.0, 5.0, 1.0]}, ""pj"": 0.7929964900824422, ""observation_count"": 12252, ""finished_count"": 11312, ""unfinished_count"": 940, ""exceedance_count"": 9716, ""estimator_numerator"": 9715, ""estimator_denominator"": 12251, ""estimator"": ""flexdc_rank_cdf_v1"", ""horizon_seconds"": 3600, ""threshold_sojourn_seconds"": 264.0, ""threshold_exceeds_horizon"": false}]","{""mean_tracking"": -0.004466872918076077, ""p90"": 0.012614345550537115, ""pj"": [0.8351357393762022, -4.672640312869403e-13, -1.2939264290828378e-14, 0.7331234046134347], ""max_pj"": 0.8351357393762022, ""objective"": 41.78635498787946}",CONFIRMATION_NOT_RUN,0.0,2.0,0.0,14.547834200002399,14.696102699999756,52.75328840000293
c017,2,SCREENING,CLEAN_J4_COMPOSITION,MIX4-ITTI,96aa31e0da6db5ea63a220ca45cd31aa78e3889a75243ec3896b8a8c752f30ac,4,e7ca3facce6b5e65ad2ee947cba95f46a8f2f58f560ec2d743c6fbb079cb574e,controlled_development_v2,v3_fixed_probing,1000,0.6,fixed,2265255278,"[1887449036, 776261383]",300017.0,128,500,16,True,True,NO_BID,False,432646c867020e219e94f28697ca8ac728f0baa51c8511c7e060269153c28391,38.20545420000053,True,1408.0,6.0,71.74116289999802,NO_BID,HARD_MAX_SEARCH_CALLS,2.0,16.0,16.0,0.0,16.0,0.0,,,,,,,,,,,,,CONFIRMATION_NOT_RUN,0.0,2.0,0.0,71.03387180000209,71.63638340000034,109.23932600000262
c017,2,SCREENING,CLEAN_J4_COMPOSITION,MIX4-ITTI,96aa31e0da6db5ea63a220ca45cd31aa78e3889a75243ec3896b8a8c752f30ac,4,e7ca3facce6b5e65ad2ee947cba95f46a8f2f58f560ec2d743c6fbb079cb574e,controlled_development_v2,simulator_only_adaptive,1000,0.6,fixed,2265255278,"[1887449036, 776261383]",,0,0,16,True,True,DONE,True,,0.0,False,0.0,0.0,86.38498710000204,DONE,HARD_MAX_SEARCH_CALLS,2.0,16.0,16.0,2.0,14.0,4.0,1.0,8.0,34.349605000003066,"{""candidate_id"": ""b001-independent-0006"", ""Pbar"": 0.48708548290115083, ""R"": 0.04161367469303416, ""weights"": [0.2893017499606391, 0.21208116941860516, 0.19964655670354925, 0.29897052391720647], ""source"": ""independent"", ""start_id"": null, ""iteration"": null, ""region_id"": null, ""prediction"": null, ""provenance"": {}}",independent_exploration,independent,94.08254085130875,0.108,"[0.07164165190640437, 0.0, 0.0, 0.0]","{""tracking_pass"": true, ""qos_numerical_pass"": true, ""max_pj"": 0.07164165190640437, ""worst_violation"": 0.0, ""total_violation"": 0.0, ""per_job_evidence_counts"": [21455, 323, 308, 12252], ""ordered_job_sections"": [""Resnet.infer.4"", ""GPT2.train.4"", ""Llama.train.4"", ""Bloom.infer.4""], ""execution_status"": ""PARSED"", ""execution_valid"": true, ""numerical_feasible"": true, ""evidence_status"": ""SUFFICIENT"", ""evidence_sufficient"": true, ""evidence_qualified_feasible"": true, ""min_qos_observations_per_type"": 1, ""statistical_reliability_established"": false}","[{""job"": {""index"": 0, ""section"": ""Resnet.infer.4"", ""descriptors"": [199.0, 618.0, 25.0, 190.0, 5.0, 1.0]}, ""pj"": 0.07164165190640437, ""observation_count"": 21455, ""finished_count"": 21277, ""unfinished_count"": 178, ""exceedance_count"": 1538, ""estimator_numerator"": 1537, ""estimator_denominator"": 21454, ""estimator"": ""flexdc_rank_cdf_v1"", ""horizon_seconds"": 3600, ""threshold_sojourn_seconds"": 150.0, ""threshold_exceeds_horizon"": false}, {""job"": {""index"": 1, ""section"": ""GPT2.train.4"", ""descriptors"": [201.0, 763.0, 1185.0, 4592.0, 4.0, 1.0]}, ""pj"": 0.0, ""observation_count"": 323, ""finished_count"": 110, ""unfinished_count"": 213, ""exceedance_count"": 0, ""estimator_numerator"": 0, ""estimator_denominator"": 322, ""estimator"": ""flexdc_rank_cdf_v1"", ""horizon_seconds"": 3600, ""threshold_sojourn_seconds"": 5925.0, ""threshold_exceeds_horizon"": true}, {""job"": {""index"": 2, ""section"": ""Llama.train.4"", ""descriptors"": [200.0, 742.0, 1242.0, 4921.0, 4.0, 1.0]}, ""pj"": 0.0, ""observation_count"": 308, ""finished_count"": 97, ""unfinished_count"": 211, ""exceedance_count"": 0, ""estimator_numerator"": 0, ""estimator_denominator"": 307, ""estimator"": ""flexdc_rank_cdf_v1"", ""horizon_seconds"": 3600, ""threshold_sojourn_seconds"": 6210.0, ""threshold_exceeds_horizon"": true}, {""job"": {""index"": 3, ""section"": ""Bloom.infer.4"", ""descriptors"": [202.0, 698.0, 44.0, 386.0, 5.0, 1.0]}, ""pj"": 0.0, ""observation_count"": 12252, ""finished_count"": 12247, ""unfinished_count"": 5, ""exceedance_count"": 0, ""estimator_numerator"": 0, ""estimator_denominator"": 12251, ""estimator"": ""flexdc_rank_cdf_v1"", ""horizon_seconds"": 3600, ""threshold_sojourn_seconds"": 264.0, ""threshold_exceeds_horizon"": false}]",{},CONFIRMATION_NONE_PASS,0.0,2.0,2.0,92.60355110000455,86.20851450000191,92.60355110000455
c017,2,SCREENING,CLEAN_J4_COMPOSITION,MIX4-ITTI,96aa31e0da6db5ea63a220ca45cd31aa78e3889a75243ec3896b8a8c752f30ac,4,e7ca3facce6b5e65ad2ee947cba95f46a8f2f58f560ec2d743c6fbb079cb574e,controlled_development_v2,argos_fixed_budget,1000,0.6,fixed,2265255278,"[1887449036, 776261383]",300017.0,128,500,16,True,True,NO_BID,False,432646c867020e219e94f28697ca8ac728f0baa51c8511c7e060269153c28391,38.20545420000053,True,1408.0,6.0,31.413128799998958,NO_BID,HARD_MAX_SEARCH_CALLS,2.0,16.0,16.0,0.0,6.0,10.0,,,,,,,,,,,,,CONFIRMATION_NOT_RUN,0.0,2.0,0.0,69.51567750000322,31.228187100001378,107.72113170000375
c017,2,SCREENING,CLEAN_J4_COMPOSITION,MIX4-ITTI,96aa31e0da6db5ea63a220ca45cd31aa78e3889a75243ec3896b8a8c752f30ac,4,e7ca3facce6b5e65ad2ee947cba95f46a8f2f58f560ec2d743c6fbb079cb574e,controlled_development_v2,argos_early_stop,1000,0.6,fixed,2265255278,"[1887449036, 776261383]",300017.0,128,500,16,True,True,NO_BID,False,432646c867020e219e94f28697ca8ac728f0baa51c8511c7e060269153c28391,38.20545420000053,True,1408.0,6.0,1.289909399998578,NO_BID,HARD_MAX_SEARCH_CALLS,2.0,16.0,16.0,0.0,0.0,16.0,,,,,,,,,,,,,CONFIRMATION_NOT_RUN,0.0,2.0,0.0,69.51567750000322,1.105270099997142,107.72113170000375
c018,2,SCREENING,CLEAN_J4_COMPOSITION,MIX4-ITIT,6a6be4dfe7c105a4853ff83b4aa7e8dc8afa366402e7cd4032e0c5b94b2f3eb0,4,0d9d1f2622a277e0585ed3bfb30c4eb1c56d13b711e9e79bdd2acb3b42391057,controlled_development_v2,v3_only,1000,0.6,fixed,1063395583,"[2640374730, 3668301011]",300018.0,128,500,1,True,True,NO_BID,False,183904f2ac2172f64f7f18a2fbb9b1bc6b9baa6fb71f9a2688a0f52a24bfb6f0,38.22781699999905,False,1408.0,6.0,14.10174249999909,NO_BID,V3_SELECTED_POINT_NOT_QUALIFIED,1.0,1.0,1.0,0.0,1.0,0.0,,,,"{""candidate_id"": ""v3-0500-0117"", ""Pbar"": 0.4525599181652069, ""R"": 0.20574064552783966, ""weights"": [0.34995949268341064, 0.16096779704093933, 0.32020312547683716, 0.16886959969997406], ""source"": ""V3 endpoint"", ""start_id"": 117, ""iteration"": 500, ""region_id"": null, ""prediction"": {""mean_tracking"": 0.0033513973467051983, ""p90"": 0.0062695154920220375, ""pj"": [0.08959076553583145, 3.936257153558387e-10, 0.0617792047560215, 9.605193376782672e-12], ""objective"": 75.49705505371094}, ""provenance"": {}}",v3_endpoint,V3 endpoint,101.3959662232543,0.198,"[0.6455048602390587, 0.0, 0.5198882532925369, 0.0]","{""tracking_pass"": true, ""qos_numerical_pass"": false, ""max_pj"": 0.6455048602390587, ""worst_violation"": 5.455048602390587, ""total_violation"": 9.653931135315954, ""per_job_evidence_counts"": [21502, 296, 15035, 355], ""ordered_job_sections"": [""Resnet.infer.4"", ""GPT2.train.4"", ""Llama.infer.4"", ""Bloom.train.4""], ""execution_status"": ""PARSED"", ""execution_valid"": true, ""numerical_feasible"": false, ""evidence_status"": ""SUFFICIENT"", ""evidence_sufficient"": true, ""evidence_qualified_feasible"": false, ""min_qos_observations_per_type"": 1, ""statistical_reliability_established"": false}","[{""job"": {""index"": 0, ""section"": ""Resnet.infer.4"", ""descriptors"": [199.0, 618.0, 25.0, 190.0, 5.0, 1.0]}, ""pj"": 0.6455048602390587, ""observation_count"": 21502, ""finished_count"": 21499, ""unfinished_count"": 3, ""exceedance_count"": 13880, ""estimator_numerator"": 13879, ""estimator_denominator"": 21501, ""estimator"": ""flexdc_rank_cdf_v1"", ""horizon_seconds"": 3600, ""threshold_sojourn_seconds"": 150.0, ""threshold_exceeds_horizon"": false}, {""job"": {""index"": 1, ""section"": ""GPT2.train.4"", ""descriptors"": [201.0, 763.0, 1185.0, 4592.0, 4.0, 1.0]}, ""pj"": 0.0, ""observation_count"": 296, ""finished_count"": 119, ""unfinished_count"": 177, ""exceedance_count"": 0, ""estimator_numerator"": 0, ""estimator_denominator"": 295, ""estimator"": ""flexdc_rank_cdf_v1"", ""horizon_seconds"": 3600, ""threshold_sojourn_seconds"": 5925.0, ""threshold_exceeds_horizon"": true}, {""job"": {""index"": 2, ""section"": ""Llama.infer.4"", ""descriptors"": [202.0, 702.0, 36.0, 360.0, 5.0, 1.0]}, ""pj"": 0.5198882532925369, ""observation_count"": 15035, ""finished_count"": 15033, ""unfinished_count"": 2, ""exceedance_count"": 7817, ""estimator_numerator"": 7816, ""estimator_denominator"": 15034, ""estimator"": ""flexdc_rank_cdf_v1"", ""horizon_seconds"": 3600, ""threshold_sojourn_seconds"": 216.0, ""threshold_exceeds_horizon"": false}, {""job"": {""index"": 3, ""section"": ""Bloom.train.4"", ""descriptors"": [202.0, 726.0, 1104.0, 4202.0, 4.0, 1.0]}, ""pj"": 0.0, ""observation_count"": 355, ""finished_count"": 99, ""unfinished_count"": 256, ""exceedance_count"": 0, ""estimator_numerator"": 0, ""estimator_denominator"": 354, ""estimator"": ""flexdc_rank_cdf_v1"", ""horizon_seconds"": 3600, ""threshold_sojourn_seconds"": 5520.0, ""threshold_exceeds_horizon"": true}]","{""mean_tracking"": 0.0401186026532947, ""p90"": 0.19173048450797797, ""pj"": [0.5559140947032273, -3.936257153558387e-10, 0.45810904853651535, -9.605193376782672e-12], ""max_pj"": 0.5559140947032273, ""objective"": 25.898911169543368}",CONFIRMATION_NOT_RUN,0.0,2.0,0.0,13.925750899998093,14.074939599999198,52.15356789999714
c018,2,SCREENING,CLEAN_J4_COMPOSITION,MIX4-ITIT,6a6be4dfe7c105a4853ff83b4aa7e8dc8afa366402e7cd4032e0c5b94b2f3eb0,4,0d9d1f2622a277e0585ed3bfb30c4eb1c56d13b711e9e79bdd2acb3b42391057,controlled_development_v2,v3_fixed_probing,1000,0.6,fixed,1063395583,"[2640374730, 3668301011]",300018.0,128,500,16,True,True,NO_BID,False,183904f2ac2172f64f7f18a2fbb9b1bc6b9baa6fb71f9a2688a0f52a24bfb6f0,38.22781699999905,True,1408.0,6.0,78.59657420000076,NO_BID,HARD_MAX_SEARCH_CALLS,2.0,16.0,16.0,0.0,16.0,0.0,,,,,,,,,,,,,CONFIRMATION_NOT_RUN,0.0,2.0,0.0,77.78551659999721,78.47316630000205,116.01333359999626
c018,2,SCREENING,CLEAN_J4_COMPOSITION,MIX4-ITIT,6a6be4dfe7c105a4853ff83b4aa7e8dc8afa366402e7cd4032e0c5b94b2f3eb0,4,0d9d1f2622a277e0585ed3bfb30c4eb1c56d13b711e9e79bdd2acb3b42391057,controlled_development_v2,simulator_only_adaptive,1000,0.6,fixed,1063395583,"[2640374730, 3668301011]",,0,0,16,True,True,NO_BID,False,,0.0,False,0.0,0.0,67.24424920000092,NO_BID,HARD_MAX_SEARCH_CALLS,2.0,16.0,16.0,0.0,12.0,4.0,,,,,,,,,,,,,CONFIRMATION_NOT_RUN,0.0,2.0,0.0,72.6159860000007,67.12261819999912,72.6159860000007
c018,2,SCREENING,CLEAN_J4_COMPOSITION,MIX4-ITIT,6a6be4dfe7c105a4853ff83b4aa7e8dc8afa366402e7cd4032e0c5b94b2f3eb0,4,0d9d1f2622a277e0585ed3bfb30c4eb1c56d13b711e9e79bdd2acb3b42391057,controlled_development_v2,argos_fixed_budget,1000,0.6,fixed,1063395583,"[2640374730, 3668301011]",300018.0,128,500,16,True,True,NO_BID,False,183904f2ac2172f64f7f18a2fbb9b1bc6b9baa6fb71f9a2688a0f52a24bfb6f0,38.22781699999905,True,1408.0,6.0,36.27487929999916,NO_BID,HARD_MAX_SEARCH_CALLS,2.0,16.0,16.0,0.0,6.0,10.0,,,,,,,,,,,,,CONFIRMATION_NOT_RUN,0.0,2.0,0.0,77.1188844999997,36.01569219999874,115.34670149999874
c018,2,SCREENING,CLEAN_J4_COMPOSITION,MIX4-ITIT,6a6be4dfe7c105a4853ff83b4aa7e8dc8afa366402e7cd4032e0c5b94b2f3eb0,4,0d9d1f2622a277e0585ed3bfb30c4eb1c56d13b711e9e79bdd2acb3b42391057,controlled_development_v2,argos_early_stop,1000,0.6,fixed,1063395583,"[2640374730, 3668301011]",300018.0,128,500,16,True,True,NO_BID,False,183904f2ac2172f64f7f18a2fbb9b1bc6b9baa6fb71f9a2688a0f52a24bfb6f0,38.22781699999905,True,1408.0,6.0,1.358878300001379,NO_BID,HARD_MAX_SEARCH_CALLS,2.0,16.0,16.0,0.0,0.0,16.0,,,,,,,,,,,,,CONFIRMATION_NOT_RUN,0.0,2.0,0.0,77.1188844999997,1.146088300003612,115.34670149999874
c019,2,SCREENING,CLEAN_J4_COMPOSITION,MIX4-ITII,11925eb3c85a9a040906a8a8d8fb7df99d766af7d4a7a56b0b97eabfbdf480bc,4,fed264933ccb7f2253f542969fc79ccc3a9e2fdfc3f8f83d091fa1f3000aa880,controlled_development_v2,v3_only,1000,0.6,fixed,3544121876,"[2721837221, 318939202]",300019.0,128,500,1,True,True,NO_BID,False,a4e84c580719028738eee4bbd9a51213bb61bf20376f8918aca380cae51db846,38.667714800001704,False,1408.0,6.0,13.934100300000864,NO_BID,V3_SELECTED_POINT_NOT_QUALIFIED,1.0,1.0,1.0,0.0,1.0,0.0,,,,"{""candidate_id"": ""v3-0500-0108"", ""Pbar"": 0.4678970277309418, ""R"": 0.132696270942688, ""weights"": [0.30000847578048706, 0.15421198308467865, 0.28533488512039185, 0.26044464111328125], ""source"": ""V3 endpoint"", ""start_id"": 108, ""iteration"": 500, ""region_id"": null, ""prediction"": {""mean_tracking"": 0.06337524205446243, ""p90"": 0.06759913265705109, ""pj"": [0.035186879336833954, 1.209433247995051e-10, 0.009536180645227432, 0.023322105407714844], ""objective"": 83.54937744140625}, ""provenance"": {}}",v3_endpoint,V3 endpoint,85.3308949420749,0.526,"[0.0, 0.0, 0.0, 0.0]","{""tracking_pass"": false, ""qos_numerical_pass"": true, ""max_pj"": 0.0, ""worst_violation"": 0.7533333333333334, ""total_violation"": 0.7533333333333334, ""per_job_evidence_counts"": [21292, 357, 14749, 12130], ""ordered_job_sections"": [""Resnet.infer.4"", ""GPT2.train.4"", ""Llama.infer.4"", ""Bloom.infer.4""], ""execution_status"": ""PARSED"", ""execution_valid"": true, ""numerical_feasible"": false, ""evidence_status"": ""SUFFICIENT"", ""evidence_sufficient"": true, ""evidence_qualified_feasible"": false, ""min_qos_observations_per_type"": 1, ""statistical_reliability_established"": false}","[{""job"": {""index"": 0, ""section"": ""Resnet.infer.4"", ""descriptors"": [199.0, 618.0, 25.0, 190.0, 5.0, 1.0]}, ""pj"": 0.0, ""observation_count"": 21292, ""finished_count"": 21288, ""unfinished_count"": 4, ""exceedance_count"": 0, ""estimator_numerator"": 0, ""estimator_denominator"": 21291, ""estimator"": ""flexdc_rank_cdf_v1"", ""horizon_seconds"": 3600, ""threshold_sojourn_seconds"": 150.0, ""threshold_exceeds_horizon"": false}, {""job"": {""index"": 1, ""section"": ""GPT2.train.4"", ""descriptors"": [201.0, 763.0, 1185.0, 4592.0, 4.0, 1.0]}, ""pj"": 0.0, ""observation_count"": 357, ""finished_count"": 77, ""unfinished_count"": 280, ""exceedance_count"": 0, ""estimator_numerator"": 0, ""estimator_denominator"": 356, ""estimator"": ""flexdc_rank_cdf_v1"", ""horizon_seconds"": 3600, ""threshold_sojourn_seconds"": 5925.0, ""threshold_exceeds_horizon"": true}, {""job"": {""index"": 2, ""section"": ""Llama.infer.4"", ""descriptors"": [202.0, 702.0, 36.0, 360.0, 5.0, 1.0]}, ""pj"": 0.0, ""observation_count"": 14749, ""finished_count"": 14739, ""unfinished_count"": 10, ""exceedance_count"": 0, ""estimator_numerator"": 0, ""estimator_denominator"": 14748, ""estimator"": ""flexdc_rank_cdf_v1"", ""horizon_seconds"": 3600, ""threshold_sojourn_seconds"": 216.0, ""threshold_exceeds_horizon"": false}, {""job"": {""index"": 3, ""section"": ""Bloom.infer.4"", ""descriptors"": [202.0, 698.0, 44.0, 386.0, 5.0, 1.0]}, ""pj"": 0.0, ""observation_count"": 12130, ""finished_count"": 12127, ""unfinished_count"": 3, ""exceedance_count"": 0, ""estimator_numerator"": 0, ""estimator_denominator"": 12129, ""estimator"": ""flexdc_rank_cdf_v1"", ""horizon_seconds"": 3600, ""threshold_sojourn_seconds"": 264.0, ""threshold_exceeds_horizon"": false}]","{""mean_tracking"": 0.057233369056648664, ""p90"": 0.45840086734294894, ""pj"": [-0.035186879336833954, -1.209433247995051e-10, -0.009536180645227432, -0.023322105407714844], ""max_pj"": -0.035186879336833954, ""objective"": 1.7815175006686559}",CONFIRMATION_NOT_RUN,0.0,2.0,0.0,13.761760000001232,13.910174600001483,52.429474800002936
c019,2,SCREENING,CLEAN_J4_COMPOSITION,MIX4-ITII,11925eb3c85a9a040906a8a8d8fb7df99d766af7d4a7a56b0b97eabfbdf480bc,4,fed264933ccb7f2253f542969fc79ccc3a9e2fdfc3f8f83d091fa1f3000aa880,controlled_development_v2,v3_fixed_probing,1000,0.6,fixed,3544121876,"[2721837221, 318939202]",300019.0,128,500,16,True,True,DONE,True,a4e84c580719028738eee4bbd9a51213bb61bf20376f8918aca380cae51db846,38.667714800001704,True,1408.0,6.0,102.18609579999975,DONE,HARD_MAX_SEARCH_CALLS,2.0,16.0,16.0,2.0,17.0,1.0,1.0,8.0,73.26380970000173,"{""candidate_id"": ""v3-0400-0027"", ""Pbar"": 0.4677925705909729, ""R"": 0.08074750006198883, ""weights"": [0.2848581075668335, 0.19583827257156372, 0.2668505609035492, 0.2524530589580536], ""source"": ""V3 snapshot"", ""start_id"": 27, ""iteration"": 400, ""region_id"": ""region-04"", ""prediction"": {""mean_tracking"": 0.006371385883539915, ""p90"": 0.010097899474203587, ""pj"": [0.0035412514116615057, 9.894883379869577e-17, 0.006607231684029102, 0.00461511081084609], ""objective"": 86.92729187011719}, ""provenance"": {}}",initial_v3_region_representative,V3 snapshot,87.21256618353533,0.188,"[0.0, 0.0, 0.0, 0.0]","{""tracking_pass"": true, ""qos_numerical_pass"": true, ""max_pj"": 0.0, ""worst_violation"": 0.0, ""total_violation"": 0.0, ""per_job_evidence_counts"": [21292, 357, 14749, 12130], ""ordered_job_sections"": [""Resnet.infer.4"", ""GPT2.train.4"", ""Llama.infer.4"", ""Bloom.infer.4""], ""execution_status"": ""PARSED"", ""execution_valid"": true, ""numerical_feasible"": true, ""evidence_status"": ""SUFFICIENT"", ""evidence_sufficient"": true, ""evidence_qualified_feasible"": true, ""min_qos_observations_per_type"": 1, ""statistical_reliability_established"": false}","[{""job"": {""index"": 0, ""section"": ""Resnet.infer.4"", ""descriptors"": [199.0, 618.0, 25.0, 190.0, 5.0, 1.0]}, ""pj"": 0.0, ""observation_count"": 21292, ""finished_count"": 21279, ""unfinished_count"": 13, ""exceedance_count"": 0, ""estimator_numerator"": 0, ""estimator_denominator"": 21291, ""estimator"": ""flexdc_rank_cdf_v1"", ""horizon_seconds"": 3600, ""threshold_sojourn_seconds"": 150.0, ""threshold_exceeds_horizon"": false}, {""job"": {""index"": 1, ""section"": ""GPT2.train.4"", ""descriptors"": [201.0, 763.0, 1185.0, 4592.0, 4.0, 1.0]}, ""pj"": 0.0, ""observation_count"": 357, ""finished_count"": 128, ""unfinished_count"": 229, ""exceedance_count"": 0, ""estimator_numerator"": 0, ""estimator_denominator"": 356, ""estimator"": ""flexdc_rank_cdf_v1"", ""horizon_seconds"": 3600, ""threshold_sojourn_seconds"": 5925.0, ""threshold_exceeds_horizon"": true}, {""job"": {""index"": 2, ""section"": ""Llama.infer.4"", ""descriptors"": [202.0, 702.0, 36.0, 360.0, 5.0, 1.0]}, ""pj"": 0.0, ""observation_count"": 14749, ""finished_count"": 14730, ""unfinished_count"": 19, ""exceedance_count"": 0, ""estimator_numerator"": 0, ""estimator_denominator"": 14748, ""estimator"": ""flexdc_rank_cdf_v1"", ""horizon_seconds"": 3600, ""threshold_sojourn_seconds"": 216.0, ""threshold_exceeds_horizon"": false}, {""job"": {""index"": 3, ""section"": ""Bloom.infer.4"", ""descriptors"": [202.0, 698.0, 44.0, 386.0, 5.0, 1.0]}, ""pj"": 0.0, ""observation_count"": 12130, ""finished_count"": 11945, ""unfinished_count"": 185, ""exceedance_count"": 0, ""estimator_numerator"": 0, ""estimator_denominator"": 12129, ""estimator"": ""flexdc_rank_cdf_v1"", ""horizon_seconds"": 3600, ""threshold_sojourn_seconds"": 264.0, ""threshold_exceeds_horizon"": false}]","{""mean_tracking"": 0.04001722522757119, ""p90"": 0.1779021005257964, ""pj"": [-0.0035412514116615057, -9.894883379869577e-17, -0.006607231684029102, -0.00461511081084609], ""max_pj"": -0.006607231684029102, ""objective"": 0.28527431341814236}",CONFIRMATION_ALL_PASS,2.0,2.0,2.0,102.22026580000238,101.99930409999797,140.88798060000408
c019,2,SCREENING,CLEAN_J4_COMPOSITION,MIX4-ITII,11925eb3c85a9a040906a8a8d8fb7df99d766af7d4a7a56b0b97eabfbdf480bc,4,fed264933ccb7f2253f542969fc79ccc3a9e2fdfc3f8f83d091fa1f3000aa880,controlled_development_v2,simulator_only_adaptive,1000,0.6,fixed,3544121876,"[2721837221, 318939202]",,0,0,16,True,True,NO_BID,False,,0.0,False,0.0,0.0,63.18148360000123,NO_BID,HARD_MAX_SEARCH_CALLS,2.0,16.0,16.0,0.0,12.0,4.0,,,,,,,,,,,,,CONFIRMATION_NOT_RUN,0.0,2.0,0.0,72.93120259999705,62.930440900003305,72.93120259999705
c019,2,SCREENING,CLEAN_J4_COMPOSITION,MIX4-ITII,11925eb3c85a9a040906a8a8d8fb7df99d766af7d4a7a56b0b97eabfbdf480bc,4,fed264933ccb7f2253f542969fc79ccc3a9e2fdfc3f8f83d091fa1f3000aa880,controlled_development_v2,argos_fixed_budget,1000,0.6,fixed,3544121876,"[2721837221, 318939202]",300019.0,128,500,16,True,True,DONE,True,a4e84c580719028738eee4bbd9a51213bb61bf20376f8918aca380cae51db846,38.667714800001704,True,1408.0,6.0,30.848705799999152,DONE,HARD_MAX_SEARCH_CALLS,2.0,16.0,16.0,2.0,6.0,12.0,1.0,8.0,73.26380970000173,"{""candidate_id"": ""v3-0400-0027"", ""Pbar"": 0.4677925705909729, ""R"": 0.08074750006198883, ""weights"": [0.2848581075668335, 0.19583827257156372, 0.2668505609035492, 0.2524530589580536], ""source"": ""V3 snapshot"", ""start_id"": 27, ""iteration"": 400, ""region_id"": ""region-04"", ""prediction"": {""mean_tracking"": 0.006371385883539915, ""p90"": 0.010097899474203587, ""pj"": [0.0035412514116615057, 9.894883379869577e-17, 0.006607231684029102, 0.00461511081084609], ""objective"": 86.92729187011719}, ""provenance"": {}}",initial_v3_region_representative,V3 snapshot,87.21256618353533,0.188,"[0.0, 0.0, 0.0, 0.0]","{""tracking_pass"": true, ""qos_numerical_pass"": true, ""max_pj"": 0.0, ""worst_violation"": 0.0, ""total_violation"": 0.0, ""per_job_evidence_counts"": [21292, 357, 14749, 12130], ""ordered_job_sections"": [""Resnet.infer.4"", ""GPT2.train.4"", ""Llama.infer.4"", ""Bloom.infer.4""], ""execution_status"": ""PARSED"", ""execution_valid"": true, ""numerical_feasible"": true, ""evidence_status"": ""SUFFICIENT"", ""evidence_sufficient"": true, ""evidence_qualified_feasible"": true, ""min_qos_observations_per_type"": 1, ""statistical_reliability_established"": false}","[{""job"": {""index"": 0, ""section"": ""Resnet.infer.4"", ""descriptors"": [199.0, 618.0, 25.0, 190.0, 5.0, 1.0]}, ""pj"": 0.0, ""observation_count"": 21292, ""finished_count"": 21279, ""unfinished_count"": 13, ""exceedance_count"": 0, ""estimator_numerator"": 0, ""estimator_denominator"": 21291, ""estimator"": ""flexdc_rank_cdf_v1"", ""horizon_seconds"": 3600, ""threshold_sojourn_seconds"": 150.0, ""threshold_exceeds_horizon"": false}, {""job"": {""index"": 1, ""section"": ""GPT2.train.4"", ""descriptors"": [201.0, 763.0, 1185.0, 4592.0, 4.0, 1.0]}, ""pj"": 0.0, ""observation_count"": 357, ""finished_count"": 128, ""unfinished_count"": 229, ""exceedance_count"": 0, ""estimator_numerator"": 0, ""estimator_denominator"": 356, ""estimator"": ""flexdc_rank_cdf_v1"", ""horizon_seconds"": 3600, ""threshold_sojourn_seconds"": 5925.0, ""threshold_exceeds_horizon"": true}, {""job"": {""index"": 2, ""section"": ""Llama.infer.4"", ""descriptors"": [202.0, 702.0, 36.0, 360.0, 5.0, 1.0]}, ""pj"": 0.0, ""observation_count"": 14749, ""finished_count"": 14730, ""unfinished_count"": 19, ""exceedance_count"": 0, ""estimator_numerator"": 0, ""estimator_denominator"": 14748, ""estimator"": ""flexdc_rank_cdf_v1"", ""horizon_seconds"": 3600, ""threshold_sojourn_seconds"": 216.0, ""threshold_exceeds_horizon"": false}, {""job"": {""index"": 3, ""section"": ""Bloom.infer.4"", ""descriptors"": [202.0, 698.0, 44.0, 386.0, 5.0, 1.0]}, ""pj"": 0.0, ""observation_count"": 12130, ""finished_count"": 11945, ""unfinished_count"": 185, ""exceedance_count"": 0, ""estimator_numerator"": 0, ""estimator_denominator"": 12129, ""estimator"": ""flexdc_rank_cdf_v1"", ""horizon_seconds"": 3600, ""threshold_sojourn_seconds"": 264.0, ""threshold_exceeds_horizon"": false}]","{""mean_tracking"": 0.04001722522757119, ""p90"": 0.1779021005257964, ""pj"": [-0.0035412514116615057, -9.894883379869577e-17, -0.006607231684029102, -0.00461511081084609], ""max_pj"": -0.006607231684029102, ""objective"": 0.28527431341814236}",CONFIRMATION_ALL_PASS,2.0,2.0,2.0,100.7344850000045,30.640307400000893,139.4021998000062
c019,2,SCREENING,CLEAN_J4_COMPOSITION,MIX4-ITII,11925eb3c85a9a040906a8a8d8fb7df99d766af7d4a7a56b0b97eabfbdf480bc,4,fed264933ccb7f2253f542969fc79ccc3a9e2fdfc3f8f83d091fa1f3000aa880,controlled_development_v2,argos_early_stop,1000,0.6,fixed,3544121876,"[2721837221, 318939202]",300019.0,128,500,16,True,True,DONE,True,a4e84c580719028738eee4bbd9a51213bb61bf20376f8918aca380cae51db846,38.667714800001704,True,1408.0,6.0,2.3198336999994353,DONE,HARD_MAX_SEARCH_CALLS,2.0,16.0,16.0,2.0,0.0,18.0,1.0,8.0,73.26380970000173,"{""candidate_id"": ""v3-0400-0027"", ""Pbar"": 0.4677925705909729, ""R"": 0.08074750006198883, ""weights"": [0.2848581075668335, 0.19583827257156372, 0.2668505609035492, 0.2524530589580536], ""source"": ""V3 snapshot"", ""start_id"": 27, ""iteration"": 400, ""region_id"": ""region-04"", ""prediction"": {""mean_tracking"": 0.006371385883539915, ""p90"": 0.010097899474203587, ""pj"": [0.0035412514116615057, 9.894883379869577e-17, 0.006607231684029102, 0.00461511081084609], ""objective"": 86.92729187011719}, ""provenance"": {}}",initial_v3_region_representative,V3 snapshot,87.21256618353533,0.188,"[0.0, 0.0, 0.0, 0.0]","{""tracking_pass"": true, ""qos_numerical_pass"": true, ""max_pj"": 0.0, ""worst_violation"": 0.0, ""total_violation"": 0.0, ""per_job_evidence_counts"": [21292, 357, 14749, 12130], ""ordered_job_sections"": [""Resnet.infer.4"", ""GPT2.train.4"", ""Llama.infer.4"", ""Bloom.infer.4""], ""execution_status"": ""PARSED"", ""execution_valid"": true, ""numerical_feasible"": true, ""evidence_status"": ""SUFFICIENT"", ""evidence_sufficient"": true, ""evidence_qualified_feasible"": true, ""min_qos_observations_per_type"": 1, ""statistical_reliability_established"": false}","[{""job"": {""index"": 0, ""section"": ""Resnet.infer.4"", ""descriptors"": [199.0, 618.0, 25.0, 190.0, 5.0, 1.0]}, ""pj"": 0.0, ""observation_count"": 21292, ""finished_count"": 21279, ""unfinished_count"": 13, ""exceedance_count"": 0, ""estimator_numerator"": 0, ""estimator_denominator"": 21291, ""estimator"": ""flexdc_rank_cdf_v1"", ""horizon_seconds"": 3600, ""threshold_sojourn_seconds"": 150.0, ""threshold_exceeds_horizon"": false}, {""job"": {""index"": 1, ""section"": ""GPT2.train.4"", ""descriptors"": [201.0, 763.0, 1185.0, 4592.0, 4.0, 1.0]}, ""pj"": 0.0, ""observation_count"": 357, ""finished_count"": 128, ""unfinished_count"": 229, ""exceedance_count"": 0, ""estimator_numerator"": 0, ""estimator_denominator"": 356, ""estimator"": ""flexdc_rank_cdf_v1"", ""horizon_seconds"": 3600, ""threshold_sojourn_seconds"": 5925.0, ""threshold_exceeds_horizon"": true}, {""job"": {""index"": 2, ""section"": ""Llama.infer.4"", ""descriptors"": [202.0, 702.0, 36.0, 360.0, 5.0, 1.0]}, ""pj"": 0.0, ""observation_count"": 14749, ""finished_count"": 14730, ""unfinished_count"": 19, ""exceedance_count"": 0, ""estimator_numerator"": 0, ""estimator_denominator"": 14748, ""estimator"": ""flexdc_rank_cdf_v1"", ""horizon_seconds"": 3600, ""threshold_sojourn_seconds"": 216.0, ""threshold_exceeds_horizon"": false}, {""job"": {""index"": 3, ""section"": ""Bloom.infer.4"", ""descriptors"": [202.0, 698.0, 44.0, 386.0, 5.0, 1.0]}, ""pj"": 0.0, ""observation_count"": 12130, ""finished_count"": 11945, ""unfinished_count"": 185, ""exceedance_count"": 0, ""estimator_numerator"": 0, ""estimator_denominator"": 12129, ""estimator"": ""flexdc_rank_cdf_v1"", ""horizon_seconds"": 3600, ""threshold_sojourn_seconds"": 264.0, ""threshold_exceeds_horizon"": false}]","{""mean_tracking"": 0.04001722522757119, ""p90"": 0.1779021005257964, ""pj"": [-0.0035412514116615057, -9.894883379869577e-17, -0.006607231684029102, -0.00461511081084609], ""max_pj"": -0.006607231684029102, ""objective"": 0.28527431341814236}",CONFIRMATION_ALL_PASS,2.0,2.0,2.0,100.7344850000045,1.9625126999999338,139.4021998000062
c020,2,SCREENING,CLEAN_J4_COMPOSITION,MIX4-IITT,6faf10c0ddc90d2a22347061b43ef32aa89e4e33b71a6e5f493926834130a869,4,c6317e640864c49e546181cc716f3d0d645d88152123b2a6fc95659f9f732903,controlled_development_v2,v3_only,1000,0.6,fixed,4133819883,"[2433585585, 611229826]",300020.0,128,500,1,True,True,NO_BID,False,39806ea2cf0ff6ce1628dccd7055ad4390515d5639efdcaf6ae97dd3eeff32d3,27.448738500002946,False,1408.0,6.0,8.410434299999906,NO_BID,V3_SELECTED_POINT_NOT_QUALIFIED,1.0,1.0,1.0,0.0,1.0,0.0,,,,"{""candidate_id"": ""v3-0500-0022"", ""Pbar"": 0.4326278567314148, ""R"": 0.2430841475725174, ""weights"": [0.3650442361831665, 0.33108553290367126, 0.15188919007778168, 0.15198104083538055], ""source"": ""V3 endpoint"", ""start_id"": 22, ""iteration"": 500, ""region_id"": null, ""prediction"": {""mean_tracking"": 0.002271812641993165, ""p90"": 0.0047744642943143845, ""pj"": [0.0874011442065239, 0.0817316323518753, 3.761539524305135e-09, 3.752841593041012e-08], ""objective"": 70.09952545166016}, ""provenance"": {}}",v3_endpoint,V3 endpoint,101.25444674833511,0.199,"[0.6311808376523322, 0.7098976109215017, 0.0, 0.0]","{""tracking_pass"": true, ""qos_numerical_pass"": false, ""max_pj"": 0.7098976109215017, ""worst_violation"": 6.098976109215017, ""total_violation"": 11.41078448573834, ""per_job_evidence_counts"": [21418, 19046, 267, 329], ""ordered_job_sections"": [""Resnet.infer.4"", ""GPT2.infer.4"", ""Llama.train.4"", ""Bloom.train.4""], ""execution_status"": ""PARSED"", ""execution_valid"": true, ""numerical_feasible"": false, ""evidence_status"": ""SUFFICIENT"", ""evidence_sufficient"": true, ""evidence_qualified_feasible"": false, ""min_qos_observations_per_type"": 1, ""statistical_reliability_established"": false}","[{""job"": {""index"": 0, ""section"": ""Resnet.infer.4"", ""descriptors"": [199.0, 618.0, 25.0, 190.0, 5.0, 1.0]}, ""pj"": 0.6311808376523322, ""observation_count"": 21418, ""finished_count"": 21193, ""unfinished_count"": 225, ""exceedance_count"": 13519, ""estimator_numerator"": 13518, ""estimator_denominator"": 21417, ""estimator"": ""flexdc_rank_cdf_v1"", ""horizon_seconds"": 3600, ""threshold_sojourn_seconds"": 150.0, ""threshold_exceeds_horizon"": false}, {""job"": {""index"": 1, ""section"": ""GPT2.infer.4"", ""descriptors"": [198.0, 732.0, 28.0, 180.0, 5.0, 1.0]}, ""pj"": 0.7098976109215017, ""observation_count"": 19046, ""finished_count"": 18169, ""unfinished_count"": 877, ""exceedance_count"": 13521, ""estimator_numerator"": 13520, ""estimator_denominator"": 19045, ""estimator"": ""flexdc_rank_cdf_v1"", ""horizon_seconds"": 3600, ""threshold_sojourn_seconds"": 168.0, ""threshold_exceeds_horizon"": false}, {""job"": {""index"": 2, ""section"": ""Llama.train.4"", ""descriptors"": [200.0, 742.0, 1242.0, 4921.0, 4.0, 1.0]}, ""pj"": 0.0, ""observation_count"": 267, ""finished_count"": 118, ""unfinished_count"": 149, ""exceedance_count"": 0, ""estimator_numerator"": 0, ""estimator_denominator"": 266, ""estimator"": ""flexdc_rank_cdf_v1"", ""horizon_seconds"": 3600, ""threshold_sojourn_seconds"": 6210.0, ""threshold_exceeds_horizon"": true}, {""job"": {""index"": 3, ""section"": ""Bloom.train.4"", ""descriptors"": [202.0, 726.0, 1104.0, 4202.0, 4.0, 1.0]}, ""pj"": 0.0, ""observation_count"": 329, ""finished_count"": 84, ""unfinished_count"": 245, ""exceedance_count"": 0, ""estimator_numerator"": 0, ""estimator_denominator"": 328, ""estimator"": ""flexdc_rank_cdf_v1"", ""horizon_seconds"": 3600, ""threshold_sojourn_seconds"": 5520.0, ""threshold_exceeds_horizon"": true}]","{""mean_tracking"": 0.05156540958022904, ""p90"": 0.19422553570568563, ""pj"": [0.5437796934458083, 0.6281659785696264, -3.761539524305135e-09, -3.752841593041012e-08], ""max_pj"": 0.6224964667149778, ""objective"": 31.154921296674956}",CONFIRMATION_NOT_RUN,0.0,2.0,0.0,8.29579840000224,8.396191499999986,35.74453690000519
c020,2,SCREENING,CLEAN_J4_COMPOSITION,MIX4-IITT,6faf10c0ddc90d2a22347061b43ef32aa89e4e33b71a6e5f493926834130a869,4,c6317e640864c49e546181cc716f3d0d645d88152123b2a6fc95659f9f732903,controlled_development_v2,v3_fixed_probing,1000,0.6,fixed,4133819883,"[2433585585, 611229826]",300020.0,128,500,16,True,True,NO_BID,False,39806ea2cf0ff6ce1628dccd7055ad4390515d5639efdcaf6ae97dd3eeff32d3,27.448738500002946,True,1408.0,6.0,49.086488500000996,NO_BID,HARD_MAX_SEARCH_CALLS,2.0,16.0,16.0,0.0,16.0,0.0,,,,,,,,,,,,,CONFIRMATION_NOT_RUN,0.0,2.0,0.0,48.49712100000397,48.99659690000044,75.94585950000692
c020,2,SCREENING,CLEAN_J4_COMPOSITION,MIX4-IITT,6faf10c0ddc90d2a22347061b43ef32aa89e4e33b71a6e5f493926834130a869,4,c6317e640864c49e546181cc716f3d0d645d88152123b2a6fc95659f9f732903,controlled_development_v2,simulator_only_adaptive,1000,0.6,fixed,4133819883,"[2433585585, 611229826]",,0,0,16,True,True,NO_BID,False,,0.0,False,0.0,0.0,65.29037790000075,NO_BID,HARD_MAX_SEARCH_CALLS,2.0,16.0,16.0,0.0,12.0,4.0,,,,,,,,,,,,,CONFIRMATION_NOT_RUN,0.0,2.0,0.0,70.73173310000129,65.15653360000215,70.73173310000129
c020,2,SCREENING,CLEAN_J4_COMPOSITION,MIX4-IITT,6faf10c0ddc90d2a22347061b43ef32aa89e4e33b71a6e5f493926834130a869,4,c6317e640864c49e546181cc716f3d0d645d88152123b2a6fc95659f9f732903,controlled_development_v2,argos_fixed_budget,1000,0.6,fixed,4133819883,"[2433585585, 611229826]",300020.0,128,500,16,True,True,NO_BID,False,39806ea2cf0ff6ce1628dccd7055ad4390515d5639efdcaf6ae97dd3eeff32d3,27.448738500002946,True,1408.0,6.0,30.575879100000748,NO_BID,HARD_MAX_SEARCH_CALLS,2.0,16.0,16.0,0.0,6.0,10.0,,,,,,,,,,,,,CONFIRMATION_NOT_RUN,0.0,2.0,0.0,53.00021810000544,30.389697700000397,80.44895660000839
c020,2,SCREENING,CLEAN_J4_COMPOSITION,MIX4-IITT,6faf10c0ddc90d2a22347061b43ef32aa89e4e33b71a6e5f493926834130a869,4,c6317e640864c49e546181cc716f3d0d645d88152123b2a6fc95659f9f732903,controlled_development_v2,argos_early_stop,1000,0.6,fixed,4133819883,"[2433585585, 611229826]",300020.0,128,500,16,True,True,NO_BID,False,39806ea2cf0ff6ce1628dccd7055ad4390515d5639efdcaf6ae97dd3eeff32d3,27.448738500002946,True,1408.0,6.0,1.3044431999987864,NO_BID,HARD_MAX_SEARCH_CALLS,2.0,16.0,16.0,0.0,0.0,16.0,,,,,,,,,,,,,CONFIRMATION_NOT_RUN,0.0,2.0,0.0,53.00021810000544,1.117492699999275,80.44895660000839
c021,2,SCREENING,CLEAN_J4_COMPOSITION,MIX4-IITI,3d1aafcc08c725504ca321b450462904bc7f7aa4aa78a41e5539180cb3047e5c,4,66122ded123bc953702255c8388b742549efe7211e8c2bad3703d7cdcdcc12d7,controlled_development_v2,v3_only,1000,0.6,fixed,782174427,"[1907036603, 2682003078]",300021.0,128,500,1,True,True,NO_BID,False,49e1f58a06c24cba99e7b58a6c656be94d11139d8617d9d1ac269a1e2d82575e,34.75437359999705,False,1408.0,6.0,12.272045200003049,NO_BID,V3_SELECTED_POINT_NOT_QUALIFIED,1.0,1.0,1.0,0.0,1.0,0.0,,,,"{""candidate_id"": ""v3-0500-0057"", ""Pbar"": 0.475087970495224, ""R"": 0.14416736364364624, ""weights"": [0.2995959222316742, 0.2847971022129059, 0.15144972503185272, 0.264157235622406], ""source"": ""V3 endpoint"", ""start_id"": 57, ""iteration"": 500, ""region_id"": null, ""prediction"": {""mean_tracking"": 0.04907708242535591, ""p90"": 0.05524010583758354, ""pj"": [0.030308039858937263, 0.01688975654542446, 3.1307309522610183e-10, 0.026709051802754402], ""objective"": 83.08349609375}, ""provenance"": {}}",v3_endpoint,V3 endpoint,87.37673645538669,0.579,"[0.014518298622385073, 0.07837993809348931, 0.0, 0.0]","{""tracking_pass"": false, ""qos_numerical_pass"": true, ""max_pj"": 0.07837993809348931, ""worst_violation"": 0.9299999999999999, ""total_violation"": 0.9299999999999999, ""per_job_evidence_counts"": [21560, 19062, 286, 12132], ""ordered_job_sections"": [""Resnet.infer.4"", ""GPT2.infer.4"", ""Llama.train.4"", ""Bloom.infer.4""], ""execution_status"": ""PARSED"", ""execution_valid"": true, ""numerical_feasible"": false, ""evidence_status"": ""SUFFICIENT"", ""evidence_sufficient"": true, ""evidence_qualified_feasible"": false, ""min_qos_observations_per_type"": 1, ""statistical_reliability_established"": false}","[{""job"": {""index"": 0, ""section"": ""Resnet.infer.4"", ""descriptors"": [199.0, 618.0, 25.0, 190.0, 5.0, 1.0]}, ""pj"": 0.014518298622385073, ""observation_count"": 21560, ""finished_count"": 21549, ""unfinished_count"": 11, ""exceedance_count"": 314, ""estimator_numerator"": 313, ""estimator_denominator"": 21559, ""estimator"": ""flexdc_rank_cdf_v1"", ""horizon_seconds"": 3600, ""threshold_sojourn_seconds"": 150.0, ""threshold_exceeds_horizon"": false}, {""job"": {""index"": 1, ""section"": ""GPT2.infer.4"", ""descriptors"": [198.0, 732.0, 28.0, 180.0, 5.0, 1.0]}, ""pj"": 0.07837993809348931, ""observation_count"": 19062, ""finished_count"": 19060, ""unfinished_count"": 2, ""exceedance_count"": 1495, ""estimator_numerator"": 1494, ""estimator_denominator"": 19061, ""estimator"": ""flexdc_rank_cdf_v1"", ""horizon_seconds"": 3600, ""threshold_sojourn_seconds"": 168.0, ""threshold_exceeds_horizon"": false}, {""job"": {""index"": 2, ""section"": ""Llama.train.4"", ""descriptors"": [200.0, 742.0, 1242.0, 4921.0, 4.0, 1.0]}, ""pj"": 0.0, ""observation_count"": 286, ""finished_count"": 95, ""unfinished_count"": 191, ""exceedance_count"": 0, ""estimator_numerator"": 0, ""estimator_denominator"": 285, ""estimator"": ""flexdc_rank_cdf_v1"", ""horizon_seconds"": 3600, ""threshold_sojourn_seconds"": 6210.0, ""threshold_exceeds_horizon"": true}, {""job"": {""index"": 3, ""section"": ""Bloom.infer.4"", ""descriptors"": [202.0, 698.0, 44.0, 386.0, 5.0, 1.0]}, ""pj"": 0.0, ""observation_count"": 12132, ""finished_count"": 12128, ""unfinished_count"": 4, ""exceedance_count"": 0, ""estimator_numerator"": 0, ""estimator_denominator"": 12131, ""estimator"": ""flexdc_rank_cdf_v1"", ""horizon_seconds"": 3600, ""threshold_sojourn_seconds"": 264.0, ""threshold_exceeds_horizon"": false}]","{""mean_tracking"": 0.07910513979686629, ""p90"": 0.5237598941624164, ""pj"": [-0.01578974123655219, 0.06149018154806485, -3.1307309522610183e-10, -0.026709051802754402], ""max_pj"": 0.048071898234552046, ""objective"": 4.293240361636691}",CONFIRMATION_NOT_RUN,0.0,2.0,0.0,12.101854900000035,12.240328400002909,46.85622849999709
c021,2,SCREENING,CLEAN_J4_COMPOSITION,MIX4-IITI,3d1aafcc08c725504ca321b450462904bc7f7aa4aa78a41e5539180cb3047e5c,4,66122ded123bc953702255c8388b742549efe7211e8c2bad3703d7cdcdcc12d7,controlled_development_v2,v3_fixed_probing,1000,0.6,fixed,782174427,"[1907036603, 2682003078]",300021.0,128,500,16,True,True,NO_BID,False,49e1f58a06c24cba99e7b58a6c656be94d11139d8617d9d1ac269a1e2d82575e,34.75437359999705,True,1408.0,6.0,75.45673620000161,NO_BID,HARD_MAX_SEARCH_CALLS,2.0,16.0,16.0,0.0,15.0,1.0,,,,,,,,,,,,,CONFIRMATION_NOT_RUN,0.0,2.0,0.0,75.34703799999988,75.34652790000109,110.10141159999694
c021,2,SCREENING,CLEAN_J4_COMPOSITION,MIX4-IITI,3d1aafcc08c725504ca321b450462904bc7f7aa4aa78a41e5539180cb3047e5c,4,66122ded123bc953702255c8388b742549efe7211e8c2bad3703d7cdcdcc12d7,controlled_development_v2,simulator_only_adaptive,1000,0.6,fixed,782174427,"[1907036603, 2682003078]",,0,0,16,True,True,NO_BID,False,,0.0,False,0.0,0.0,66.29991480000172,NO_BID,HARD_MAX_SEARCH_CALLS,2.0,16.0,16.0,0.0,12.0,4.0,,,,,,,,,,,,,CONFIRMATION_NOT_RUN,0.0,2.0,0.0,72.57475169999816,66.15687650000109,72.57475169999816
c021,2,SCREENING,CLEAN_J4_COMPOSITION,MIX4-IITI,3d1aafcc08c725504ca321b450462904bc7f7aa4aa78a41e5539180cb3047e5c,4,66122ded123bc953702255c8388b742549efe7211e8c2bad3703d7cdcdcc12d7,controlled_development_v2,argos_fixed_budget,1000,0.6,fixed,782174427,"[1907036603, 2682003078]",300021.0,128,500,16,True,True,NO_BID,False,49e1f58a06c24cba99e7b58a6c656be94d11139d8617d9d1ac269a1e2d82575e,34.75437359999705,True,1408.0,6.0,29.985997300002055,NO_BID,HARD_MAX_SEARCH_CALLS,2.0,16.0,16.0,0.0,5.0,11.0,,,,,,,,,,,,,CONFIRMATION_NOT_RUN,0.0,2.0,0.0,72.00998699999764,29.787609399998473,106.76436059999469
c021,2,SCREENING,CLEAN_J4_COMPOSITION,MIX4-IITI,3d1aafcc08c725504ca321b450462904bc7f7aa4aa78a41e5539180cb3047e5c,4,66122ded123bc953702255c8388b742549efe7211e8c2bad3703d7cdcdcc12d7,controlled_development_v2,argos_early_stop,1000,0.6,fixed,782174427,"[1907036603, 2682003078]",300021.0,128,500,16,True,True,NO_BID,False,49e1f58a06c24cba99e7b58a6c656be94d11139d8617d9d1ac269a1e2d82575e,34.75437359999705,True,1408.0,6.0,1.4023402000020724,NO_BID,HARD_MAX_SEARCH_CALLS,2.0,16.0,16.0,0.0,0.0,16.0,,,,,,,,,,,,,CONFIRMATION_NOT_RUN,0.0,2.0,0.0,72.00998699999764,1.2206392999978561,106.76436059999469
c022,2,SCREENING,CLEAN_J4_COMPOSITION,MIX4-IIIT,1d3d822d2d41811b04ef47c5e215c3227148008248da8f15e43a3a5b603c769e,4,932dc05484bf6d97e37e3bd0604e87f437e6867718a30dcfb3347c3c4e1d8ab7,controlled_development_v2,v3_only,1000,0.6,fixed,3640555740,"[2832966968, 956721194]",300022.0,128,500,1,True,True,NO_BID,False,df672ed1c7be2541cdab1df744f16ee80166be52476230a56bf795d639612c0a,35.5367935999966,False,1408.0,6.0,12.26124069999787,NO_BID,V3_SELECTED_POINT_NOT_QUALIFIED,1.0,1.0,1.0,0.0,1.0,0.0,,,,"{""candidate_id"": ""v3-0500-0114"", ""Pbar"": 0.47564905881881714, ""R"": 0.14108771085739136, ""weights"": [0.29901859164237976, 0.276431679725647, 0.27311816811561584, 0.15143156051635742], ""source"": ""V3 endpoint"", ""start_id"": 114, ""iteration"": 500, ""region_id"": null, ""prediction"": {""mean_tracking"": 0.05331277847290039, ""p90"": 0.049886614084243774, ""pj"": [0.03754056617617607, 0.018770307302474976, 0.012042059563100338, 9.8008670623706e-11], ""objective"": 83.38795471191406}, ""provenance"": {}}",v3_endpoint,V3 endpoint,88.62718050473762,0.747,"[0.0, 0.0, 0.0, 0.0]","{""tracking_pass"": false, ""qos_numerical_pass"": true, ""max_pj"": 0.0, ""worst_violation"": 1.4900000000000002, ""total_violation"": 1.4900000000000002, ""per_job_evidence_counts"": [21463, 19091, 14787, 353], ""ordered_job_sections"": [""Resnet.infer.4"", ""GPT2.infer.4"", ""Llama.infer.4"", ""Bloom.train.4""], ""execution_status"": ""PARSED"", ""execution_valid"": true, ""numerical_feasible"": false, ""evidence_status"": ""SUFFICIENT"", ""evidence_sufficient"": true, ""evidence_qualified_feasible"": false, ""min_qos_observations_per_type"": 1, ""statistical_reliability_established"": false}","[{""job"": {""index"": 0, ""section"": ""Resnet.infer.4"", ""descriptors"": [199.0, 618.0, 25.0, 190.0, 5.0, 1.0]}, ""pj"": 0.0, ""observation_count"": 21463, ""finished_count"": 21463, ""unfinished_count"": 0, ""exceedance_count"": 0, ""estimator_numerator"": 0, ""estimator_denominator"": 21462, ""estimator"": ""flexdc_rank_cdf_v1"", ""horizon_seconds"": 3600, ""threshold_sojourn_seconds"": 150.0, ""threshold_exceeds_horizon"": false}, {""job"": {""index"": 1, ""section"": ""GPT2.infer.4"", ""descriptors"": [198.0, 732.0, 28.0, 180.0, 5.0, 1.0]}, ""pj"": 0.0, ""observation_count"": 19091, ""finished_count"": 19087, ""unfinished_count"": 4, ""exceedance_count"": 0, ""estimator_numerator"": 0, ""estimator_denominator"": 19090, ""estimator"": ""flexdc_rank_cdf_v1"", ""horizon_seconds"": 3600, ""threshold_sojourn_seconds"": 168.0, ""threshold_exceeds_horizon"": false}, {""job"": {""index"": 2, ""section"": ""Llama.infer.4"", ""descriptors"": [202.0, 702.0, 36.0, 360.0, 5.0, 1.0]}, ""pj"": 0.0, ""observation_count"": 14787, ""finished_count"": 14787, ""unfinished_count"": 0, ""exceedance_count"": 0, ""estimator_numerator"": 0, ""estimator_denominator"": 14786, ""estimator"": ""flexdc_rank_cdf_v1"", ""horizon_seconds"": 3600, ""threshold_sojourn_seconds"": 216.0, ""threshold_exceeds_horizon"": false}, {""job"": {""index"": 3, ""section"": ""Bloom.train.4"", ""descriptors"": [202.0, 726.0, 1104.0, 4202.0, 4.0, 1.0]}, ""pj"": 0.0, ""observation_count"": 353, ""finished_count"": 73, ""unfinished_count"": 280, ""exceedance_count"": 0, ""estimator_numerator"": 0, ""estimator_denominator"": 352, ""estimator"": ""flexdc_rank_cdf_v1"", ""horizon_seconds"": 3600, ""threshold_sojourn_seconds"": 5520.0, ""threshold_exceeds_horizon"": true}]","{""mean_tracking"": 0.1478799993048773, ""p90"": 0.6971133859157562, ""pj"": [-0.03754056617617607, -0.018770307302474976, -0.012042059563100338, -9.8008670623706e-11], ""max_pj"": -0.03754056617617607, ""objective"": 5.239225792823561}",CONFIRMATION_NOT_RUN,0.0,2.0,0.0,12.145548300002702,12.24045009999827,47.6823418999993
c022,2,SCREENING,CLEAN_J4_COMPOSITION,MIX4-IIIT,1d3d822d2d41811b04ef47c5e215c3227148008248da8f15e43a3a5b603c769e,4,932dc05484bf6d97e37e3bd0604e87f437e6867718a30dcfb3347c3c4e1d8ab7,controlled_development_v2,v3_fixed_probing,1000,0.6,fixed,3640555740,"[2832966968, 956721194]",300022.0,128,500,16,True,True,NO_BID,False,df672ed1c7be2541cdab1df744f16ee80166be52476230a56bf795d639612c0a,35.5367935999966,True,1408.0,6.0,72.07665659999839,NO_BID,HARD_MAX_SEARCH_CALLS,2.0,16.0,16.0,0.0,15.0,1.0,,,,,,,,,,,,,CONFIRMATION_NOT_RUN,0.0,2.0,0.0,74.47566139999253,71.9611582999969,110.01245499998913
c022,2,SCREENING,CLEAN_J4_COMPOSITION,MIX4-IIIT,1d3d822d2d41811b04ef47c5e215c3227148008248da8f15e43a3a5b603c769e,4,932dc05484bf6d97e37e3bd0604e87f437e6867718a30dcfb3347c3c4e1d8ab7,controlled_development_v2,simulator_only_adaptive,1000,0.6,fixed,3640555740,"[2832966968, 956721194]",,0,0,16,True,True,NO_BID,False,,0.0,False,0.0,0.0,75.00026699999944,NO_BID,HARD_MAX_SEARCH_CALLS,2.0,16.0,16.0,0.0,12.0,4.0,,,,,,,,,,,,,CONFIRMATION_NOT_RUN,0.0,2.0,0.0,80.66470509999635,74.86750780000148,80.66470509999635
c022,2,SCREENING,CLEAN_J4_COMPOSITION,MIX4-IIIT,1d3d822d2d41811b04ef47c5e215c3227148008248da8f15e43a3a5b603c769e,4,932dc05484bf6d97e37e3bd0604e87f437e6867718a30dcfb3347c3c4e1d8ab7,controlled_development_v2,argos_fixed_budget,1000,0.6,fixed,3640555740,"[2832966968, 956721194]",300022.0,128,500,16,True,True,NO_BID,False,df672ed1c7be2541cdab1df744f16ee80166be52476230a56bf795d639612c0a,35.5367935999966,True,1408.0,6.0,32.430782700001146,NO_BID,HARD_MAX_SEARCH_CALLS,2.0,16.0,16.0,0.0,5.0,11.0,,,,,,,,,,,,,CONFIRMATION_NOT_RUN,0.0,2.0,0.0,73.77894949999609,32.23965329999919,109.31574309999269
c022,2,SCREENING,CLEAN_J4_COMPOSITION,MIX4-IIIT,1d3d822d2d41811b04ef47c5e215c3227148008248da8f15e43a3a5b603c769e,4,932dc05484bf6d97e37e3bd0604e87f437e6867718a30dcfb3347c3c4e1d8ab7,controlled_development_v2,argos_early_stop,1000,0.6,fixed,3640555740,"[2832966968, 956721194]",300022.0,128,500,16,True,True,NO_BID,False,df672ed1c7be2541cdab1df744f16ee80166be52476230a56bf795d639612c0a,35.5367935999966,True,1408.0,6.0,1.3606949999993958,NO_BID,HARD_MAX_SEARCH_CALLS,2.0,16.0,16.0,0.0,0.0,16.0,,,,,,,,,,,,,CONFIRMATION_NOT_RUN,0.0,2.0,0.0,73.77894949999609,1.1644154999994498,109.31574309999269
c023,2,SERIOUS_DEVELOPMENT,CLEAN_J4_COMPOSITION,MIX4-TTII,071fa109ad34a8aa0407196483a6a153f9d909fcc0a6bcf7a9327a7846dc178b,4,8a631d1320b373940cd63aab3642e3827c38f2813b70fa4a70e87af16c30742e,controlled_development_v2,v3_only,1000,0.6,fixed,828992599,"[3502355840, 1047967522]",300023.0,512,1500,1,True,True,NO_BID,False,06d7afaf10b7aa06be8075043e0d8926bc6c2fbb8d98d306e1959235f8ae4a39,358.28724729999885,False,15872.0,6.0,11.26040120000107,NO_BID,V3_SELECTED_POINT_NOT_QUALIFIED,1.0,1.0,1.0,0.0,1.0,0.0,,,,"{""candidate_id"": ""v3-1500-0295"", ""Pbar"": 0.42344337701797485, ""R"": 0.2539525628089905, ""weights"": [0.15045906603336334, 0.1504785716533661, 0.36342746019363403, 0.33563488721847534], ""source"": ""V3 endpoint"", ""start_id"": 295, ""iteration"": 1500, ""region_id"": null, ""prediction"": {""mean_tracking"": 0.003170247655361891, ""p90"": 0.0032542897388339043, ""pj"": [0.00020601408323273063, 1.1083997608629659e-10, 0.03596321493387222, 0.024688100442290306], ""objective"": 66.04556274414062}, ""provenance"": {}}",v3_endpoint,V3 endpoint,93.31166855733754,0.273,"[0.21499013806706113, 0.0, 0.527914951989026, 0.45324632413679167]","{""tracking_pass"": true, ""qos_numerical_pass"": false, ""max_pj"": 0.527914951989026, ""worst_violation"": 4.27914951989026, ""total_violation"": 8.961514141928788, ""per_job_evidence_counts"": [1522, 304, 14581, 12107], ""ordered_job_sections"": [""Resnet.train.4"", ""GPT2.train.4"", ""Llama.infer.4"", ""Bloom.infer.4""], ""execution_status"": ""PARSED"", ""execution_valid"": true, ""numerical_feasible"": false, ""evidence_status"": ""SUFFICIENT"", ""evidence_sufficient"": true, ""evidence_qualified_feasible"": false, ""min_qos_observations_per_type"": 1, ""statistical_reliability_established"": false}","[{""job"": {""index"": 0, ""section"": ""Resnet.train.4"", ""descriptors"": [199.0, 755.0, 337.0, 1321.0, 4.0, 1.0]}, ""pj"": 0.21499013806706113, ""observation_count"": 1522, ""finished_count"": 768, ""unfinished_count"": 754, ""exceedance_count"": 328, ""estimator_numerator"": 327, ""estimator_denominator"": 1521, ""estimator"": ""flexdc_rank_cdf_v1"", ""horizon_seconds"": 3600, ""threshold_sojourn_seconds"": 1685.0, ""threshold_exceeds_horizon"": false}, {""job"": {""index"": 1, ""section"": ""GPT2.train.4"", ""descriptors"": [201.0, 763.0, 1185.0, 4592.0, 4.0, 1.0]}, ""pj"": 0.0, ""observation_count"": 304, ""finished_count"": 88, ""unfinished_count"": 216, ""exceedance_count"": 0, ""estimator_numerator"": 0, ""estimator_denominator"": 303, ""estimator"": ""flexdc_rank_cdf_v1"", ""horizon_seconds"": 3600, ""threshold_sojourn_seconds"": 5925.0, ""threshold_exceeds_horizon"": true}, {""job"": {""index"": 2, ""section"": ""Llama.infer.4"", ""descriptors"": [202.0, 702.0, 36.0, 360.0, 5.0, 1.0]}, ""pj"": 0.527914951989026, ""observation_count"": 14581, ""finished_count"": 14553, ""unfinished_count"": 28, ""exceedance_count"": 7698, ""estimator_numerator"": 7697, ""estimator_denominator"": 14580, ""estimator"": ""flexdc_rank_cdf_v1"", ""horizon_seconds"": 3600, ""threshold_sojourn_seconds"": 216.0, ""threshold_exceeds_horizon"": false}, {""job"": {""index"": 3, ""section"": ""Bloom.infer.4"", ""descriptors"": [202.0, 698.0, 44.0, 386.0, 5.0, 1.0]}, ""pj"": 0.45324632413679167, ""observation_count"": 12107, ""finished_count"": 11693, ""unfinished_count"": 414, ""exceedance_count"": 5488, ""estimator_numerator"": 5487, ""estimator_denominator"": 12106, ""estimator"": ""flexdc_rank_cdf_v1"", ""horizon_seconds"": 3600, ""threshold_sojourn_seconds"": 264.0, ""threshold_exceeds_horizon"": false}]","{""mean_tracking"": 0.04362336345574921, ""p90"": 0.2697457102611661, ""pj"": [0.2147841239838284, -1.1083997608629659e-10, 0.4919517370551538, 0.42855822369450136], ""max_pj"": 0.4919517370551538, ""objective"": 27.266105813196916}",CONFIRMATION_NOT_RUN,0.0,2.0,0.0,11.003643300002295,11.241770899996482,369.29089060000115
c023,2,SERIOUS_DEVELOPMENT,CLEAN_J4_COMPOSITION,MIX4-TTII,071fa109ad34a8aa0407196483a6a153f9d909fcc0a6bcf7a9327a7846dc178b,4,8a631d1320b373940cd63aab3642e3827c38f2813b70fa4a70e87af16c30742e,controlled_development_v2,v3_fixed_probing,1000,0.6,fixed,828992599,"[3502355840, 1047967522]",300023.0,512,1500,32,True,True,DONE,True,06d7afaf10b7aa06be8075043e0d8926bc6c2fbb8d98d306e1959235f8ae4a39,358.28724729999885,True,15872.0,6.0,154.99446949999765,DONE,HARD_MAX_SEARCH_CALLS,4.0,32.0,32.0,2.0,33.0,1.0,1.0,8.0,389.4082410999981,"{""candidate_id"": ""v3-0400-0035"", ""Pbar"": 0.5063793659210205, ""R"": 0.14131729304790497, ""weights"": [0.2066788375377655, 0.20657038688659668, 0.30355456471443176, 0.28319618105888367], ""source"": ""V3 snapshot"", ""start_id"": 35, ""iteration"": 400, ""region_id"": ""region-06"", ""prediction"": {""mean_tracking"": 0.004346046596765518, ""p90"": 0.010073714889585972, ""pj"": [4.964605295754154e-07, 2.063049857595927e-16, 0.0008308918331749737, 0.0008318269392475486], ""objective"": 84.5022964477539}, ""provenance"": {}}",initial_v3_region_representative,V3 snapshot,85.31246529985535,0.187,"[0.0, 0.0, 0.00137174211248281, 0.0]","{""tracking_pass"": true, ""qos_numerical_pass"": true, ""max_pj"": 0.00137174211248281, ""worst_violation"": 0.0, ""total_violation"": 0.0, ""per_job_evidence_counts"": [1522, 304, 14581, 12107], ""ordered_job_sections"": [""Resnet.train.4"", ""GPT2.train.4"", ""Llama.infer.4"", ""Bloom.infer.4""], ""execution_status"": ""PARSED"", ""execution_valid"": true, ""numerical_feasible"": true, ""evidence_status"": ""SUFFICIENT"", ""evidence_sufficient"": true, ""evidence_qualified_feasible"": true, ""min_qos_observations_per_type"": 1, ""statistical_reliability_established"": false}","[{""job"": {""index"": 0, ""section"": ""Resnet.train.4"", ""descriptors"": [199.0, 755.0, 337.0, 1321.0, 4.0, 1.0]}, ""pj"": 0.0, ""observation_count"": 1522, ""finished_count"": 1346, ""unfinished_count"": 176, ""exceedance_count"": 0, ""estimator_numerator"": 0, ""estimator_denominator"": 1521, ""estimator"": ""flexdc_rank_cdf_v1"", ""horizon_seconds"": 3600, ""threshold_sojourn_seconds"": 1685.0, ""threshold_exceeds_horizon"": false}, {""job"": {""index"": 1, ""section"": ""GPT2.train.4"", ""descriptors"": [201.0, 763.0, 1185.0, 4592.0, 4.0, 1.0]}, ""pj"": 0.0, ""observation_count"": 304, ""finished_count"": 174, ""unfinished_count"": 130, ""exceedance_count"": 0, ""estimator_numerator"": 0, ""estimator_denominator"": 303, ""estimator"": ""flexdc_rank_cdf_v1"", ""horizon_seconds"": 3600, ""threshold_sojourn_seconds"": 5925.0, ""threshold_exceeds_horizon"": true}, {""job"": {""index"": 2, ""section"": ""Llama.infer.4"", ""descriptors"": [202.0, 702.0, 36.0, 360.0, 5.0, 1.0]}, ""pj"": 0.00137174211248281, ""observation_count"": 14581, ""finished_count"": 14573, ""unfinished_count"": 8, ""exceedance_count"": 21, ""estimator_numerator"": 20, ""estimator_denominator"": 14580, ""estimator"": ""flexdc_rank_cdf_v1"", ""horizon_seconds"": 3600, ""threshold_sojourn_seconds"": 216.0, ""threshold_exceeds_horizon"": false}, {""job"": {""index"": 3, ""section"": ""Bloom.infer.4"", ""descriptors"": [202.0, 698.0, 44.0, 386.0, 5.0, 1.0]}, ""pj"": 0.0, ""observation_count"": 12107, ""finished_count"": 12074, ""unfinished_count"": 33, ""exceedance_count"": 0, ""estimator_numerator"": 0, ""estimator_denominator"": 12106, ""estimator"": ""flexdc_rank_cdf_v1"", ""horizon_seconds"": 3600, ""threshold_sojourn_seconds"": 264.0, ""threshold_exceeds_horizon"": false}]","{""mean_tracking"": 0.041685897847678885, ""p90"": 0.17692628511041403, ""pj"": [-4.964605295754154e-07, -2.063049857595927e-16, 0.0005408502793078362, -0.0008318269392475486], ""max_pj"": 0.0005399151732352614, ""objective"": 0.810168852101441}",CONFIRMATION_ALL_PASS,2.0,2.0,2.0,155.01637360000677,154.54847620000874,513.3036209000056
c023,2,SERIOUS_DEVELOPMENT,CLEAN_J4_COMPOSITION,MIX4-TTII,071fa109ad34a8aa0407196483a6a153f9d909fcc0a6bcf7a9327a7846dc178b,4,8a631d1320b373940cd63aab3642e3827c38f2813b70fa4a70e87af16c30742e,controlled_development_v2,simulator_only_adaptive,1000,0.6,fixed,828992599,"[3502355840, 1047967522]",,0,0,32,True,True,NO_BID,False,,0.0,False,0.0,0.0,114.42377710000073,NO_BID,HARD_MAX_SEARCH_CALLS,4.0,32.0,32.0,0.0,24.0,8.0,,,,,,,,,,,,,CONFIRMATION_NOT_RUN,0.0,2.0,0.0,126.83499890000166,114.1363448000011,126.83499890000166
c023,2,SERIOUS_DEVELOPMENT,CLEAN_J4_COMPOSITION,MIX4-TTII,071fa109ad34a8aa0407196483a6a153f9d909fcc0a6bcf7a9327a7846dc178b,4,8a631d1320b373940cd63aab3642e3827c38f2813b70fa4a70e87af16c30742e,controlled_development_v2,argos_fixed_budget,1000,0.6,fixed,828992599,"[3502355840, 1047967522]",300023.0,512,1500,32,True,True,DONE,True,06d7afaf10b7aa06be8075043e0d8926bc6c2fbb8d98d306e1959235f8ae4a39,358.28724729999885,True,15872.0,6.0,95.20489670000097,DONE,HARD_MAX_SEARCH_CALLS,4.0,32.0,32.0,2.0,17.0,17.0,1.0,8.0,389.4082410999981,"{""candidate_id"": ""b004-local-0000"", ""Pbar"": 0.4713398686154333, ""R"": 0.10489921527515872, ""weights"": [0.19539326982156394, 0.19606762575610506, 0.29107948323465005, 0.3174596211876811], ""source"": ""local"", ""start_id"": null, ""iteration"": null, ""region_id"": ""region-06"", ""prediction"": {""mean_tracking"": 0.005950096528977156, ""p90"": 0.014567513018846512, ""pj"": [3.196750913048163e-05, 7.844184930240732e-15, 0.11062677204608917, 6.838979970780201e-06], ""objective"": 86.72811781247484}, ""provenance"": {""anchor"": ""v3-0400-0035"", ""radius"": 0.12}}",local_refinement,local,84.82431601983816,0.072,"[0.0, 0.0, 0.0, 0.0]","{""tracking_pass"": true, ""qos_numerical_pass"": true, ""max_pj"": 0.0, ""worst_violation"": 0.0, ""total_violation"": 0.0, ""per_job_evidence_counts"": [1522, 304, 14581, 12107], ""ordered_job_sections"": [""Resnet.train.4"", ""GPT2.train.4"", ""Llama.infer.4"", ""Bloom.infer.4""], ""execution_status"": ""PARSED"", ""execution_valid"": true, ""numerical_feasible"": true, ""evidence_status"": ""SUFFICIENT"", ""evidence_sufficient"": true, ""evidence_qualified_feasible"": true, ""min_qos_observations_per_type"": 1, ""statistical_reliability_established"": false}","[{""job"": {""index"": 0, ""section"": ""Resnet.train.4"", ""descriptors"": [199.0, 755.0, 337.0, 1321.0, 4.0, 1.0]}, ""pj"": 0.0, ""observation_count"": 1522, ""finished_count"": 1063, ""unfinished_count"": 459, ""exceedance_count"": 0, ""estimator_numerator"": 0, ""estimator_denominator"": 1521, ""estimator"": ""flexdc_rank_cdf_v1"", ""horizon_seconds"": 3600, ""threshold_sojourn_seconds"": 1685.0, ""threshold_exceeds_horizon"": false}, {""job"": {""index"": 1, ""section"": ""GPT2.train.4"", ""descriptors"": [201.0, 763.0, 1185.0, 4592.0, 4.0, 1.0]}, ""pj"": 0.0, ""observation_count"": 304, ""finished_count"": 150, ""unfinished_count"": 154, ""exceedance_count"": 0, ""estimator_numerator"": 0, ""estimator_denominator"": 303, ""estimator"": ""flexdc_rank_cdf_v1"", ""horizon_seconds"": 3600, ""threshold_sojourn_seconds"": 5925.0, ""threshold_exceeds_horizon"": true}, {""job"": {""index"": 2, ""section"": ""Llama.infer.4"", ""descriptors"": [202.0, 702.0, 36.0, 360.0, 5.0, 1.0]}, ""pj"": 0.0, ""observation_count"": 14581, ""finished_count"": 14529, ""unfinished_count"": 52, ""exceedance_count"": 0, ""estimator_numerator"": 0, ""estimator_denominator"": 14580, ""estimator"": ""flexdc_rank_cdf_v1"", ""horizon_seconds"": 3600, ""threshold_sojourn_seconds"": 216.0, ""threshold_exceeds_horizon"": false}, {""job"": {""index"": 3, ""section"": ""Bloom.infer.4"", ""descriptors"": [202.0, 698.0, 44.0, 386.0, 5.0, 1.0]}, ""pj"": 0.0, ""observation_count"": 12107, ""finished_count"": 12094, ""unfinished_count"": 13, ""exceedance_count"": 0, ""estimator_numerator"": 0, ""estimator_denominator"": 12106, ""estimator"": ""flexdc_rank_cdf_v1"", ""horizon_seconds"": 3600, ""threshold_sojourn_seconds"": 264.0, ""threshold_exceeds_horizon"": false}]","{""mean_tracking"": 0.016139903471022843, ""p90"": 0.05743248698115348, ""pj"": [-3.196750913048163e-05, -7.844184930240732e-15, -0.11062677204608917, -6.838979970780201e-06], ""max_pj"": -0.11062677204608917, ""objective"": -1.9038017926366706}",CONFIRMATION_ALL_PASS,2.0,2.0,2.0,149.09575229999973,94.65120989999923,507.3829995999986
c023,2,SERIOUS_DEVELOPMENT,CLEAN_J4_COMPOSITION,MIX4-TTII,071fa109ad34a8aa0407196483a6a153f9d909fcc0a6bcf7a9327a7846dc178b,4,8a631d1320b373940cd63aab3642e3827c38f2813b70fa4a70e87af16c30742e,controlled_development_v2,argos_early_stop,1000,0.6,fixed,828992599,"[3502355840, 1047967522]",300023.0,512,1500,32,True,True,DONE,True,06d7afaf10b7aa06be8075043e0d8926bc6c2fbb8d98d306e1959235f8ae4a39,358.28724729999885,True,15872.0,6.0,1.47802049999882,DONE,EARLY_STOP_QUALIFIED_LOCAL_PATIENCE,2.0,16.0,16.0,2.0,0.0,18.0,1.0,8.0,389.4082410999981,"{""candidate_id"": ""v3-0400-0035"", ""Pbar"": 0.5063793659210205, ""R"": 0.14131729304790497, ""weights"": [0.2066788375377655, 0.20657038688659668, 0.30355456471443176, 0.28319618105888367], ""source"": ""V3 snapshot"", ""start_id"": 35, ""iteration"": 400, ""region_id"": ""region-06"", ""prediction"": {""mean_tracking"": 0.004346046596765518, ""p90"": 0.010073714889585972, ""pj"": [4.964605295754154e-07, 2.063049857595927e-16, 0.0008308918331749737, 0.0008318269392475486], ""objective"": 84.5022964477539}, ""provenance"": {}}",initial_v3_region_representative,V3 snapshot,85.31246529985535,0.187,"[0.0, 0.0, 0.00137174211248281, 0.0]","{""tracking_pass"": true, ""qos_numerical_pass"": true, ""max_pj"": 0.00137174211248281, ""worst_violation"": 0.0, ""total_violation"": 0.0, ""per_job_evidence_counts"": [1522, 304, 14581, 12107], ""ordered_job_sections"": [""Resnet.train.4"", ""GPT2.train.4"", ""Llama.infer.4"", ""Bloom.infer.4""], ""execution_status"": ""PARSED"", ""execution_valid"": true, ""numerical_feasible"": true, ""evidence_status"": ""SUFFICIENT"", ""evidence_sufficient"": true, ""evidence_qualified_feasible"": true, ""min_qos_observations_per_type"": 1, ""statistical_reliability_established"": false}","[{""job"": {""index"": 0, ""section"": ""Resnet.train.4"", ""descriptors"": [199.0, 755.0, 337.0, 1321.0, 4.0, 1.0]}, ""pj"": 0.0, ""observation_count"": 1522, ""finished_count"": 1346, ""unfinished_count"": 176, ""exceedance_count"": 0, ""estimator_numerator"": 0, ""estimator_denominator"": 1521, ""estimator"": ""flexdc_rank_cdf_v1"", ""horizon_seconds"": 3600, ""threshold_sojourn_seconds"": 1685.0, ""threshold_exceeds_horizon"": false}, {""job"": {""index"": 1, ""section"": ""GPT2.train.4"", ""descriptors"": [201.0, 763.0, 1185.0, 4592.0, 4.0, 1.0]}, ""pj"": 0.0, ""observation_count"": 304, ""finished_count"": 174, ""unfinished_count"": 130, ""exceedance_count"": 0, ""estimator_numerator"": 0, ""estimator_denominator"": 303, ""estimator"": ""flexdc_rank_cdf_v1"", ""horizon_seconds"": 3600, ""threshold_sojourn_seconds"": 5925.0, ""threshold_exceeds_horizon"": true}, {""job"": {""index"": 2, ""section"": ""Llama.infer.4"", ""descriptors"": [202.0, 702.0, 36.0, 360.0, 5.0, 1.0]}, ""pj"": 0.00137174211248281, ""observation_count"": 14581, ""finished_count"": 14573, ""unfinished_count"": 8, ""exceedance_count"": 21, ""estimator_numerator"": 20, ""estimator_denominator"": 14580, ""estimator"": ""flexdc_rank_cdf_v1"", ""horizon_seconds"": 3600, ""threshold_sojourn_seconds"": 216.0, ""threshold_exceeds_horizon"": false}, {""job"": {""index"": 3, ""section"": ""Bloom.infer.4"", ""descriptors"": [202.0, 698.0, 44.0, 386.0, 5.0, 1.0]}, ""pj"": 0.0, ""observation_count"": 12107, ""finished_count"": 12074, ""unfinished_count"": 33, ""exceedance_count"": 0, ""estimator_numerator"": 0, ""estimator_denominator"": 12106, ""estimator"": ""flexdc_rank_cdf_v1"", ""horizon_seconds"": 3600, ""threshold_sojourn_seconds"": 264.0, ""threshold_exceeds_horizon"": false}]","{""mean_tracking"": 0.041685897847678885, ""p90"": 0.17692628511041403, ""pj"": [-4.964605295754154e-07, -2.063049857595927e-16, 0.0005408502793078362, -0.0008318269392475486], ""max_pj"": 0.0005399151732352614, ""objective"": 0.810168852101441}",CONFIRMATION_ALL_PASS,2.0,2.0,2.0,86.40296810000291,1.1927270000014687,444.69021540000176
c024,2,SERIOUS_DEVELOPMENT,CLEAN_J4_COMPOSITION,MIX4-IITT,6faf10c0ddc90d2a22347061b43ef32aa89e4e33b71a6e5f493926834130a869,4,c6317e640864c49e546181cc716f3d0d645d88152123b2a6fc95659f9f732903,controlled_development_v2,v3_only,1000,0.6,fixed,876825085,"[209569764, 1783313216]",300024.0,512,1500,1,True,True,NO_BID,False,e80545d679454cec72a6027d1ad34acddc871eb0a1a1822643255f7e5ae7293b,39327.6395283,False,15872.0,6.0,13.239855400010129,NO_BID,V3_SELECTED_POINT_NOT_QUALIFIED,1.0,1.0,1.0,0.0,1.0,0.0,,,,"{""candidate_id"": ""v3-1500-0016"", ""Pbar"": 0.43294352293014526, ""R"": 0.24664580821990967, ""weights"": [0.36308690905570984, 0.32660821080207825, 0.15104030072689056, 0.15926459431648254], ""source"": ""V3 endpoint"", ""start_id"": 16, ""iteration"": 1500, ""region_id"": null, ""prediction"": {""mean_tracking"": 0.002225429518148303, ""p90"": 0.004876448307186365, ""pj"": [0.08945679664611816, 0.08700386434793472, 4.20496970576778e-09, 7.050197314839579e-09], ""objective"": 69.9190673828125}, ""provenance"": {}}",v3_endpoint,V3 endpoint,101.62320908638154,0.072,"[0.6613840219361435, 0.7222652019186137, 0.0, 0.0]","{""tracking_pass"": true, ""qos_numerical_pass"": false, ""max_pj"": 0.7222652019186137, ""worst_violation"": 6.222652019186136, ""total_violation"": 11.83649223854757, ""per_job_evidence_counts"": [21518, 19390, 301, 349], ""ordered_job_sections"": [""Resnet.infer.4"", ""GPT2.infer.4"", ""Llama.train.4"", ""Bloom.train.4""], ""execution_status"": ""PARSED"", ""execution_valid"": true, ""numerical_feasible"": false, ""evidence_status"": ""SUFFICIENT"", ""evidence_sufficient"": true, ""evidence_qualified_feasible"": false, ""min_qos_observations_per_type"": 1, ""statistical_reliability_established"": false}","[{""job"": {""index"": 0, ""section"": ""Resnet.infer.4"", ""descriptors"": [199.0, 618.0, 25.0, 190.0, 5.0, 1.0]}, ""pj"": 0.6613840219361435, ""observation_count"": 21518, ""finished_count"": 21218, ""unfinished_count"": 300, ""exceedance_count"": 14232, ""estimator_numerator"": 14231, ""estimator_denominator"": 21517, ""estimator"": ""flexdc_rank_cdf_v1"", ""horizon_seconds"": 3600, ""threshold_sojourn_seconds"": 150.0, ""threshold_exceeds_horizon"": false}, {""job"": {""index"": 1, ""section"": ""GPT2.infer.4"", ""descriptors"": [198.0, 732.0, 28.0, 180.0, 5.0, 1.0]}, ""pj"": 0.7222652019186137, ""observation_count"": 19390, ""finished_count"": 18276, ""unfinished_count"": 1114, ""exceedance_count"": 14005, ""estimator_numerator"": 14004, ""estimator_denominator"": 19389, ""estimator"": ""flexdc_rank_cdf_v1"", ""horizon_seconds"": 3600, ""threshold_sojourn_seconds"": 168.0, ""threshold_exceeds_horizon"": false}, {""job"": {""index"": 2, ""section"": ""Llama.train.4"", ""descriptors"": [200.0, 742.0, 1242.0, 4921.0, 4.0, 1.0]}, ""pj"": 0.0, ""observation_count"": 301, ""finished_count"": 87, ""unfinished_count"": 214, ""exceedance_count"": 0, ""estimator_numerator"": 0, ""estimator_denominator"": 300, ""estimator"": ""flexdc_rank_cdf_v1"", ""horizon_seconds"": 3600, ""threshold_sojourn_seconds"": 6210.0, ""threshold_exceeds_horizon"": true}, {""job"": {""index"": 3, ""section"": ""Bloom.train.4"", ""descriptors"": [202.0, 726.0, 1104.0, 4202.0, 4.0, 1.0]}, ""pj"": 0.0, ""observation_count"": 349, ""finished_count"": 133, ""unfinished_count"": 216, ""exceedance_count"": 0, ""estimator_numerator"": 0, ""estimator_denominator"": 348, ""estimator"": ""flexdc_rank_cdf_v1"", ""horizon_seconds"": 3600, ""threshold_sojourn_seconds"": 5520.0, ""threshold_exceeds_horizon"": true}]","{""mean_tracking"": 0.0353812371485183, ""p90"": 0.06712355169281363, ""pj"": [0.5719272252900254, 0.6352613375706789, -4.20496970576778e-09, -7.050197314839579e-09], ""max_pj"": 0.6328084052724955, ""objective"": 31.704141703569036}",CONFIRMATION_NOT_RUN,0.0,2.0,0.0,13.08085869999195,13.215052499988815,39340.720386999994
c024,2,SERIOUS_DEVELOPMENT,CLEAN_J4_COMPOSITION,MIX4-IITT,6faf10c0ddc90d2a22347061b43ef32aa89e4e33b71a6e5f493926834130a869,4,c6317e640864c49e546181cc716f3d0d645d88152123b2a6fc95659f9f732903,controlled_development_v2,v3_fixed_probing,1000,0.6,fixed,876825085,"[209569764, 1783313216]",300024.0,512,1500,32,False,False,NOT_ATTEMPTED,False,,,,,,,,,,,,,,,,,,,,,,,,,,,,,,,,,
c024,2,SERIOUS_DEVELOPMENT,CLEAN_J4_COMPOSITION,MIX4-IITT,6faf10c0ddc90d2a22347061b43ef32aa89e4e33b71a6e5f493926834130a869,4,c6317e640864c49e546181cc716f3d0d645d88152123b2a6fc95659f9f732903,controlled_development_v2,simulator_only_adaptive,1000,0.6,fixed,876825085,"[209569764, 1783313216]",,0,0,32,False,False,NOT_ATTEMPTED,False,,,,,,,,,,,,,,,,,,,,,,,,,,,,,,,,,
c024,2,SERIOUS_DEVELOPMENT,CLEAN_J4_COMPOSITION,MIX4-IITT,6faf10c0ddc90d2a22347061b43ef32aa89e4e33b71a6e5f493926834130a869,4,c6317e640864c49e546181cc716f3d0d645d88152123b2a6fc95659f9f732903,controlled_development_v2,argos_fixed_budget,1000,0.6,fixed,876825085,"[209569764, 1783313216]",300024.0,512,1500,32,False,False,NOT_ATTEMPTED,False,,,,,,,,,,,,,,,,,,,,,,,,,,,,,,,,,
c024,2,SERIOUS_DEVELOPMENT,CLEAN_J4_COMPOSITION,MIX4-IITT,6faf10c0ddc90d2a22347061b43ef32aa89e4e33b71a6e5f493926834130a869,4,c6317e640864c49e546181cc716f3d0d645d88152123b2a6fc95659f9f732903,controlled_development_v2,argos_early_stop,1000,0.6,fixed,876825085,"[209569764, 1783313216]",300024.0,512,1500,32,False,False,NOT_ATTEMPTED,False,,,,,,,,,,,,,,,,,,,,,,,,,,,,,,,,,
c025,2,SERIOUS_DEVELOPMENT,CLEAN_J4_COMPOSITION,MIX4-ITTT,55a0707912fd921d0f95932a2a202eae51e9922869448addb91a9b8b9c2d25cb,4,2fff737b3d4aa3a64cd08492dff547e547f97d35e505b7b35699214ddb3e499c,controlled_development_v2,v3_only,1000,0.6,fixed,632011217,"[1613741463, 802816372]",300025.0,512,1500,1,False,False,NOT_ATTEMPTED,False,,,,,,,,,,,,,,,,,,,,,,,,,,,,,,,,,
c025,2,SERIOUS_DEVELOPMENT,CLEAN_J4_COMPOSITION,MIX4-ITTT,55a0707912fd921d0f95932a2a202eae51e9922869448addb91a9b8b9c2d25cb,4,2fff737b3d4aa3a64cd08492dff547e547f97d35e505b7b35699214ddb3e499c,controlled_development_v2,v3_fixed_probing,1000,0.6,fixed,632011217,"[1613741463, 802816372]",300025.0,512,1500,32,False,False,NOT_ATTEMPTED,False,,,,,,,,,,,,,,,,,,,,,,,,,,,,,,,,,
c025,2,SERIOUS_DEVELOPMENT,CLEAN_J4_COMPOSITION,MIX4-ITTT,55a0707912fd921d0f95932a2a202eae51e9922869448addb91a9b8b9c2d25cb,4,2fff737b3d4aa3a64cd08492dff547e547f97d35e505b7b35699214ddb3e499c,controlled_development_v2,simulator_only_adaptive,1000,0.6,fixed,632011217,"[1613741463, 802816372]",,0,0,32,False,False,NOT_ATTEMPTED,False,,,,,,,,,,,,,,,,,,,,,,,,,,,,,,,,,
c025,2,SERIOUS_DEVELOPMENT,CLEAN_J4_COMPOSITION,MIX4-ITTT,55a0707912fd921d0f95932a2a202eae51e9922869448addb91a9b8b9c2d25cb,4,2fff737b3d4aa3a64cd08492dff547e547f97d35e505b7b35699214ddb3e499c,controlled_development_v2,argos_fixed_budget,1000,0.6,fixed,632011217,"[1613741463, 802816372]",300025.0,512,1500,32,False,False,NOT_ATTEMPTED,False,,,,,,,,,,,,,,,,,,,,,,,,,,,,,,,,,
c025,2,SERIOUS_DEVELOPMENT,CLEAN_J4_COMPOSITION,MIX4-ITTT,55a0707912fd921d0f95932a2a202eae51e9922869448addb91a9b8b9c2d25cb,4,2fff737b3d4aa3a64cd08492dff547e547f97d35e505b7b35699214ddb3e499c,controlled_development_v2,argos_early_stop,1000,0.6,fixed,632011217,"[1613741463, 802816372]",300025.0,512,1500,32,False,False,NOT_ATTEMPTED,False,,,,,,,,,,,,,,,,,,,,,,,,,,,,,,,,,
c026,2,SERIOUS_DEVELOPMENT,CLEAN_J4_COMPOSITION,MIX4-TTTI,92209abae04324b2309cbd24b50fcd1eaef78765ce14065c1a7682cb8740fb37,4,d640d2206f2e2e9348f7c683fe95052db05553832d4e6345a8a773b9e9a1bd7c,controlled_development_v2,v3_only,1000,0.6,fixed,2148775524,"[4182217137, 3412170685]",300026.0,512,1500,1,False,False,NOT_ATTEMPTED,False,,,,,,,,,,,,,,,,,,,,,,,,,,,,,,,,,
c026,2,SERIOUS_DEVELOPMENT,CLEAN_J4_COMPOSITION,MIX4-TTTI,92209abae04324b2309cbd24b50fcd1eaef78765ce14065c1a7682cb8740fb37,4,d640d2206f2e2e9348f7c683fe95052db05553832d4e6345a8a773b9e9a1bd7c,controlled_development_v2,v3_fixed_probing,1000,0.6,fixed,2148775524,"[4182217137, 3412170685]",300026.0,512,1500,32,False,False,NOT_ATTEMPTED,False,,,,,,,,,,,,,,,,,,,,,,,,,,,,,,,,,
c026,2,SERIOUS_DEVELOPMENT,CLEAN_J4_COMPOSITION,MIX4-TTTI,92209abae04324b2309cbd24b50fcd1eaef78765ce14065c1a7682cb8740fb37,4,d640d2206f2e2e9348f7c683fe95052db05553832d4e6345a8a773b9e9a1bd7c,controlled_development_v2,simulator_only_adaptive,1000,0.6,fixed,2148775524,"[4182217137, 3412170685]",,0,0,32,False,False,NOT_ATTEMPTED,False,,,,,,,,,,,,,,,,,,,,,,,,,,,,,,,,,
c026,2,SERIOUS_DEVELOPMENT,CLEAN_J4_COMPOSITION,MIX4-TTTI,92209abae04324b2309cbd24b50fcd1eaef78765ce14065c1a7682cb8740fb37,4,d640d2206f2e2e9348f7c683fe95052db05553832d4e6345a8a773b9e9a1bd7c,controlled_development_v2,argos_fixed_budget,1000,0.6,fixed,2148775524,"[4182217137, 3412170685]",300026.0,512,1500,32,False,False,NOT_ATTEMPTED,False,,,,,,,,,,,,,,,,,,,,,,,,,,,,,,,,,
c026,2,SERIOUS_DEVELOPMENT,CLEAN_J4_COMPOSITION,MIX4-TTTI,92209abae04324b2309cbd24b50fcd1eaef78765ce14065c1a7682cb8740fb37,4,d640d2206f2e2e9348f7c683fe95052db05553832d4e6345a8a773b9e9a1bd7c,controlled_development_v2,argos_early_stop,1000,0.6,fixed,2148775524,"[4182217137, 3412170685]",300026.0,512,1500,32,False,False,NOT_ATTEMPTED,False,,,,,,,,,,,,,,,,,,,,,,,,,,,,,,,,,
c027,2,SERIOUS_DEVELOPMENT,CLEAN_J4_COMPOSITION,MIX4-TIII,4ba8e68a9bcf9a7c3166d7cde94e2285face19d1e8e2ed86251df4ddc285e672,4,e3b8daa70d6e1a0e6707d2afa1f9b0201b04e6b16533a5a05440db3ee0e7ed47,controlled_development_v2,v3_only,1000,0.6,fixed,501971040,"[2654827094, 470119245]",300027.0,512,1500,1,False,False,NOT_ATTEMPTED,False,,,,,,,,,,,,,,,,,,,,,,,,,,,,,,,,,
c027,2,SERIOUS_DEVELOPMENT,CLEAN_J4_COMPOSITION,MIX4-TIII,4ba8e68a9bcf9a7c3166d7cde94e2285face19d1e8e2ed86251df4ddc285e672,4,e3b8daa70d6e1a0e6707d2afa1f9b0201b04e6b16533a5a05440db3ee0e7ed47,controlled_development_v2,v3_fixed_probing,1000,0.6,fixed,501971040,"[2654827094, 470119245]",300027.0,512,1500,32,False,False,NOT_ATTEMPTED,False,,,,,,,,,,,,,,,,,,,,,,,,,,,,,,,,,
c027,2,SERIOUS_DEVELOPMENT,CLEAN_J4_COMPOSITION,MIX4-TIII,4ba8e68a9bcf9a7c3166d7cde94e2285face19d1e8e2ed86251df4ddc285e672,4,e3b8daa70d6e1a0e6707d2afa1f9b0201b04e6b16533a5a05440db3ee0e7ed47,controlled_development_v2,simulator_only_adaptive,1000,0.6,fixed,501971040,"[2654827094, 470119245]",,0,0,32,False,False,NOT_ATTEMPTED,False,,,,,,,,,,,,,,,,,,,,,,,,,,,,,,,,,
c027,2,SERIOUS_DEVELOPMENT,CLEAN_J4_COMPOSITION,MIX4-TIII,4ba8e68a9bcf9a7c3166d7cde94e2285face19d1e8e2ed86251df4ddc285e672,4,e3b8daa70d6e1a0e6707d2afa1f9b0201b04e6b16533a5a05440db3ee0e7ed47,controlled_development_v2,argos_fixed_budget,1000,0.6,fixed,501971040,"[2654827094, 470119245]",300027.0,512,1500,32,False,False,NOT_ATTEMPTED,False,,,,,,,,,,,,,,,,,,,,,,,,,,,,,,,,,
c027,2,SERIOUS_DEVELOPMENT,CLEAN_J4_COMPOSITION,MIX4-TIII,4ba8e68a9bcf9a7c3166d7cde94e2285face19d1e8e2ed86251df4ddc285e672,4,e3b8daa70d6e1a0e6707d2afa1f9b0201b04e6b16533a5a05440db3ee0e7ed47,controlled_development_v2,argos_early_stop,1000,0.6,fixed,501971040,"[2654827094, 470119245]",300027.0,512,1500,32,False,False,NOT_ATTEMPTED,False,,,,,,,,,,,,,,,,,,,,,,,,,,,,,,,,,
c028,2,SERIOUS_DEVELOPMENT,CLEAN_J4_COMPOSITION,MIX4-IIIT,1d3d822d2d41811b04ef47c5e215c3227148008248da8f15e43a3a5b603c769e,4,932dc05484bf6d97e37e3bd0604e87f437e6867718a30dcfb3347c3c4e1d8ab7,controlled_development_v2,v3_only,1000,0.6,fixed,4155817787,"[3365121831, 705110846]",300028.0,512,1500,1,False,False,NOT_ATTEMPTED,False,,,,,,,,,,,,,,,,,,,,,,,,,,,,,,,,,
c028,2,SERIOUS_DEVELOPMENT,CLEAN_J4_COMPOSITION,MIX4-IIIT,1d3d822d2d41811b04ef47c5e215c3227148008248da8f15e43a3a5b603c769e,4,932dc05484bf6d97e37e3bd0604e87f437e6867718a30dcfb3347c3c4e1d8ab7,controlled_development_v2,v3_fixed_probing,1000,0.6,fixed,4155817787,"[3365121831, 705110846]",300028.0,512,1500,32,False,False,NOT_ATTEMPTED,False,,,,,,,,,,,,,,,,,,,,,,,,,,,,,,,,,
c028,2,SERIOUS_DEVELOPMENT,CLEAN_J4_COMPOSITION,MIX4-IIIT,1d3d822d2d41811b04ef47c5e215c3227148008248da8f15e43a3a5b603c769e,4,932dc05484bf6d97e37e3bd0604e87f437e6867718a30dcfb3347c3c4e1d8ab7,controlled_development_v2,simulator_only_adaptive,1000,0.6,fixed,4155817787,"[3365121831, 705110846]",,0,0,32,False,False,NOT_ATTEMPTED,False,,,,,,,,,,,,,,,,,,,,,,,,,,,,,,,,,
c028,2,SERIOUS_DEVELOPMENT,CLEAN_J4_COMPOSITION,MIX4-IIIT,1d3d822d2d41811b04ef47c5e215c3227148008248da8f15e43a3a5b603c769e,4,932dc05484bf6d97e37e3bd0604e87f437e6867718a30dcfb3347c3c4e1d8ab7,controlled_development_v2,argos_fixed_budget,1000,0.6,fixed,4155817787,"[3365121831, 705110846]",300028.0,512,1500,32,False,False,NOT_ATTEMPTED,False,,,,,,,,,,,,,,,,,,,,,,,,,,,,,,,,,
c028,2,SERIOUS_DEVELOPMENT,CLEAN_J4_COMPOSITION,MIX4-IIIT,1d3d822d2d41811b04ef47c5e215c3227148008248da8f15e43a3a5b603c769e,4,932dc05484bf6d97e37e3bd0604e87f437e6867718a30dcfb3347c3c4e1d8ab7,controlled_development_v2,argos_early_stop,1000,0.6,fixed,4155817787,"[3365121831, 705110846]",300028.0,512,1500,32,False,False,NOT_ATTEMPTED,False,,,,,,,,,,,,,,,,,,,,,,,,,,,,,,,,,
c029,3,SERIOUS_DEVELOPMENT,HISTORICAL_V4_COMPOSITION_PLUS_QOS_STRESS,V4-H4-RG,7339ec028b3fb56beb69c56913c3e0d5c487339e9c98b1c2b3378a3ecad0d1ab,4,3e5d782d1393b8a7a0ab2098f4dbe280f68d938f63bab38fc6db7c1dd39a4ed0,controlled_development_v2,v3_only,1000,0.6,fixed,2369569373,"[2615429312, 754216502]",300029.0,512,1500,1,False,False,NOT_ATTEMPTED,False,,,,,,,,,,,,,,,,,,,,,,,,,,,,,,,,,
c029,3,SERIOUS_DEVELOPMENT,HISTORICAL_V4_COMPOSITION_PLUS_QOS_STRESS,V4-H4-RG,7339ec028b3fb56beb69c56913c3e0d5c487339e9c98b1c2b3378a3ecad0d1ab,4,3e5d782d1393b8a7a0ab2098f4dbe280f68d938f63bab38fc6db7c1dd39a4ed0,controlled_development_v2,v3_fixed_probing,1000,0.6,fixed,2369569373,"[2615429312, 754216502]",300029.0,512,1500,32,False,False,NOT_ATTEMPTED,False,,,,,,,,,,,,,,,,,,,,,,,,,,,,,,,,,
c029,3,SERIOUS_DEVELOPMENT,HISTORICAL_V4_COMPOSITION_PLUS_QOS_STRESS,V4-H4-RG,7339ec028b3fb56beb69c56913c3e0d5c487339e9c98b1c2b3378a3ecad0d1ab,4,3e5d782d1393b8a7a0ab2098f4dbe280f68d938f63bab38fc6db7c1dd39a4ed0,controlled_development_v2,simulator_only_adaptive,1000,0.6,fixed,2369569373,"[2615429312, 754216502]",,0,0,32,False,False,NOT_ATTEMPTED,False,,,,,,,,,,,,,,,,,,,,,,,,,,,,,,,,,
c029,3,SERIOUS_DEVELOPMENT,HISTORICAL_V4_COMPOSITION_PLUS_QOS_STRESS,V4-H4-RG,7339ec028b3fb56beb69c56913c3e0d5c487339e9c98b1c2b3378a3ecad0d1ab,4,3e5d782d1393b8a7a0ab2098f4dbe280f68d938f63bab38fc6db7c1dd39a4ed0,controlled_development_v2,argos_fixed_budget,1000,0.6,fixed,2369569373,"[2615429312, 754216502]",300029.0,512,1500,32,False,False,NOT_ATTEMPTED,False,,,,,,,,,,,,,,,,,,,,,,,,,,,,,,,,,
c029,3,SERIOUS_DEVELOPMENT,HISTORICAL_V4_COMPOSITION_PLUS_QOS_STRESS,V4-H4-RG,7339ec028b3fb56beb69c56913c3e0d5c487339e9c98b1c2b3378a3ecad0d1ab,4,3e5d782d1393b8a7a0ab2098f4dbe280f68d938f63bab38fc6db7c1dd39a4ed0,controlled_development_v2,argos_early_stop,1000,0.6,fixed,2369569373,"[2615429312, 754216502]",300029.0,512,1500,32,False,False,NOT_ATTEMPTED,False,,,,,,,,,,,,,,,,,,,,,,,,,,,,,,,,,
c030,3,SERIOUS_DEVELOPMENT,HISTORICAL_V4_COMPOSITION_PLUS_QOS_STRESS,V4-H4-GL,6f7278c9b0aec40a8e0c82023d661ff51730bb09a64026780e1a36a84949b0be,4,501938d96b334961aea87ffbf633f464583003721c5455bf5e6e1c81eb871e31,controlled_development_v2,v3_only,1000,0.6,fixed,3799379094,"[3789720046, 3033344706]",300030.0,512,1500,1,False,False,NOT_ATTEMPTED,False,,,,,,,,,,,,,,,,,,,,,,,,,,,,,,,,,
c030,3,SERIOUS_DEVELOPMENT,HISTORICAL_V4_COMPOSITION_PLUS_QOS_STRESS,V4-H4-GL,6f7278c9b0aec40a8e0c82023d661ff51730bb09a64026780e1a36a84949b0be,4,501938d96b334961aea87ffbf633f464583003721c5455bf5e6e1c81eb871e31,controlled_development_v2,v3_fixed_probing,1000,0.6,fixed,3799379094,"[3789720046, 3033344706]",300030.0,512,1500,32,False,False,NOT_ATTEMPTED,False,,,,,,,,,,,,,,,,,,,,,,,,,,,,,,,,,
c030,3,SERIOUS_DEVELOPMENT,HISTORICAL_V4_COMPOSITION_PLUS_QOS_STRESS,V4-H4-GL,6f7278c9b0aec40a8e0c82023d661ff51730bb09a64026780e1a36a84949b0be,4,501938d96b334961aea87ffbf633f464583003721c5455bf5e6e1c81eb871e31,controlled_development_v2,simulator_only_adaptive,1000,0.6,fixed,3799379094,"[3789720046, 3033344706]",,0,0,32,False,False,NOT_ATTEMPTED,False,,,,,,,,,,,,,,,,,,,,,,,,,,,,,,,,,
c030,3,SERIOUS_DEVELOPMENT,HISTORICAL_V4_COMPOSITION_PLUS_QOS_STRESS,V4-H4-GL,6f7278c9b0aec40a8e0c82023d661ff51730bb09a64026780e1a36a84949b0be,4,501938d96b334961aea87ffbf633f464583003721c5455bf5e6e1c81eb871e31,controlled_development_v2,argos_fixed_budget,1000,0.6,fixed,3799379094,"[3789720046, 3033344706]",300030.0,512,1500,32,False,False,NOT_ATTEMPTED,False,,,,,,,,,,,,,,,,,,,,,,,,,,,,,,,,,
c030,3,SERIOUS_DEVELOPMENT,HISTORICAL_V4_COMPOSITION_PLUS_QOS_STRESS,V4-H4-GL,6f7278c9b0aec40a8e0c82023d661ff51730bb09a64026780e1a36a84949b0be,4,501938d96b334961aea87ffbf633f464583003721c5455bf5e6e1c81eb871e31,controlled_development_v2,argos_early_stop,1000,0.6,fixed,3799379094,"[3789720046, 3033344706]",300030.0,512,1500,32,False,False,NOT_ATTEMPTED,False,,,,,,,,,,,,,,,,,,,,,,,,,,,,,,,,,
c031,3,SERIOUS_DEVELOPMENT,HISTORICAL_V4_COMPOSITION_PLUS_QOS_STRESS,V4-H4-LB,f088686694a35a19e0e1157b39a537171301fd4c78e82fba92c5fb2ef647344f,4,323f72b0fcdcd1660c11685e2e200be92de1859222fb04f8a293b22a8b72b00e,controlled_development_v2,v3_only,1000,0.6,fixed,4142292982,"[3451658857, 1147558023]",300031.0,512,1500,1,False,False,NOT_ATTEMPTED,False,,,,,,,,,,,,,,,,,,,,,,,,,,,,,,,,,
c031,3,SERIOUS_DEVELOPMENT,HISTORICAL_V4_COMPOSITION_PLUS_QOS_STRESS,V4-H4-LB,f088686694a35a19e0e1157b39a537171301fd4c78e82fba92c5fb2ef647344f,4,323f72b0fcdcd1660c11685e2e200be92de1859222fb04f8a293b22a8b72b00e,controlled_development_v2,v3_fixed_probing,1000,0.6,fixed,4142292982,"[3451658857, 1147558023]",300031.0,512,1500,32,False,False,NOT_ATTEMPTED,False,,,,,,,,,,,,,,,,,,,,,,,,,,,,,,,,,
c031,3,SERIOUS_DEVELOPMENT,HISTORICAL_V4_COMPOSITION_PLUS_QOS_STRESS,V4-H4-LB,f088686694a35a19e0e1157b39a537171301fd4c78e82fba92c5fb2ef647344f,4,323f72b0fcdcd1660c11685e2e200be92de1859222fb04f8a293b22a8b72b00e,controlled_development_v2,simulator_only_adaptive,1000,0.6,fixed,4142292982,"[3451658857, 1147558023]",,0,0,32,False,False,NOT_ATTEMPTED,False,,,,,,,,,,,,,,,,,,,,,,,,,,,,,,,,,
c031,3,SERIOUS_DEVELOPMENT,HISTORICAL_V4_COMPOSITION_PLUS_QOS_STRESS,V4-H4-LB,f088686694a35a19e0e1157b39a537171301fd4c78e82fba92c5fb2ef647344f,4,323f72b0fcdcd1660c11685e2e200be92de1859222fb04f8a293b22a8b72b00e,controlled_development_v2,argos_fixed_budget,1000,0.6,fixed,4142292982,"[3451658857, 1147558023]",300031.0,512,1500,32,False,False,NOT_ATTEMPTED,False,,,,,,,,,,,,,,,,,,,,,,,,,,,,,,,,,
c031,3,SERIOUS_DEVELOPMENT,HISTORICAL_V4_COMPOSITION_PLUS_QOS_STRESS,V4-H4-LB,f088686694a35a19e0e1157b39a537171301fd4c78e82fba92c5fb2ef647344f,4,323f72b0fcdcd1660c11685e2e200be92de1859222fb04f8a293b22a8b72b00e,controlled_development_v2,argos_early_stop,1000,0.6,fixed,4142292982,"[3451658857, 1147558023]",300031.0,512,1500,32,False,False,NOT_ATTEMPTED,False,,,,,,,,,,,,,,,,,,,,,,,,,,,,,,,,,
c032,3,SERIOUS_DEVELOPMENT,HISTORICAL_V4_COMPOSITION_PLUS_QOS_STRESS,V4-H4-BR,47a514ea9accab135d9986bf3ea2ea115eda1c5f25a5f8962470af788cb37d69,4,fea34703a92c397e31c4a4c926e8f850ac514e4f685a677110e4d78ba049705d,controlled_development_v2,v3_only,1000,0.6,fixed,38340884,"[1883892285, 1023389345]",300032.0,512,1500,1,False,False,NOT_ATTEMPTED,False,,,,,,,,,,,,,,,,,,,,,,,,,,,,,,,,,
c032,3,SERIOUS_DEVELOPMENT,HISTORICAL_V4_COMPOSITION_PLUS_QOS_STRESS,V4-H4-BR,47a514ea9accab135d9986bf3ea2ea115eda1c5f25a5f8962470af788cb37d69,4,fea34703a92c397e31c4a4c926e8f850ac514e4f685a677110e4d78ba049705d,controlled_development_v2,v3_fixed_probing,1000,0.6,fixed,38340884,"[1883892285, 1023389345]",300032.0,512,1500,32,False,False,NOT_ATTEMPTED,False,,,,,,,,,,,,,,,,,,,,,,,,,,,,,,,,,
c032,3,SERIOUS_DEVELOPMENT,HISTORICAL_V4_COMPOSITION_PLUS_QOS_STRESS,V4-H4-BR,47a514ea9accab135d9986bf3ea2ea115eda1c5f25a5f8962470af788cb37d69,4,fea34703a92c397e31c4a4c926e8f850ac514e4f685a677110e4d78ba049705d,controlled_development_v2,simulator_only_adaptive,1000,0.6,fixed,38340884,"[1883892285, 1023389345]",,0,0,32,False,False,NOT_ATTEMPTED,False,,,,,,,,,,,,,,,,,,,,,,,,,,,,,,,,,
c032,3,SERIOUS_DEVELOPMENT,HISTORICAL_V4_COMPOSITION_PLUS_QOS_STRESS,V4-H4-BR,47a514ea9accab135d9986bf3ea2ea115eda1c5f25a5f8962470af788cb37d69,4,fea34703a92c397e31c4a4c926e8f850ac514e4f685a677110e4d78ba049705d,controlled_development_v2,argos_fixed_budget,1000,0.6,fixed,38340884,"[1883892285, 1023389345]",300032.0,512,1500,32,False,False,NOT_ATTEMPTED,False,,,,,,,,,,,,,,,,,,,,,,,,,,,,,,,,,
c032,3,SERIOUS_DEVELOPMENT,HISTORICAL_V4_COMPOSITION_PLUS_QOS_STRESS,V4-H4-BR,47a514ea9accab135d9986bf3ea2ea115eda1c5f25a5f8962470af788cb37d69,4,fea34703a92c397e31c4a4c926e8f850ac514e4f685a677110e4d78ba049705d,controlled_development_v2,argos_early_stop,1000,0.6,fixed,38340884,"[1883892285, 1023389345]",300032.0,512,1500,32,False,False,NOT_ATTEMPTED,False,,,,,,,,,,,,,,,,,,,,,,,,,,,,,,,,,
c033,3,SERIOUS_DEVELOPMENT,HISTORICAL_V4_COMPOSITION_PLUS_QOS_STRESS,V4-J5-GPT2,e80dc85f9f262fea89145439dd99a48ed30e70751324feb6d30732f1ba279aaa,5,6f5925efe0b4d81bd5860cbaddcc5896b4774a9452c859de20506086441dced6,controlled_development_v2,v3_only,1000,0.6,relative_to_equal,1273068838,"[70756101, 2341774069]",300033.0,512,1500,1,False,False,NOT_ATTEMPTED,False,,,,,,,,,,,,,,,,,,,,,,,,,,,,,,,,,
c033,3,SERIOUS_DEVELOPMENT,HISTORICAL_V4_COMPOSITION_PLUS_QOS_STRESS,V4-J5-GPT2,e80dc85f9f262fea89145439dd99a48ed30e70751324feb6d30732f1ba279aaa,5,6f5925efe0b4d81bd5860cbaddcc5896b4774a9452c859de20506086441dced6,controlled_development_v2,v3_fixed_probing,1000,0.6,relative_to_equal,1273068838,"[70756101, 2341774069]",300033.0,512,1500,32,False,False,NOT_ATTEMPTED,False,,,,,,,,,,,,,,,,,,,,,,,,,,,,,,,,,
c033,3,SERIOUS_DEVELOPMENT,HISTORICAL_V4_COMPOSITION_PLUS_QOS_STRESS,V4-J5-GPT2,e80dc85f9f262fea89145439dd99a48ed30e70751324feb6d30732f1ba279aaa,5,6f5925efe0b4d81bd5860cbaddcc5896b4774a9452c859de20506086441dced6,controlled_development_v2,simulator_only_adaptive,1000,0.6,relative_to_equal,1273068838,"[70756101, 2341774069]",,0,0,32,False,False,NOT_ATTEMPTED,False,,,,,,,,,,,,,,,,,,,,,,,,,,,,,,,,,
c033,3,SERIOUS_DEVELOPMENT,HISTORICAL_V4_COMPOSITION_PLUS_QOS_STRESS,V4-J5-GPT2,e80dc85f9f262fea89145439dd99a48ed30e70751324feb6d30732f1ba279aaa,5,6f5925efe0b4d81bd5860cbaddcc5896b4774a9452c859de20506086441dced6,controlled_development_v2,argos_fixed_budget,1000,0.6,relative_to_equal,1273068838,"[70756101, 2341774069]",300033.0,512,1500,32,False,False,NOT_ATTEMPTED,False,,,,,,,,,,,,,,,,,,,,,,,,,,,,,,,,,
c033,3,SERIOUS_DEVELOPMENT,HISTORICAL_V4_COMPOSITION_PLUS_QOS_STRESS,V4-J5-GPT2,e80dc85f9f262fea89145439dd99a48ed30e70751324feb6d30732f1ba279aaa,5,6f5925efe0b4d81bd5860cbaddcc5896b4774a9452c859de20506086441dced6,controlled_development_v2,argos_early_stop,1000,0.6,relative_to_equal,1273068838,"[70756101, 2341774069]",300033.0,512,1500,32,False,False,NOT_ATTEMPTED,False,,,,,,,,,,,,,,,,,,,,,,,,,,,,,,,,,
c034,3,SERIOUS_DEVELOPMENT,HISTORICAL_V4_COMPOSITION_PLUS_QOS_STRESS,V4-J5-Bloom,120819b7d4fe1381094a931fb3c72f00f3da4e324dd7c281d5aa08794734a211,5,e98678f0b0de45316fd095bfd447406327df9d859e2576c5d4b815716ab7df64,controlled_development_v2,v3_only,1000,0.6,relative_to_equal,3988167748,"[3890955337, 3692162274]",300034.0,512,1500,1,False,False,NOT_ATTEMPTED,False,,,,,,,,,,,,,,,,,,,,,,,,,,,,,,,,,
c034,3,SERIOUS_DEVELOPMENT,HISTORICAL_V4_COMPOSITION_PLUS_QOS_STRESS,V4-J5-Bloom,120819b7d4fe1381094a931fb3c72f00f3da4e324dd7c281d5aa08794734a211,5,e98678f0b0de45316fd095bfd447406327df9d859e2576c5d4b815716ab7df64,controlled_development_v2,v3_fixed_probing,1000,0.6,relative_to_equal,3988167748,"[3890955337, 3692162274]",300034.0,512,1500,32,False,False,NOT_ATTEMPTED,False,,,,,,,,,,,,,,,,,,,,,,,,,,,,,,,,,
c034,3,SERIOUS_DEVELOPMENT,HISTORICAL_V4_COMPOSITION_PLUS_QOS_STRESS,V4-J5-Bloom,120819b7d4fe1381094a931fb3c72f00f3da4e324dd7c281d5aa08794734a211,5,e98678f0b0de45316fd095bfd447406327df9d859e2576c5d4b815716ab7df64,controlled_development_v2,simulator_only_adaptive,1000,0.6,relative_to_equal,3988167748,"[3890955337, 3692162274]",,0,0,32,False,False,NOT_ATTEMPTED,False,,,,,,,,,,,,,,,,,,,,,,,,,,,,,,,,,
c034,3,SERIOUS_DEVELOPMENT,HISTORICAL_V4_COMPOSITION_PLUS_QOS_STRESS,V4-J5-Bloom,120819b7d4fe1381094a931fb3c72f00f3da4e324dd7c281d5aa08794734a211,5,e98678f0b0de45316fd095bfd447406327df9d859e2576c5d4b815716ab7df64,controlled_development_v2,argos_fixed_budget,1000,0.6,relative_to_equal,3988167748,"[3890955337, 3692162274]",300034.0,512,1500,32,False,False,NOT_ATTEMPTED,False,,,,,,,,,,,,,,,,,,,,,,,,,,,,,,,,,
c034,3,SERIOUS_DEVELOPMENT,HISTORICAL_V4_COMPOSITION_PLUS_QOS_STRESS,V4-J5-Bloom,120819b7d4fe1381094a931fb3c72f00f3da4e324dd7c281d5aa08794734a211,5,e98678f0b0de45316fd095bfd447406327df9d859e2576c5d4b815716ab7df64,controlled_development_v2,argos_early_stop,1000,0.6,relative_to_equal,3988167748,"[3890955337, 3692162274]",300034.0,512,1500,32,False,False,NOT_ATTEMPTED,False,,,,,,,,,,,,,,,,,,,,,,,,,,,,,,,,,
c035,3,SERIOUS_DEVELOPMENT,HISTORICAL_V4_COMPOSITION_PLUS_QOS_STRESS,V4-J6-RGL,8ad0d8d50222a1630ffc2eac7c203b7f7d3297b72721b6108cd18f192c51427d,6,a1594b40c44f621c90ba063be17375287691f4475375957e8644e49010fc6ed6,controlled_development_v2,v3_only,1000,0.6,relative_to_equal,1830154466,"[3246703360, 1638558475]",300035.0,512,1500,1,False,False,NOT_ATTEMPTED,False,,,,,,,,,,,,,,,,,,,,,,,,,,,,,,,,,
c035,3,SERIOUS_DEVELOPMENT,HISTORICAL_V4_COMPOSITION_PLUS_QOS_STRESS,V4-J6-RGL,8ad0d8d50222a1630ffc2eac7c203b7f7d3297b72721b6108cd18f192c51427d,6,a1594b40c44f621c90ba063be17375287691f4475375957e8644e49010fc6ed6,controlled_development_v2,v3_fixed_probing,1000,0.6,relative_to_equal,1830154466,"[3246703360, 1638558475]",300035.0,512,1500,32,False,False,NOT_ATTEMPTED,False,,,,,,,,,,,,,,,,,,,,,,,,,,,,,,,,,
c035,3,SERIOUS_DEVELOPMENT,HISTORICAL_V4_COMPOSITION_PLUS_QOS_STRESS,V4-J6-RGL,8ad0d8d50222a1630ffc2eac7c203b7f7d3297b72721b6108cd18f192c51427d,6,a1594b40c44f621c90ba063be17375287691f4475375957e8644e49010fc6ed6,controlled_development_v2,simulator_only_adaptive,1000,0.6,relative_to_equal,1830154466,"[3246703360, 1638558475]",,0,0,32,False,False,NOT_ATTEMPTED,False,,,,,,,,,,,,,,,,,,,,,,,,,,,,,,,,,
c035,3,SERIOUS_DEVELOPMENT,HISTORICAL_V4_COMPOSITION_PLUS_QOS_STRESS,V4-J6-RGL,8ad0d8d50222a1630ffc2eac7c203b7f7d3297b72721b6108cd18f192c51427d,6,a1594b40c44f621c90ba063be17375287691f4475375957e8644e49010fc6ed6,controlled_development_v2,argos_fixed_budget,1000,0.6,relative_to_equal,1830154466,"[3246703360, 1638558475]",300035.0,512,1500,32,False,False,NOT_ATTEMPTED,False,,,,,,,,,,,,,,,,,,,,,,,,,,,,,,,,,
c035,3,SERIOUS_DEVELOPMENT,HISTORICAL_V4_COMPOSITION_PLUS_QOS_STRESS,V4-J6-RGL,8ad0d8d50222a1630ffc2eac7c203b7f7d3297b72721b6108cd18f192c51427d,6,a1594b40c44f621c90ba063be17375287691f4475375957e8644e49010fc6ed6,controlled_development_v2,argos_early_stop,1000,0.6,relative_to_equal,1830154466,"[3246703360, 1638558475]",300035.0,512,1500,32,False,False,NOT_ATTEMPTED,False,,,,,,,,,,,,,,,,,,,,,,,,,,,,,,,,,
c036,3,SERIOUS_DEVELOPMENT,HISTORICAL_V4_COMPOSITION_PLUS_QOS_STRESS,V4-J8-ALL,21d20967088bdc45e31dacb5b983777a7907d67d0a9d33a5047febf894d14b01,8,f7dd6855efb8a2a3d7637fa975cbdcfa04207fb80cd05d3a410019d4ce22f812,controlled_development_v2,v3_only,1000,0.6,relative_to_equal,3983614586,"[2225871745, 2930994372]",300036.0,512,1500,1,False,False,NOT_ATTEMPTED,False,,,,,,,,,,,,,,,,,,,,,,,,,,,,,,,,,
c036,3,SERIOUS_DEVELOPMENT,HISTORICAL_V4_COMPOSITION_PLUS_QOS_STRESS,V4-J8-ALL,21d20967088bdc45e31dacb5b983777a7907d67d0a9d33a5047febf894d14b01,8,f7dd6855efb8a2a3d7637fa975cbdcfa04207fb80cd05d3a410019d4ce22f812,controlled_development_v2,v3_fixed_probing,1000,0.6,relative_to_equal,3983614586,"[2225871745, 2930994372]",300036.0,512,1500,32,False,False,NOT_ATTEMPTED,False,,,,,,,,,,,,,,,,,,,,,,,,,,,,,,,,,
c036,3,SERIOUS_DEVELOPMENT,HISTORICAL_V4_COMPOSITION_PLUS_QOS_STRESS,V4-J8-ALL,21d20967088bdc45e31dacb5b983777a7907d67d0a9d33a5047febf894d14b01,8,f7dd6855efb8a2a3d7637fa975cbdcfa04207fb80cd05d3a410019d4ce22f812,controlled_development_v2,simulator_only_adaptive,1000,0.6,relative_to_equal,3983614586,"[2225871745, 2930994372]",,0,0,32,False,False,NOT_ATTEMPTED,False,,,,,,,,,,,,,,,,,,,,,,,,,,,,,,,,,
c036,3,SERIOUS_DEVELOPMENT,HISTORICAL_V4_COMPOSITION_PLUS_QOS_STRESS,V4-J8-ALL,21d20967088bdc45e31dacb5b983777a7907d67d0a9d33a5047febf894d14b01,8,f7dd6855efb8a2a3d7637fa975cbdcfa04207fb80cd05d3a410019d4ce22f812,controlled_development_v2,argos_fixed_budget,1000,0.6,relative_to_equal,3983614586,"[2225871745, 2930994372]",300036.0,512,1500,32,False,False,NOT_ATTEMPTED,False,,,,,,,,,,,,,,,,,,,,,,,,,,,,,,,,,
c036,3,SERIOUS_DEVELOPMENT,HISTORICAL_V4_COMPOSITION_PLUS_QOS_STRESS,V4-J8-ALL,21d20967088bdc45e31dacb5b983777a7907d67d0a9d33a5047febf894d14b01,8,f7dd6855efb8a2a3d7637fa975cbdcfa04207fb80cd05d3a410019d4ce22f812,controlled_development_v2,argos_early_stop,1000,0.6,relative_to_equal,3983614586,"[2225871745, 2930994372]",300036.0,512,1500,32,False,False,NOT_ATTEMPTED,False,,,,,,,,,,,,,,,,,,,,,,,,,,,,,,,,,
c037,4,SERIOUS_DEVELOPMENT,CLEAN_STRUCTURAL_J3,J3-TRAIN,624c9473d756fa34d13c49c93377366ad9d05f886d1878b840ffe08fcb8ac7bc,3,3b2cd263c381fd3a007430d1b11010a72b359cc95c7130c0d88898e541add800,controlled_development_v2,v3_only,1000,0.6,relative_to_equal,2676314693,"[1150682213, 568494695]",300037.0,512,1500,1,False,False,NOT_ATTEMPTED,False,,,,,,,,,,,,,,,,,,,,,,,,,,,,,,,,,
c037,4,SERIOUS_DEVELOPMENT,CLEAN_STRUCTURAL_J3,J3-TRAIN,624c9473d756fa34d13c49c93377366ad9d05f886d1878b840ffe08fcb8ac7bc,3,3b2cd263c381fd3a007430d1b11010a72b359cc95c7130c0d88898e541add800,controlled_development_v2,v3_fixed_probing,1000,0.6,relative_to_equal,2676314693,"[1150682213, 568494695]",300037.0,512,1500,32,False,False,NOT_ATTEMPTED,False,,,,,,,,,,,,,,,,,,,,,,,,,,,,,,,,,
c037,4,SERIOUS_DEVELOPMENT,CLEAN_STRUCTURAL_J3,J3-TRAIN,624c9473d756fa34d13c49c93377366ad9d05f886d1878b840ffe08fcb8ac7bc,3,3b2cd263c381fd3a007430d1b11010a72b359cc95c7130c0d88898e541add800,controlled_development_v2,simulator_only_adaptive,1000,0.6,relative_to_equal,2676314693,"[1150682213, 568494695]",,0,0,32,False,False,NOT_ATTEMPTED,False,,,,,,,,,,,,,,,,,,,,,,,,,,,,,,,,,
c037,4,SERIOUS_DEVELOPMENT,CLEAN_STRUCTURAL_J3,J3-TRAIN,624c9473d756fa34d13c49c93377366ad9d05f886d1878b840ffe08fcb8ac7bc,3,3b2cd263c381fd3a007430d1b11010a72b359cc95c7130c0d88898e541add800,controlled_development_v2,argos_fixed_budget,1000,0.6,relative_to_equal,2676314693,"[1150682213, 568494695]",300037.0,512,1500,32,False,False,NOT_ATTEMPTED,False,,,,,,,,,,,,,,,,,,,,,,,,,,,,,,,,,
c037,4,SERIOUS_DEVELOPMENT,CLEAN_STRUCTURAL_J3,J3-TRAIN,624c9473d756fa34d13c49c93377366ad9d05f886d1878b840ffe08fcb8ac7bc,3,3b2cd263c381fd3a007430d1b11010a72b359cc95c7130c0d88898e541add800,controlled_development_v2,argos_early_stop,1000,0.6,relative_to_equal,2676314693,"[1150682213, 568494695]",300037.0,512,1500,32,False,False,NOT_ATTEMPTED,False,,,,,,,,,,,,,,,,,,,,,,,,,,,,,,,,,
c038,4,SERIOUS_DEVELOPMENT,CLEAN_STRUCTURAL_J3,J3-INFER,428549bb1730aa50b9f5d16d9c8e0520892d9a0654d092ba06325e810dd33668,3,2cc3b5cc56f2f3760e7210fe94594bd44f74da5e6bb89d97cc91676a7a37cbd7,controlled_development_v2,v3_only,1000,0.6,relative_to_equal,3199385791,"[2608155209, 1617414135]",300038.0,512,1500,1,False,False,NOT_ATTEMPTED,False,,,,,,,,,,,,,,,,,,,,,,,,,,,,,,,,,
c038,4,SERIOUS_DEVELOPMENT,CLEAN_STRUCTURAL_J3,J3-INFER,428549bb1730aa50b9f5d16d9c8e0520892d9a0654d092ba06325e810dd33668,3,2cc3b5cc56f2f3760e7210fe94594bd44f74da5e6bb89d97cc91676a7a37cbd7,controlled_development_v2,v3_fixed_probing,1000,0.6,relative_to_equal,3199385791,"[2608155209, 1617414135]",300038.0,512,1500,32,False,False,NOT_ATTEMPTED,False,,,,,,,,,,,,,,,,,,,,,,,,,,,,,,,,,
c038,4,SERIOUS_DEVELOPMENT,CLEAN_STRUCTURAL_J3,J3-INFER,428549bb1730aa50b9f5d16d9c8e0520892d9a0654d092ba06325e810dd33668,3,2cc3b5cc56f2f3760e7210fe94594bd44f74da5e6bb89d97cc91676a7a37cbd7,controlled_development_v2,simulator_only_adaptive,1000,0.6,relative_to_equal,3199385791,"[2608155209, 1617414135]",,0,0,32,False,False,NOT_ATTEMPTED,False,,,,,,,,,,,,,,,,,,,,,,,,,,,,,,,,,
c038,4,SERIOUS_DEVELOPMENT,CLEAN_STRUCTURAL_J3,J3-INFER,428549bb1730aa50b9f5d16d9c8e0520892d9a0654d092ba06325e810dd33668,3,2cc3b5cc56f2f3760e7210fe94594bd44f74da5e6bb89d97cc91676a7a37cbd7,controlled_development_v2,argos_fixed_budget,1000,0.6,relative_to_equal,3199385791,"[2608155209, 1617414135]",300038.0,512,1500,32,False,False,NOT_ATTEMPTED,False,,,,,,,,,,,,,,,,,,,,,,,,,,,,,,,,,
c038,4,SERIOUS_DEVELOPMENT,CLEAN_STRUCTURAL_J3,J3-INFER,428549bb1730aa50b9f5d16d9c8e0520892d9a0654d092ba06325e810dd33668,3,2cc3b5cc56f2f3760e7210fe94594bd44f74da5e6bb89d97cc91676a7a37cbd7,controlled_development_v2,argos_early_stop,1000,0.6,relative_to_equal,3199385791,"[2608155209, 1617414135]",300038.0,512,1500,32,False,False,NOT_ATTEMPTED,False,,,,,,,,,,,,,,,,,,,,,,,,,,,,,,,,,
c039,4,SERIOUS_DEVELOPMENT,CLEAN_STRUCTURAL_J5,J5-TRAIN4-GPT2I,0899530d7c2b4e38a36108182e4f2a28c9cc7bcdcbb06f37f131c6e9930c2775,5,1e512103120c5909e9e97ce2cbf516bb8eb073b4063ee709704871a5a782f011,controlled_development_v2,v3_only,1000,0.6,relative_to_equal,2320891691,"[1045689996, 3321420789]",300039.0,512,1500,1,False,False,NOT_ATTEMPTED,False,,,,,,,,,,,,,,,,,,,,,,,,,,,,,,,,,
c039,4,SERIOUS_DEVELOPMENT,CLEAN_STRUCTURAL_J5,J5-TRAIN4-GPT2I,0899530d7c2b4e38a36108182e4f2a28c9cc7bcdcbb06f37f131c6e9930c2775,5,1e512103120c5909e9e97ce2cbf516bb8eb073b4063ee709704871a5a782f011,controlled_development_v2,v3_fixed_probing,1000,0.6,relative_to_equal,2320891691,"[1045689996, 3321420789]",300039.0,512,1500,32,False,False,NOT_ATTEMPTED,False,,,,,,,,,,,,,,,,,,,,,,,,,,,,,,,,,
c039,4,SERIOUS_DEVELOPMENT,CLEAN_STRUCTURAL_J5,J5-TRAIN4-GPT2I,0899530d7c2b4e38a36108182e4f2a28c9cc7bcdcbb06f37f131c6e9930c2775,5,1e512103120c5909e9e97ce2cbf516bb8eb073b4063ee709704871a5a782f011,controlled_development_v2,simulator_only_adaptive,1000,0.6,relative_to_equal,2320891691,"[1045689996, 3321420789]",,0,0,32,False,False,NOT_ATTEMPTED,False,,,,,,,,,,,,,,,,,,,,,,,,,,,,,,,,,
c039,4,SERIOUS_DEVELOPMENT,CLEAN_STRUCTURAL_J5,J5-TRAIN4-GPT2I,0899530d7c2b4e38a36108182e4f2a28c9cc7bcdcbb06f37f131c6e9930c2775,5,1e512103120c5909e9e97ce2cbf516bb8eb073b4063ee709704871a5a782f011,controlled_development_v2,argos_fixed_budget,1000,0.6,relative_to_equal,2320891691,"[1045689996, 3321420789]",300039.0,512,1500,32,False,False,NOT_ATTEMPTED,False,,,,,,,,,,,,,,,,,,,,,,,,,,,,,,,,,
c039,4,SERIOUS_DEVELOPMENT,CLEAN_STRUCTURAL_J5,J5-TRAIN4-GPT2I,0899530d7c2b4e38a36108182e4f2a28c9cc7bcdcbb06f37f131c6e9930c2775,5,1e512103120c5909e9e97ce2cbf516bb8eb073b4063ee709704871a5a782f011,controlled_development_v2,argos_early_stop,1000,0.6,relative_to_equal,2320891691,"[1045689996, 3321420789]",300039.0,512,1500,32,False,False,NOT_ATTEMPTED,False,,,,,,,,,,,,,,,,,,,,,,,,,,,,,,,,,
c040,4,SERIOUS_DEVELOPMENT,CLEAN_STRUCTURAL_J5,J5-GPT2T-INFER4,0006923b7ac0a841392d0e6a66d708241e42c9acb26c5ba4afab8ecd9d312d8f,5,eb81c25c7a39649779c3b30e8765fccc887168e348fb30bc3c9dad42694785d2,controlled_development_v2,v3_only,1000,0.6,relative_to_equal,2481344422,"[665341577, 2680651571]",300040.0,512,1500,1,False,False,NOT_ATTEMPTED,False,,,,,,,,,,,,,,,,,,,,,,,,,,,,,,,,,
c040,4,SERIOUS_DEVELOPMENT,CLEAN_STRUCTURAL_J5,J5-GPT2T-INFER4,0006923b7ac0a841392d0e6a66d708241e42c9acb26c5ba4afab8ecd9d312d8f,5,eb81c25c7a39649779c3b30e8765fccc887168e348fb30bc3c9dad42694785d2,controlled_development_v2,v3_fixed_probing,1000,0.6,relative_to_equal,2481344422,"[665341577, 2680651571]",300040.0,512,1500,32,False,False,NOT_ATTEMPTED,False,,,,,,,,,,,,,,,,,,,,,,,,,,,,,,,,,
c040,4,SERIOUS_DEVELOPMENT,CLEAN_STRUCTURAL_J5,J5-GPT2T-INFER4,0006923b7ac0a841392d0e6a66d708241e42c9acb26c5ba4afab8ecd9d312d8f,5,eb81c25c7a39649779c3b30e8765fccc887168e348fb30bc3c9dad42694785d2,controlled_development_v2,simulator_only_adaptive,1000,0.6,relative_to_equal,2481344422,"[665341577, 2680651571]",,0,0,32,False,False,NOT_ATTEMPTED,False,,,,,,,,,,,,,,,,,,,,,,,,,,,,,,,,,
c040,4,SERIOUS_DEVELOPMENT,CLEAN_STRUCTURAL_J5,J5-GPT2T-INFER4,0006923b7ac0a841392d0e6a66d708241e42c9acb26c5ba4afab8ecd9d312d8f,5,eb81c25c7a39649779c3b30e8765fccc887168e348fb30bc3c9dad42694785d2,controlled_development_v2,argos_fixed_budget,1000,0.6,relative_to_equal,2481344422,"[665341577, 2680651571]",300040.0,512,1500,32,False,False,NOT_ATTEMPTED,False,,,,,,,,,,,,,,,,,,,,,,,,,,,,,,,,,
c040,4,SERIOUS_DEVELOPMENT,CLEAN_STRUCTURAL_J5,J5-GPT2T-INFER4,0006923b7ac0a841392d0e6a66d708241e42c9acb26c5ba4afab8ecd9d312d8f,5,eb81c25c7a39649779c3b30e8765fccc887168e348fb30bc3c9dad42694785d2,controlled_development_v2,argos_early_stop,1000,0.6,relative_to_equal,2481344422,"[665341577, 2680651571]",300040.0,512,1500,32,False,False,NOT_ATTEMPTED,False,,,,,,,,,,,,,,,,,,,,,,,,,,,,,,,,,
c041,4,SERIOUS_DEVELOPMENT,CLEAN_STRUCTURAL_J6,J6-RGL,572bf52b0c4d7ee1731c008c894e7be1f8767d4f804a4527cdf3e589b966c6c8,6,41e94e6b072bbd007884b1a6883686d0eaa4c279768ab15ec31137fed74c377d,controlled_development_v2,v3_only,1000,0.6,relative_to_equal,2599494236,"[1738068943, 1348666699]",300041.0,512,1500,1,False,False,NOT_ATTEMPTED,False,,,,,,,,,,,,,,,,,,,,,,,,,,,,,,,,,
c041,4,SERIOUS_DEVELOPMENT,CLEAN_STRUCTURAL_J6,J6-RGL,572bf52b0c4d7ee1731c008c894e7be1f8767d4f804a4527cdf3e589b966c6c8,6,41e94e6b072bbd007884b1a6883686d0eaa4c279768ab15ec31137fed74c377d,controlled_development_v2,v3_fixed_probing,1000,0.6,relative_to_equal,2599494236,"[1738068943, 1348666699]",300041.0,512,1500,32,False,False,NOT_ATTEMPTED,False,,,,,,,,,,,,,,,,,,,,,,,,,,,,,,,,,
c041,4,SERIOUS_DEVELOPMENT,CLEAN_STRUCTURAL_J6,J6-RGL,572bf52b0c4d7ee1731c008c894e7be1f8767d4f804a4527cdf3e589b966c6c8,6,41e94e6b072bbd007884b1a6883686d0eaa4c279768ab15ec31137fed74c377d,controlled_development_v2,simulator_only_adaptive,1000,0.6,relative_to_equal,2599494236,"[1738068943, 1348666699]",,0,0,32,False,False,NOT_ATTEMPTED,False,,,,,,,,,,,,,,,,,,,,,,,,,,,,,,,,,
c041,4,SERIOUS_DEVELOPMENT,CLEAN_STRUCTURAL_J6,J6-RGL,572bf52b0c4d7ee1731c008c894e7be1f8767d4f804a4527cdf3e589b966c6c8,6,41e94e6b072bbd007884b1a6883686d0eaa4c279768ab15ec31137fed74c377d,controlled_development_v2,argos_fixed_budget,1000,0.6,relative_to_equal,2599494236,"[1738068943, 1348666699]",300041.0,512,1500,32,False,False,NOT_ATTEMPTED,False,,,,,,,,,,,,,,,,,,,,,,,,,,,,,,,,,
c041,4,SERIOUS_DEVELOPMENT,CLEAN_STRUCTURAL_J6,J6-RGL,572bf52b0c4d7ee1731c008c894e7be1f8767d4f804a4527cdf3e589b966c6c8,6,41e94e6b072bbd007884b1a6883686d0eaa4c279768ab15ec31137fed74c377d,controlled_development_v2,argos_early_stop,1000,0.6,relative_to_equal,2599494236,"[1738068943, 1348666699]",300041.0,512,1500,32,False,False,NOT_ATTEMPTED,False,,,,,,,,,,,,,,,,,,,,,,,,,,,,,,,,,
c042,4,SERIOUS_DEVELOPMENT,CLEAN_STRUCTURAL_J8,J8-ALL,bc5c63764faf4354d023d1b81de6c7f2b26ddedadce2f1a61ef1d0ffa6765ab9,8,7be4dbb2d7f071749ab542d1d7fcd0481e19d80d8fb97f8576ac4eea281feb03,controlled_development_v2,v3_only,1000,0.6,relative_to_equal,2775575669,"[105184020, 2793803676]",300042.0,512,1500,1,False,False,NOT_ATTEMPTED,False,,,,,,,,,,,,,,,,,,,,,,,,,,,,,,,,,
c042,4,SERIOUS_DEVELOPMENT,CLEAN_STRUCTURAL_J8,J8-ALL,bc5c63764faf4354d023d1b81de6c7f2b26ddedadce2f1a61ef1d0ffa6765ab9,8,7be4dbb2d7f071749ab542d1d7fcd0481e19d80d8fb97f8576ac4eea281feb03,controlled_development_v2,v3_fixed_probing,1000,0.6,relative_to_equal,2775575669,"[105184020, 2793803676]",300042.0,512,1500,32,False,False,NOT_ATTEMPTED,False,,,,,,,,,,,,,,,,,,,,,,,,,,,,,,,,,
c042,4,SERIOUS_DEVELOPMENT,CLEAN_STRUCTURAL_J8,J8-ALL,bc5c63764faf4354d023d1b81de6c7f2b26ddedadce2f1a61ef1d0ffa6765ab9,8,7be4dbb2d7f071749ab542d1d7fcd0481e19d80d8fb97f8576ac4eea281feb03,controlled_development_v2,simulator_only_adaptive,1000,0.6,relative_to_equal,2775575669,"[105184020, 2793803676]",,0,0,32,False,False,NOT_ATTEMPTED,False,,,,,,,,,,,,,,,,,,,,,,,,,,,,,,,,,
c042,4,SERIOUS_DEVELOPMENT,CLEAN_STRUCTURAL_J8,J8-ALL,bc5c63764faf4354d023d1b81de6c7f2b26ddedadce2f1a61ef1d0ffa6765ab9,8,7be4dbb2d7f071749ab542d1d7fcd0481e19d80d8fb97f8576ac4eea281feb03,controlled_development_v2,argos_fixed_budget,1000,0.6,relative_to_equal,2775575669,"[105184020, 2793803676]",300042.0,512,1500,32,False,False,NOT_ATTEMPTED,False,,,,,,,,,,,,,,,,,,,,,,,,,,,,,,,,,
c042,4,SERIOUS_DEVELOPMENT,CLEAN_STRUCTURAL_J8,J8-ALL,bc5c63764faf4354d023d1b81de6c7f2b26ddedadce2f1a61ef1d0ffa6765ab9,8,7be4dbb2d7f071749ab542d1d7fcd0481e19d80d8fb97f8576ac4eea281feb03,controlled_development_v2,argos_early_stop,1000,0.6,relative_to_equal,2775575669,"[105184020, 2793803676]",300042.0,512,1500,32,False,False,NOT_ATTEMPTED,False,,,,,,,,,,,,,,,,,,,,,,,,,,,,,,,,,
c043,5,SERIOUS_DEVELOPMENT,OPERATING_INTERPOLATION_LIKE,W1-train-qos4444,27337bc0143e9b41efcc0970ac953ecfd9a82ba65222fcf09677ff55b58e3d09,4,ac246f1ae2ab5d936cd97f121ee5dd32fe74f0afa2a37053b04906fad619daca,controlled_development_v2,v3_only,500,0.7,fixed,2204906402,"[2087567926, 2781028399]",300043.0,512,1500,1,False,False,NOT_ATTEMPTED,False,,,,,,,,,,,,,,,,,,,,,,,,,,,,,,,,,
c043,5,SERIOUS_DEVELOPMENT,OPERATING_INTERPOLATION_LIKE,W1-train-qos4444,27337bc0143e9b41efcc0970ac953ecfd9a82ba65222fcf09677ff55b58e3d09,4,ac246f1ae2ab5d936cd97f121ee5dd32fe74f0afa2a37053b04906fad619daca,controlled_development_v2,simulator_only_adaptive,500,0.7,fixed,2204906402,"[2087567926, 2781028399]",,0,0,32,False,False,NOT_ATTEMPTED,False,,,,,,,,,,,,,,,,,,,,,,,,,,,,,,,,,
c043,5,SERIOUS_DEVELOPMENT,OPERATING_INTERPOLATION_LIKE,W1-train-qos4444,27337bc0143e9b41efcc0970ac953ecfd9a82ba65222fcf09677ff55b58e3d09,4,ac246f1ae2ab5d936cd97f121ee5dd32fe74f0afa2a37053b04906fad619daca,controlled_development_v2,argos_fixed_budget,500,0.7,fixed,2204906402,"[2087567926, 2781028399]",300043.0,512,1500,32,False,False,NOT_ATTEMPTED,False,,,,,,,,,,,,,,,,,,,,,,,,,,,,,,,,,
c044,5,SERIOUS_DEVELOPMENT,OPERATING_EXTRAPOLATION_LIKE,W1-train-qos4444,27337bc0143e9b41efcc0970ac953ecfd9a82ba65222fcf09677ff55b58e3d09,4,ac246f1ae2ab5d936cd97f121ee5dd32fe74f0afa2a37053b04906fad619daca,controlled_development_v2,v3_only,1500,0.9,fixed,919179145,"[3376372278, 1795904786]",300044.0,512,1500,1,False,False,NOT_ATTEMPTED,False,,,,,,,,,,,,,,,,,,,,,,,,,,,,,,,,,
c044,5,SERIOUS_DEVELOPMENT,OPERATING_EXTRAPOLATION_LIKE,W1-train-qos4444,27337bc0143e9b41efcc0970ac953ecfd9a82ba65222fcf09677ff55b58e3d09,4,ac246f1ae2ab5d936cd97f121ee5dd32fe74f0afa2a37053b04906fad619daca,controlled_development_v2,simulator_only_adaptive,1500,0.9,fixed,919179145,"[3376372278, 1795904786]",,0,0,32,False,False,NOT_ATTEMPTED,False,,,,,,,,,,,,,,,,,,,,,,,,,,,,,,,,,
c044,5,SERIOUS_DEVELOPMENT,OPERATING_EXTRAPOLATION_LIKE,W1-train-qos4444,27337bc0143e9b41efcc0970ac953ecfd9a82ba65222fcf09677ff55b58e3d09,4,ac246f1ae2ab5d936cd97f121ee5dd32fe74f0afa2a37053b04906fad619daca,controlled_development_v2,argos_fixed_budget,1500,0.9,fixed,919179145,"[3376372278, 1795904786]",300044.0,512,1500,32,False,False,NOT_ATTEMPTED,False,,,,,,,,,,,,,,,,,,,,,,,,,,,,,,,,,
c045,5,SERIOUS_DEVELOPMENT,OPERATING_INTERPOLATION_LIKE,W2-short-qos5555,086a98b3cf7733c3ac08220bb606ca59e6c583cefb06b59518ebc706856cfdeb,4,97c8b3096063c04d4aafc76d33f0b603180e499eee1d6033cea9b61570817f99,controlled_development_v2,v3_only,500,0.7,fixed,3494485554,"[433594012, 3683715625]",300045.0,512,1500,1,False,False,NOT_ATTEMPTED,False,,,,,,,,,,,,,,,,,,,,,,,,,,,,,,,,,
c045,5,SERIOUS_DEVELOPMENT,OPERATING_INTERPOLATION_LIKE,W2-short-qos5555,086a98b3cf7733c3ac08220bb606ca59e6c583cefb06b59518ebc706856cfdeb,4,97c8b3096063c04d4aafc76d33f0b603180e499eee1d6033cea9b61570817f99,controlled_development_v2,simulator_only_adaptive,500,0.7,fixed,3494485554,"[433594012, 3683715625]",,0,0,32,False,False,NOT_ATTEMPTED,False,,,,,,,,,,,,,,,,,,,,,,,,,,,,,,,,,
c045,5,SERIOUS_DEVELOPMENT,OPERATING_INTERPOLATION_LIKE,W2-short-qos5555,086a98b3cf7733c3ac08220bb606ca59e6c583cefb06b59518ebc706856cfdeb,4,97c8b3096063c04d4aafc76d33f0b603180e499eee1d6033cea9b61570817f99,controlled_development_v2,argos_fixed_budget,500,0.7,fixed,3494485554,"[433594012, 3683715625]",300045.0,512,1500,32,False,False,NOT_ATTEMPTED,False,,,,,,,,,,,,,,,,,,,,,,,,,,,,,,,,,
c046,5,SERIOUS_DEVELOPMENT,OPERATING_EXTRAPOLATION_LIKE,W2-short-qos5555,086a98b3cf7733c3ac08220bb606ca59e6c583cefb06b59518ebc706856cfdeb,4,97c8b3096063c04d4aafc76d33f0b603180e499eee1d6033cea9b61570817f99,controlled_development_v2,v3_only,1500,0.9,fixed,2349022060,"[3598653220, 3536957313]",300046.0,512,1500,1,False,False,NOT_ATTEMPTED,False,,,,,,,,,,,,,,,,,,,,,,,,,,,,,,,,,
c046,5,SERIOUS_DEVELOPMENT,OPERATING_EXTRAPOLATION_LIKE,W2-short-qos5555,086a98b3cf7733c3ac08220bb606ca59e6c583cefb06b59518ebc706856cfdeb,4,97c8b3096063c04d4aafc76d33f0b603180e499eee1d6033cea9b61570817f99,controlled_development_v2,simulator_only_adaptive,1500,0.9,fixed,2349022060,"[3598653220, 3536957313]",,0,0,32,False,False,NOT_ATTEMPTED,False,,,,,,,,,,,,,,,,,,,,,,,,,,,,,,,,,
c046,5,SERIOUS_DEVELOPMENT,OPERATING_EXTRAPOLATION_LIKE,W2-short-qos5555,086a98b3cf7733c3ac08220bb606ca59e6c583cefb06b59518ebc706856cfdeb,4,97c8b3096063c04d4aafc76d33f0b603180e499eee1d6033cea9b61570817f99,controlled_development_v2,argos_fixed_budget,1500,0.9,fixed,2349022060,"[3598653220, 3536957313]",300046.0,512,1500,32,False,False,NOT_ATTEMPTED,False,,,,,,,,,,,,,,,,,,,,,,,,,,,,,,,,,
